run_name,source,target,seed,true_class,pred_class,count
AT1_to_DK1_seed1,AT1,DK1,1,corn,corn,537
AT1_to_DK1_seed1,AT1,DK1,1,corn,horsebeans,5
AT1_to_DK1_seed1,AT1,DK1,1,corn,meadow,201
AT1_to_DK1_seed1,AT1,DK1,1,corn,spring_barley,3
AT1_to_DK1_seed1,AT1,DK1,1,corn,spring_oat,7
AT1_to_DK1_seed1,AT1,DK1,1,corn,winter_barley,0
AT1_to_DK1_seed1,AT1,DK1,1,corn,winter_rapeseed,0
AT1_to_DK1_seed1,AT1,DK1,1,corn,winter_rye,1
AT1_to_DK1_seed1,AT1,DK1,1,corn,winter_triticale,0
AT1_to_DK1_seed1,AT1,DK1,1,corn,winter_wheat,20
AT1_to_DK1_seed1,AT1,DK1,1,horsebeans,corn,12
AT1_to_DK1_seed1,AT1,DK1,1,horsebeans,horsebeans,6
AT1_to_DK1_seed1,AT1,DK1,1,horsebeans,meadow,31
AT1_to_DK1_seed1,AT1,DK1,1,horsebeans,spring_barley,2
AT1_to_DK1_seed1,AT1,DK1,1,horsebeans,spring_oat,11
AT1_to_DK1_seed1,AT1,DK1,1,horsebeans,winter_barley,0
AT1_to_DK1_seed1,AT1,DK1,1,horsebeans,winter_rapeseed,0
AT1_to_DK1_seed1,AT1,DK1,1,horsebeans,winter_rye,0
AT1_to_DK1_seed1,AT1,DK1,1,horsebeans,winter_triticale,0
AT1_to_DK1_seed1,AT1,DK1,1,horsebeans,winter_wheat,0
AT1_to_DK1_seed1,AT1,DK1,1,meadow,corn,20
AT1_to_DK1_seed1,AT1,DK1,1,meadow,horsebeans,8
AT1_to_DK1_seed1,AT1,DK1,1,meadow,meadow,2340
AT1_to_DK1_seed1,AT1,DK1,1,meadow,spring_barley,6
AT1_to_DK1_seed1,AT1,DK1,1,meadow,spring_oat,18
AT1_to_DK1_seed1,AT1,DK1,1,meadow,winter_barley,5
AT1_to_DK1_seed1,AT1,DK1,1,meadow,winter_rapeseed,0
AT1_to_DK1_seed1,AT1,DK1,1,meadow,winter_rye,7
AT1_to_DK1_seed1,AT1,DK1,1,meadow,winter_triticale,34
AT1_to_DK1_seed1,AT1,DK1,1,meadow,winter_wheat,42
AT1_to_DK1_seed1,AT1,DK1,1,spring_barley,corn,94
AT1_to_DK1_seed1,AT1,DK1,1,spring_barley,horsebeans,497
AT1_to_DK1_seed1,AT1,DK1,1,spring_barley,meadow,624
AT1_to_DK1_seed1,AT1,DK1,1,spring_barley,spring_barley,430
AT1_to_DK1_seed1,AT1,DK1,1,spring_barley,spring_oat,893
AT1_to_DK1_seed1,AT1,DK1,1,spring_barley,winter_barley,1
AT1_to_DK1_seed1,AT1,DK1,1,spring_barley,winter_rapeseed,1
AT1_to_DK1_seed1,AT1,DK1,1,spring_barley,winter_rye,21
AT1_to_DK1_seed1,AT1,DK1,1,spring_barley,winter_triticale,16
AT1_to_DK1_seed1,AT1,DK1,1,spring_barley,winter_wheat,182
AT1_to_DK1_seed1,AT1,DK1,1,spring_oat,corn,34
AT1_to_DK1_seed1,AT1,DK1,1,spring_oat,horsebeans,67
AT1_to_DK1_seed1,AT1,DK1,1,spring_oat,meadow,123
AT1_to_DK1_seed1,AT1,DK1,1,spring_oat,spring_barley,35
AT1_to_DK1_seed1,AT1,DK1,1,spring_oat,spring_oat,80
AT1_to_DK1_seed1,AT1,DK1,1,spring_oat,winter_barley,0
AT1_to_DK1_seed1,AT1,DK1,1,spring_oat,winter_rapeseed,0
AT1_to_DK1_seed1,AT1,DK1,1,spring_oat,winter_rye,3
AT1_to_DK1_seed1,AT1,DK1,1,spring_oat,winter_triticale,1
AT1_to_DK1_seed1,AT1,DK1,1,spring_oat,winter_wheat,16
AT1_to_DK1_seed1,AT1,DK1,1,winter_barley,corn,12
AT1_to_DK1_seed1,AT1,DK1,1,winter_barley,horsebeans,2
AT1_to_DK1_seed1,AT1,DK1,1,winter_barley,meadow,138
AT1_to_DK1_seed1,AT1,DK1,1,winter_barley,spring_barley,7
AT1_to_DK1_seed1,AT1,DK1,1,winter_barley,spring_oat,4
AT1_to_DK1_seed1,AT1,DK1,1,winter_barley,winter_barley,199
AT1_to_DK1_seed1,AT1,DK1,1,winter_barley,winter_rapeseed,0
AT1_to_DK1_seed1,AT1,DK1,1,winter_barley,winter_rye,93
AT1_to_DK1_seed1,AT1,DK1,1,winter_barley,winter_triticale,94
AT1_to_DK1_seed1,AT1,DK1,1,winter_barley,winter_wheat,210
AT1_to_DK1_seed1,AT1,DK1,1,winter_rapeseed,corn,3
AT1_to_DK1_seed1,AT1,DK1,1,winter_rapeseed,horsebeans,2
AT1_to_DK1_seed1,AT1,DK1,1,winter_rapeseed,meadow,381
AT1_to_DK1_seed1,AT1,DK1,1,winter_rapeseed,spring_barley,1
AT1_to_DK1_seed1,AT1,DK1,1,winter_rapeseed,spring_oat,2
AT1_to_DK1_seed1,AT1,DK1,1,winter_rapeseed,winter_barley,6
AT1_to_DK1_seed1,AT1,DK1,1,winter_rapeseed,winter_rapeseed,21
AT1_to_DK1_seed1,AT1,DK1,1,winter_rapeseed,winter_rye,96
AT1_to_DK1_seed1,AT1,DK1,1,winter_rapeseed,winter_triticale,56
AT1_to_DK1_seed1,AT1,DK1,1,winter_rapeseed,winter_wheat,27
AT1_to_DK1_seed1,AT1,DK1,1,winter_rye,corn,26
AT1_to_DK1_seed1,AT1,DK1,1,winter_rye,horsebeans,6
AT1_to_DK1_seed1,AT1,DK1,1,winter_rye,meadow,363
AT1_to_DK1_seed1,AT1,DK1,1,winter_rye,spring_barley,4
AT1_to_DK1_seed1,AT1,DK1,1,winter_rye,spring_oat,9
AT1_to_DK1_seed1,AT1,DK1,1,winter_rye,winter_barley,3
AT1_to_DK1_seed1,AT1,DK1,1,winter_rye,winter_rapeseed,0
AT1_to_DK1_seed1,AT1,DK1,1,winter_rye,winter_rye,122
AT1_to_DK1_seed1,AT1,DK1,1,winter_rye,winter_triticale,57
AT1_to_DK1_seed1,AT1,DK1,1,winter_rye,winter_wheat,178
AT1_to_DK1_seed1,AT1,DK1,1,winter_triticale,corn,0
AT1_to_DK1_seed1,AT1,DK1,1,winter_triticale,horsebeans,1
AT1_to_DK1_seed1,AT1,DK1,1,winter_triticale,meadow,34
AT1_to_DK1_seed1,AT1,DK1,1,winter_triticale,spring_barley,0
AT1_to_DK1_seed1,AT1,DK1,1,winter_triticale,spring_oat,0
AT1_to_DK1_seed1,AT1,DK1,1,winter_triticale,winter_barley,4
AT1_to_DK1_seed1,AT1,DK1,1,winter_triticale,winter_rapeseed,0
AT1_to_DK1_seed1,AT1,DK1,1,winter_triticale,winter_rye,6
AT1_to_DK1_seed1,AT1,DK1,1,winter_triticale,winter_triticale,20
AT1_to_DK1_seed1,AT1,DK1,1,winter_triticale,winter_wheat,26
AT1_to_DK1_seed1,AT1,DK1,1,winter_wheat,corn,73
AT1_to_DK1_seed1,AT1,DK1,1,winter_wheat,horsebeans,38
AT1_to_DK1_seed1,AT1,DK1,1,winter_wheat,meadow,503
AT1_to_DK1_seed1,AT1,DK1,1,winter_wheat,spring_barley,16
AT1_to_DK1_seed1,AT1,DK1,1,winter_wheat,spring_oat,17
AT1_to_DK1_seed1,AT1,DK1,1,winter_wheat,winter_barley,5
AT1_to_DK1_seed1,AT1,DK1,1,winter_wheat,winter_rapeseed,0
AT1_to_DK1_seed1,AT1,DK1,1,winter_wheat,winter_rye,75
AT1_to_DK1_seed1,AT1,DK1,1,winter_wheat,winter_triticale,77
AT1_to_DK1_seed1,AT1,DK1,1,winter_wheat,winter_wheat,1183
AT1_to_DK1_seed2,AT1,DK1,2,corn,corn,600
AT1_to_DK1_seed2,AT1,DK1,2,corn,horsebeans,30
AT1_to_DK1_seed2,AT1,DK1,2,corn,meadow,88
AT1_to_DK1_seed2,AT1,DK1,2,corn,spring_barley,13
AT1_to_DK1_seed2,AT1,DK1,2,corn,spring_oat,27
AT1_to_DK1_seed2,AT1,DK1,2,corn,winter_barley,8
AT1_to_DK1_seed2,AT1,DK1,2,corn,winter_rapeseed,0
AT1_to_DK1_seed2,AT1,DK1,2,corn,winter_rye,0
AT1_to_DK1_seed2,AT1,DK1,2,corn,winter_triticale,12
AT1_to_DK1_seed2,AT1,DK1,2,corn,winter_wheat,36
AT1_to_DK1_seed2,AT1,DK1,2,horsebeans,corn,25
AT1_to_DK1_seed2,AT1,DK1,2,horsebeans,horsebeans,20
AT1_to_DK1_seed2,AT1,DK1,2,horsebeans,meadow,19
AT1_to_DK1_seed2,AT1,DK1,2,horsebeans,spring_barley,1
AT1_to_DK1_seed2,AT1,DK1,2,horsebeans,spring_oat,5
AT1_to_DK1_seed2,AT1,DK1,2,horsebeans,winter_barley,0
AT1_to_DK1_seed2,AT1,DK1,2,horsebeans,winter_rapeseed,0
AT1_to_DK1_seed2,AT1,DK1,2,horsebeans,winter_rye,0
AT1_to_DK1_seed2,AT1,DK1,2,horsebeans,winter_triticale,0
AT1_to_DK1_seed2,AT1,DK1,2,horsebeans,winter_wheat,0
AT1_to_DK1_seed2,AT1,DK1,2,meadow,corn,2
AT1_to_DK1_seed2,AT1,DK1,2,meadow,horsebeans,3
AT1_to_DK1_seed2,AT1,DK1,2,meadow,meadow,2007
AT1_to_DK1_seed2,AT1,DK1,2,meadow,spring_barley,6
AT1_to_DK1_seed2,AT1,DK1,2,meadow,spring_oat,68
AT1_to_DK1_seed2,AT1,DK1,2,meadow,winter_barley,175
AT1_to_DK1_seed2,AT1,DK1,2,meadow,winter_rapeseed,3
AT1_to_DK1_seed2,AT1,DK1,2,meadow,winter_rye,23
AT1_to_DK1_seed2,AT1,DK1,2,meadow,winter_triticale,191
AT1_to_DK1_seed2,AT1,DK1,2,meadow,winter_wheat,31
AT1_to_DK1_seed2,AT1,DK1,2,spring_barley,corn,70
AT1_to_DK1_seed2,AT1,DK1,2,spring_barley,horsebeans,432
AT1_to_DK1_seed2,AT1,DK1,2,spring_barley,meadow,321
AT1_to_DK1_seed2,AT1,DK1,2,spring_barley,spring_barley,344
AT1_to_DK1_seed2,AT1,DK1,2,spring_barley,spring_oat,1341
AT1_to_DK1_seed2,AT1,DK1,2,spring_barley,winter_barley,45
AT1_to_DK1_seed2,AT1,DK1,2,spring_barley,winter_rapeseed,4
AT1_to_DK1_seed2,AT1,DK1,2,spring_barley,winter_rye,16
AT1_to_DK1_seed2,AT1,DK1,2,spring_barley,winter_triticale,74
AT1_to_DK1_seed2,AT1,DK1,2,spring_barley,winter_wheat,117
AT1_to_DK1_seed2,AT1,DK1,2,spring_oat,corn,22
AT1_to_DK1_seed2,AT1,DK1,2,spring_oat,horsebeans,32
AT1_to_DK1_seed2,AT1,DK1,2,spring_oat,meadow,62
AT1_to_DK1_seed2,AT1,DK1,2,spring_oat,spring_barley,19
AT1_to_DK1_seed2,AT1,DK1,2,spring_oat,spring_oat,141
AT1_to_DK1_seed2,AT1,DK1,2,spring_oat,winter_barley,7
AT1_to_DK1_seed2,AT1,DK1,2,spring_oat,winter_rapeseed,1
AT1_to_DK1_seed2,AT1,DK1,2,spring_oat,winter_rye,0
AT1_to_DK1_seed2,AT1,DK1,2,spring_oat,winter_triticale,3
AT1_to_DK1_seed2,AT1,DK1,2,spring_oat,winter_wheat,13
AT1_to_DK1_seed2,AT1,DK1,2,winter_barley,corn,1
AT1_to_DK1_seed2,AT1,DK1,2,winter_barley,horsebeans,2
AT1_to_DK1_seed2,AT1,DK1,2,winter_barley,meadow,20
AT1_to_DK1_seed2,AT1,DK1,2,winter_barley,spring_barley,2
AT1_to_DK1_seed2,AT1,DK1,2,winter_barley,spring_oat,5
AT1_to_DK1_seed2,AT1,DK1,2,winter_barley,winter_barley,282
AT1_to_DK1_seed2,AT1,DK1,2,winter_barley,winter_rapeseed,4
AT1_to_DK1_seed2,AT1,DK1,2,winter_barley,winter_rye,120
AT1_to_DK1_seed2,AT1,DK1,2,winter_barley,winter_triticale,215
AT1_to_DK1_seed2,AT1,DK1,2,winter_barley,winter_wheat,95
AT1_to_DK1_seed2,AT1,DK1,2,winter_rapeseed,corn,0
AT1_to_DK1_seed2,AT1,DK1,2,winter_rapeseed,horsebeans,4
AT1_to_DK1_seed2,AT1,DK1,2,winter_rapeseed,meadow,139
AT1_to_DK1_seed2,AT1,DK1,2,winter_rapeseed,spring_barley,3
AT1_to_DK1_seed2,AT1,DK1,2,winter_rapeseed,spring_oat,2
AT1_to_DK1_seed2,AT1,DK1,2,winter_rapeseed,winter_barley,37
AT1_to_DK1_seed2,AT1,DK1,2,winter_rapeseed,winter_rapeseed,131
AT1_to_DK1_seed2,AT1,DK1,2,winter_rapeseed,winter_rye,170
AT1_to_DK1_seed2,AT1,DK1,2,winter_rapeseed,winter_triticale,85
AT1_to_DK1_seed2,AT1,DK1,2,winter_rapeseed,winter_wheat,15
AT1_to_DK1_seed2,AT1,DK1,2,winter_rye,corn,3
AT1_to_DK1_seed2,AT1,DK1,2,winter_rye,horsebeans,4
AT1_to_DK1_seed2,AT1,DK1,2,winter_rye,meadow,85
AT1_to_DK1_seed2,AT1,DK1,2,winter_rye,spring_barley,4
AT1_to_DK1_seed2,AT1,DK1,2,winter_rye,spring_oat,19
AT1_to_DK1_seed2,AT1,DK1,2,winter_rye,winter_barley,68
AT1_to_DK1_seed2,AT1,DK1,2,winter_rye,winter_rapeseed,4
AT1_to_DK1_seed2,AT1,DK1,2,winter_rye,winter_rye,223
AT1_to_DK1_seed2,AT1,DK1,2,winter_rye,winter_triticale,208
AT1_to_DK1_seed2,AT1,DK1,2,winter_rye,winter_wheat,155
AT1_to_DK1_seed2,AT1,DK1,2,winter_triticale,corn,0
AT1_to_DK1_seed2,AT1,DK1,2,winter_triticale,horsebeans,0
AT1_to_DK1_seed2,AT1,DK1,2,winter_triticale,meadow,12
AT1_to_DK1_seed2,AT1,DK1,2,winter_triticale,spring_barley,0
AT1_to_DK1_seed2,AT1,DK1,2,winter_triticale,spring_oat,3
AT1_to_DK1_seed2,AT1,DK1,2,winter_triticale,winter_barley,2
AT1_to_DK1_seed2,AT1,DK1,2,winter_triticale,winter_rapeseed,0
AT1_to_DK1_seed2,AT1,DK1,2,winter_triticale,winter_rye,10
AT1_to_DK1_seed2,AT1,DK1,2,winter_triticale,winter_triticale,37
AT1_to_DK1_seed2,AT1,DK1,2,winter_triticale,winter_wheat,28
AT1_to_DK1_seed2,AT1,DK1,2,winter_wheat,corn,7
AT1_to_DK1_seed2,AT1,DK1,2,winter_wheat,horsebeans,23
AT1_to_DK1_seed2,AT1,DK1,2,winter_wheat,meadow,99
AT1_to_DK1_seed2,AT1,DK1,2,winter_wheat,spring_barley,3
AT1_to_DK1_seed2,AT1,DK1,2,winter_wheat,spring_oat,36
AT1_to_DK1_seed2,AT1,DK1,2,winter_wheat,winter_barley,107
AT1_to_DK1_seed2,AT1,DK1,2,winter_wheat,winter_rapeseed,2
AT1_to_DK1_seed2,AT1,DK1,2,winter_wheat,winter_rye,97
AT1_to_DK1_seed2,AT1,DK1,2,winter_wheat,winter_triticale,399
AT1_to_DK1_seed2,AT1,DK1,2,winter_wheat,winter_wheat,1207
AT1_to_DK1_seed3,AT1,DK1,3,corn,corn,585
AT1_to_DK1_seed3,AT1,DK1,3,corn,horsebeans,0
AT1_to_DK1_seed3,AT1,DK1,3,corn,meadow,198
AT1_to_DK1_seed3,AT1,DK1,3,corn,spring_barley,0
AT1_to_DK1_seed3,AT1,DK1,3,corn,spring_oat,1
AT1_to_DK1_seed3,AT1,DK1,3,corn,winter_barley,2
AT1_to_DK1_seed3,AT1,DK1,3,corn,winter_rapeseed,0
AT1_to_DK1_seed3,AT1,DK1,3,corn,winter_rye,0
AT1_to_DK1_seed3,AT1,DK1,3,corn,winter_triticale,0
AT1_to_DK1_seed3,AT1,DK1,3,corn,winter_wheat,0
AT1_to_DK1_seed3,AT1,DK1,3,horsebeans,corn,11
AT1_to_DK1_seed3,AT1,DK1,3,horsebeans,horsebeans,3
AT1_to_DK1_seed3,AT1,DK1,3,horsebeans,meadow,45
AT1_to_DK1_seed3,AT1,DK1,3,horsebeans,spring_barley,1
AT1_to_DK1_seed3,AT1,DK1,3,horsebeans,spring_oat,0
AT1_to_DK1_seed3,AT1,DK1,3,horsebeans,winter_barley,0
AT1_to_DK1_seed3,AT1,DK1,3,horsebeans,winter_rapeseed,0
AT1_to_DK1_seed3,AT1,DK1,3,horsebeans,winter_rye,0
AT1_to_DK1_seed3,AT1,DK1,3,horsebeans,winter_triticale,0
AT1_to_DK1_seed3,AT1,DK1,3,horsebeans,winter_wheat,0
AT1_to_DK1_seed3,AT1,DK1,3,meadow,corn,57
AT1_to_DK1_seed3,AT1,DK1,3,meadow,horsebeans,0
AT1_to_DK1_seed3,AT1,DK1,3,meadow,meadow,2457
AT1_to_DK1_seed3,AT1,DK1,3,meadow,spring_barley,0
AT1_to_DK1_seed3,AT1,DK1,3,meadow,spring_oat,0
AT1_to_DK1_seed3,AT1,DK1,3,meadow,winter_barley,14
AT1_to_DK1_seed3,AT1,DK1,3,meadow,winter_rapeseed,0
AT1_to_DK1_seed3,AT1,DK1,3,meadow,winter_rye,1
AT1_to_DK1_seed3,AT1,DK1,3,meadow,winter_triticale,10
AT1_to_DK1_seed3,AT1,DK1,3,meadow,winter_wheat,6
AT1_to_DK1_seed3,AT1,DK1,3,spring_barley,corn,356
AT1_to_DK1_seed3,AT1,DK1,3,spring_barley,horsebeans,117
AT1_to_DK1_seed3,AT1,DK1,3,spring_barley,meadow,1536
AT1_to_DK1_seed3,AT1,DK1,3,spring_barley,spring_barley,289
AT1_to_DK1_seed3,AT1,DK1,3,spring_barley,spring_oat,402
AT1_to_DK1_seed3,AT1,DK1,3,spring_barley,winter_barley,18
AT1_to_DK1_seed3,AT1,DK1,3,spring_barley,winter_rapeseed,0
AT1_to_DK1_seed3,AT1,DK1,3,spring_barley,winter_rye,4
AT1_to_DK1_seed3,AT1,DK1,3,spring_barley,winter_triticale,14
AT1_to_DK1_seed3,AT1,DK1,3,spring_barley,winter_wheat,6
AT1_to_DK1_seed3,AT1,DK1,3,spring_oat,corn,105
AT1_to_DK1_seed3,AT1,DK1,3,spring_oat,horsebeans,17
AT1_to_DK1_seed3,AT1,DK1,3,spring_oat,meadow,164
AT1_to_DK1_seed3,AT1,DK1,3,spring_oat,spring_barley,24
AT1_to_DK1_seed3,AT1,DK1,3,spring_oat,spring_oat,17
AT1_to_DK1_seed3,AT1,DK1,3,spring_oat,winter_barley,0
AT1_to_DK1_seed3,AT1,DK1,3,spring_oat,winter_rapeseed,0
AT1_to_DK1_seed3,AT1,DK1,3,spring_oat,winter_rye,0
AT1_to_DK1_seed3,AT1,DK1,3,spring_oat,winter_triticale,1
AT1_to_DK1_seed3,AT1,DK1,3,spring_oat,winter_wheat,0
AT1_to_DK1_seed3,AT1,DK1,3,winter_barley,corn,4
AT1_to_DK1_seed3,AT1,DK1,3,winter_barley,horsebeans,0
AT1_to_DK1_seed3,AT1,DK1,3,winter_barley,meadow,121
AT1_to_DK1_seed3,AT1,DK1,3,winter_barley,spring_barley,3
AT1_to_DK1_seed3,AT1,DK1,3,winter_barley,spring_oat,5
AT1_to_DK1_seed3,AT1,DK1,3,winter_barley,winter_barley,476
AT1_to_DK1_seed3,AT1,DK1,3,winter_barley,winter_rapeseed,20
AT1_to_DK1_seed3,AT1,DK1,3,winter_barley,winter_rye,49
AT1_to_DK1_seed3,AT1,DK1,3,winter_barley,winter_triticale,56
AT1_to_DK1_seed3,AT1,DK1,3,winter_barley,winter_wheat,14
AT1_to_DK1_seed3,AT1,DK1,3,winter_rapeseed,corn,1
AT1_to_DK1_seed3,AT1,DK1,3,winter_rapeseed,horsebeans,0
AT1_to_DK1_seed3,AT1,DK1,3,winter_rapeseed,meadow,602
AT1_to_DK1_seed3,AT1,DK1,3,winter_rapeseed,spring_barley,1
AT1_to_DK1_seed3,AT1,DK1,3,winter_rapeseed,spring_oat,1
AT1_to_DK1_seed3,AT1,DK1,3,winter_rapeseed,winter_barley,2
AT1_to_DK1_seed3,AT1,DK1,3,winter_rapeseed,winter_rapeseed,28
AT1_to_DK1_seed3,AT1,DK1,3,winter_rapeseed,winter_rye,1
AT1_to_DK1_seed3,AT1,DK1,3,winter_rapeseed,winter_triticale,3
AT1_to_DK1_seed3,AT1,DK1,3,winter_rapeseed,winter_wheat,0
AT1_to_DK1_seed3,AT1,DK1,3,winter_rye,corn,7
AT1_to_DK1_seed3,AT1,DK1,3,winter_rye,horsebeans,0
AT1_to_DK1_seed3,AT1,DK1,3,winter_rye,meadow,610
AT1_to_DK1_seed3,AT1,DK1,3,winter_rye,spring_barley,1
AT1_to_DK1_seed3,AT1,DK1,3,winter_rye,spring_oat,1
AT1_to_DK1_seed3,AT1,DK1,3,winter_rye,winter_barley,24
AT1_to_DK1_seed3,AT1,DK1,3,winter_rye,winter_rapeseed,0
AT1_to_DK1_seed3,AT1,DK1,3,winter_rye,winter_rye,50
AT1_to_DK1_seed3,AT1,DK1,3,winter_rye,winter_triticale,65
AT1_to_DK1_seed3,AT1,DK1,3,winter_rye,winter_wheat,25
AT1_to_DK1_seed3,AT1,DK1,3,winter_triticale,corn,0
AT1_to_DK1_seed3,AT1,DK1,3,winter_triticale,horsebeans,0
AT1_to_DK1_seed3,AT1,DK1,3,winter_triticale,meadow,57
AT1_to_DK1_seed3,AT1,DK1,3,winter_triticale,spring_barley,0
AT1_to_DK1_seed3,AT1,DK1,3,winter_triticale,spring_oat,0
AT1_to_DK1_seed3,AT1,DK1,3,winter_triticale,winter_barley,4
AT1_to_DK1_seed3,AT1,DK1,3,winter_triticale,winter_rapeseed,0
AT1_to_DK1_seed3,AT1,DK1,3,winter_triticale,winter_rye,4
AT1_to_DK1_seed3,AT1,DK1,3,winter_triticale,winter_triticale,13
AT1_to_DK1_seed3,AT1,DK1,3,winter_triticale,winter_wheat,9
AT1_to_DK1_seed3,AT1,DK1,3,winter_wheat,corn,215
AT1_to_DK1_seed3,AT1,DK1,3,winter_wheat,horsebeans,6
AT1_to_DK1_seed3,AT1,DK1,3,winter_wheat,meadow,975
AT1_to_DK1_seed3,AT1,DK1,3,winter_wheat,spring_barley,6
AT1_to_DK1_seed3,AT1,DK1,3,winter_wheat,spring_oat,1
AT1_to_DK1_seed3,AT1,DK1,3,winter_wheat,winter_barley,38
AT1_to_DK1_seed3,AT1,DK1,3,winter_wheat,winter_rapeseed,1
AT1_to_DK1_seed3,AT1,DK1,3,winter_wheat,winter_rye,32
AT1_to_DK1_seed3,AT1,DK1,3,winter_wheat,winter_triticale,108
AT1_to_DK1_seed3,AT1,DK1,3,winter_wheat,winter_wheat,534
AT1_to_FR1_seed1,AT1,FR1,1,corn,corn,1223
AT1_to_FR1_seed1,AT1,FR1,1,corn,horsebeans,68
AT1_to_FR1_seed1,AT1,FR1,1,corn,meadow,7
AT1_to_FR1_seed1,AT1,FR1,1,corn,spring_barley,2
AT1_to_FR1_seed1,AT1,FR1,1,corn,spring_oat,3
AT1_to_FR1_seed1,AT1,FR1,1,corn,winter_barley,0
AT1_to_FR1_seed1,AT1,FR1,1,corn,winter_rapeseed,0
AT1_to_FR1_seed1,AT1,FR1,1,corn,winter_rye,3
AT1_to_FR1_seed1,AT1,FR1,1,corn,winter_triticale,0
AT1_to_FR1_seed1,AT1,FR1,1,corn,winter_wheat,5
AT1_to_FR1_seed1,AT1,FR1,1,horsebeans,corn,33
AT1_to_FR1_seed1,AT1,FR1,1,horsebeans,horsebeans,14
AT1_to_FR1_seed1,AT1,FR1,1,horsebeans,meadow,51
AT1_to_FR1_seed1,AT1,FR1,1,horsebeans,spring_barley,1
AT1_to_FR1_seed1,AT1,FR1,1,horsebeans,spring_oat,15
AT1_to_FR1_seed1,AT1,FR1,1,horsebeans,winter_barley,3
AT1_to_FR1_seed1,AT1,FR1,1,horsebeans,winter_rapeseed,0
AT1_to_FR1_seed1,AT1,FR1,1,horsebeans,winter_rye,6
AT1_to_FR1_seed1,AT1,FR1,1,horsebeans,winter_triticale,1
AT1_to_FR1_seed1,AT1,FR1,1,horsebeans,winter_wheat,26
AT1_to_FR1_seed1,AT1,FR1,1,meadow,corn,108
AT1_to_FR1_seed1,AT1,FR1,1,meadow,horsebeans,58
AT1_to_FR1_seed1,AT1,FR1,1,meadow,meadow,2712
AT1_to_FR1_seed1,AT1,FR1,1,meadow,spring_barley,7
AT1_to_FR1_seed1,AT1,FR1,1,meadow,spring_oat,42
AT1_to_FR1_seed1,AT1,FR1,1,meadow,winter_barley,11
AT1_to_FR1_seed1,AT1,FR1,1,meadow,winter_rapeseed,0
AT1_to_FR1_seed1,AT1,FR1,1,meadow,winter_rye,25
AT1_to_FR1_seed1,AT1,FR1,1,meadow,winter_triticale,9
AT1_to_FR1_seed1,AT1,FR1,1,meadow,winter_wheat,49
AT1_to_FR1_seed1,AT1,FR1,1,spring_barley,corn,21
AT1_to_FR1_seed1,AT1,FR1,1,spring_barley,horsebeans,3
AT1_to_FR1_seed1,AT1,FR1,1,spring_barley,meadow,7
AT1_to_FR1_seed1,AT1,FR1,1,spring_barley,spring_barley,1
AT1_to_FR1_seed1,AT1,FR1,1,spring_barley,spring_oat,7
AT1_to_FR1_seed1,AT1,FR1,1,spring_barley,winter_barley,7
AT1_to_FR1_seed1,AT1,FR1,1,spring_barley,winter_rapeseed,0
AT1_to_FR1_seed1,AT1,FR1,1,spring_barley,winter_rye,3
AT1_to_FR1_seed1,AT1,FR1,1,spring_barley,winter_triticale,0
AT1_to_FR1_seed1,AT1,FR1,1,spring_barley,winter_wheat,11
AT1_to_FR1_seed1,AT1,FR1,1,spring_oat,corn,0
AT1_to_FR1_seed1,AT1,FR1,1,spring_oat,horsebeans,0
AT1_to_FR1_seed1,AT1,FR1,1,spring_oat,meadow,2
AT1_to_FR1_seed1,AT1,FR1,1,spring_oat,spring_barley,1
AT1_to_FR1_seed1,AT1,FR1,1,spring_oat,spring_oat,2
AT1_to_FR1_seed1,AT1,FR1,1,spring_oat,winter_barley,0
AT1_to_FR1_seed1,AT1,FR1,1,spring_oat,winter_rapeseed,0
AT1_to_FR1_seed1,AT1,FR1,1,spring_oat,winter_rye,0
AT1_to_FR1_seed1,AT1,FR1,1,spring_oat,winter_triticale,0
AT1_to_FR1_seed1,AT1,FR1,1,spring_oat,winter_wheat,2
AT1_to_FR1_seed1,AT1,FR1,1,winter_barley,corn,298
AT1_to_FR1_seed1,AT1,FR1,1,winter_barley,horsebeans,3
AT1_to_FR1_seed1,AT1,FR1,1,winter_barley,meadow,89
AT1_to_FR1_seed1,AT1,FR1,1,winter_barley,spring_barley,11
AT1_to_FR1_seed1,AT1,FR1,1,winter_barley,spring_oat,21
AT1_to_FR1_seed1,AT1,FR1,1,winter_barley,winter_barley,207
AT1_to_FR1_seed1,AT1,FR1,1,winter_barley,winter_rapeseed,6
AT1_to_FR1_seed1,AT1,FR1,1,winter_barley,winter_rye,40
AT1_to_FR1_seed1,AT1,FR1,1,winter_barley,winter_triticale,32
AT1_to_FR1_seed1,AT1,FR1,1,winter_barley,winter_wheat,76
AT1_to_FR1_seed1,AT1,FR1,1,winter_rapeseed,corn,54
AT1_to_FR1_seed1,AT1,FR1,1,winter_rapeseed,horsebeans,13
AT1_to_FR1_seed1,AT1,FR1,1,winter_rapeseed,meadow,64
AT1_to_FR1_seed1,AT1,FR1,1,winter_rapeseed,spring_barley,8
AT1_to_FR1_seed1,AT1,FR1,1,winter_rapeseed,spring_oat,25
AT1_to_FR1_seed1,AT1,FR1,1,winter_rapeseed,winter_barley,74
AT1_to_FR1_seed1,AT1,FR1,1,winter_rapeseed,winter_rapeseed,82
AT1_to_FR1_seed1,AT1,FR1,1,winter_rapeseed,winter_rye,106
AT1_to_FR1_seed1,AT1,FR1,1,winter_rapeseed,winter_triticale,92
AT1_to_FR1_seed1,AT1,FR1,1,winter_rapeseed,winter_wheat,7
AT1_to_FR1_seed1,AT1,FR1,1,winter_rye,corn,1
AT1_to_FR1_seed1,AT1,FR1,1,winter_rye,horsebeans,0
AT1_to_FR1_seed1,AT1,FR1,1,winter_rye,meadow,0
AT1_to_FR1_seed1,AT1,FR1,1,winter_rye,spring_barley,0
AT1_to_FR1_seed1,AT1,FR1,1,winter_rye,spring_oat,2
AT1_to_FR1_seed1,AT1,FR1,1,winter_rye,winter_barley,0
AT1_to_FR1_seed1,AT1,FR1,1,winter_rye,winter_rapeseed,0
AT1_to_FR1_seed1,AT1,FR1,1,winter_rye,winter_rye,1
AT1_to_FR1_seed1,AT1,FR1,1,winter_rye,winter_triticale,0
AT1_to_FR1_seed1,AT1,FR1,1,winter_rye,winter_wheat,2
AT1_to_FR1_seed1,AT1,FR1,1,winter_triticale,corn,48
AT1_to_FR1_seed1,AT1,FR1,1,winter_triticale,horsebeans,1
AT1_to_FR1_seed1,AT1,FR1,1,winter_triticale,meadow,33
AT1_to_FR1_seed1,AT1,FR1,1,winter_triticale,spring_barley,0
AT1_to_FR1_seed1,AT1,FR1,1,winter_triticale,spring_oat,6
AT1_to_FR1_seed1,AT1,FR1,1,winter_triticale,winter_barley,6
AT1_to_FR1_seed1,AT1,FR1,1,winter_triticale,winter_rapeseed,1
AT1_to_FR1_seed1,AT1,FR1,1,winter_triticale,winter_rye,23
AT1_to_FR1_seed1,AT1,FR1,1,winter_triticale,winter_triticale,2
AT1_to_FR1_seed1,AT1,FR1,1,winter_triticale,winter_wheat,50
AT1_to_FR1_seed1,AT1,FR1,1,winter_wheat,corn,2198
AT1_to_FR1_seed1,AT1,FR1,1,winter_wheat,horsebeans,11
AT1_to_FR1_seed1,AT1,FR1,1,winter_wheat,meadow,155
AT1_to_FR1_seed1,AT1,FR1,1,winter_wheat,spring_barley,20
AT1_to_FR1_seed1,AT1,FR1,1,winter_wheat,spring_oat,69
AT1_to_FR1_seed1,AT1,FR1,1,winter_wheat,winter_barley,905
AT1_to_FR1_seed1,AT1,FR1,1,winter_wheat,winter_rapeseed,2
AT1_to_FR1_seed1,AT1,FR1,1,winter_wheat,winter_rye,377
AT1_to_FR1_seed1,AT1,FR1,1,winter_wheat,winter_triticale,50
AT1_to_FR1_seed1,AT1,FR1,1,winter_wheat,winter_wheat,1515
AT1_to_FR1_seed2,AT1,FR1,2,corn,corn,1288
AT1_to_FR1_seed2,AT1,FR1,2,corn,horsebeans,13
AT1_to_FR1_seed2,AT1,FR1,2,corn,meadow,9
AT1_to_FR1_seed2,AT1,FR1,2,corn,spring_barley,0
AT1_to_FR1_seed2,AT1,FR1,2,corn,spring_oat,1
AT1_to_FR1_seed2,AT1,FR1,2,corn,winter_barley,1
AT1_to_FR1_seed2,AT1,FR1,2,corn,winter_rapeseed,0
AT1_to_FR1_seed2,AT1,FR1,2,corn,winter_rye,0
AT1_to_FR1_seed2,AT1,FR1,2,corn,winter_triticale,0
AT1_to_FR1_seed2,AT1,FR1,2,corn,winter_wheat,12
AT1_to_FR1_seed2,AT1,FR1,2,horsebeans,corn,16
AT1_to_FR1_seed2,AT1,FR1,2,horsebeans,horsebeans,55
AT1_to_FR1_seed2,AT1,FR1,2,horsebeans,meadow,38
AT1_to_FR1_seed2,AT1,FR1,2,horsebeans,spring_barley,3
AT1_to_FR1_seed2,AT1,FR1,2,horsebeans,spring_oat,0
AT1_to_FR1_seed2,AT1,FR1,2,horsebeans,winter_barley,1
AT1_to_FR1_seed2,AT1,FR1,2,horsebeans,winter_rapeseed,0
AT1_to_FR1_seed2,AT1,FR1,2,horsebeans,winter_rye,4
AT1_to_FR1_seed2,AT1,FR1,2,horsebeans,winter_triticale,4
AT1_to_FR1_seed2,AT1,FR1,2,horsebeans,winter_wheat,22
AT1_to_FR1_seed2,AT1,FR1,2,meadow,corn,127
AT1_to_FR1_seed2,AT1,FR1,2,meadow,horsebeans,56
AT1_to_FR1_seed2,AT1,FR1,2,meadow,meadow,2610
AT1_to_FR1_seed2,AT1,FR1,2,meadow,spring_barley,36
AT1_to_FR1_seed2,AT1,FR1,2,meadow,spring_oat,5
AT1_to_FR1_seed2,AT1,FR1,2,meadow,winter_barley,8
AT1_to_FR1_seed2,AT1,FR1,2,meadow,winter_rapeseed,1
AT1_to_FR1_seed2,AT1,FR1,2,meadow,winter_rye,50
AT1_to_FR1_seed2,AT1,FR1,2,meadow,winter_triticale,15
AT1_to_FR1_seed2,AT1,FR1,2,meadow,winter_wheat,97
AT1_to_FR1_seed2,AT1,FR1,2,spring_barley,corn,8
AT1_to_FR1_seed2,AT1,FR1,2,spring_barley,horsebeans,3
AT1_to_FR1_seed2,AT1,FR1,2,spring_barley,meadow,11
AT1_to_FR1_seed2,AT1,FR1,2,spring_barley,spring_barley,5
AT1_to_FR1_seed2,AT1,FR1,2,spring_barley,spring_oat,2
AT1_to_FR1_seed2,AT1,FR1,2,spring_barley,winter_barley,2
AT1_to_FR1_seed2,AT1,FR1,2,spring_barley,winter_rapeseed,0
AT1_to_FR1_seed2,AT1,FR1,2,spring_barley,winter_rye,1
AT1_to_FR1_seed2,AT1,FR1,2,spring_barley,winter_triticale,1
AT1_to_FR1_seed2,AT1,FR1,2,spring_barley,winter_wheat,20
AT1_to_FR1_seed2,AT1,FR1,2,spring_oat,corn,0
AT1_to_FR1_seed2,AT1,FR1,2,spring_oat,horsebeans,0
AT1_to_FR1_seed2,AT1,FR1,2,spring_oat,meadow,7
AT1_to_FR1_seed2,AT1,FR1,2,spring_oat,spring_barley,0
AT1_to_FR1_seed2,AT1,FR1,2,spring_oat,spring_oat,1
AT1_to_FR1_seed2,AT1,FR1,2,spring_oat,winter_barley,0
AT1_to_FR1_seed2,AT1,FR1,2,spring_oat,winter_rapeseed,0
AT1_to_FR1_seed2,AT1,FR1,2,spring_oat,winter_rye,0
AT1_to_FR1_seed2,AT1,FR1,2,spring_oat,winter_triticale,0
AT1_to_FR1_seed2,AT1,FR1,2,spring_oat,winter_wheat,3
AT1_to_FR1_seed2,AT1,FR1,2,winter_barley,corn,96
AT1_to_FR1_seed2,AT1,FR1,2,winter_barley,horsebeans,50
AT1_to_FR1_seed2,AT1,FR1,2,winter_barley,meadow,190
AT1_to_FR1_seed2,AT1,FR1,2,winter_barley,spring_barley,147
AT1_to_FR1_seed2,AT1,FR1,2,winter_barley,spring_oat,16
AT1_to_FR1_seed2,AT1,FR1,2,winter_barley,winter_barley,98
AT1_to_FR1_seed2,AT1,FR1,2,winter_barley,winter_rapeseed,3
AT1_to_FR1_seed2,AT1,FR1,2,winter_barley,winter_rye,16
AT1_to_FR1_seed2,AT1,FR1,2,winter_barley,winter_triticale,33
AT1_to_FR1_seed2,AT1,FR1,2,winter_barley,winter_wheat,110
AT1_to_FR1_seed2,AT1,FR1,2,winter_rapeseed,corn,20
AT1_to_FR1_seed2,AT1,FR1,2,winter_rapeseed,horsebeans,127
AT1_to_FR1_seed2,AT1,FR1,2,winter_rapeseed,meadow,87
AT1_to_FR1_seed2,AT1,FR1,2,winter_rapeseed,spring_barley,166
AT1_to_FR1_seed2,AT1,FR1,2,winter_rapeseed,spring_oat,44
AT1_to_FR1_seed2,AT1,FR1,2,winter_rapeseed,winter_barley,14
AT1_to_FR1_seed2,AT1,FR1,2,winter_rapeseed,winter_rapeseed,14
AT1_to_FR1_seed2,AT1,FR1,2,winter_rapeseed,winter_rye,4
AT1_to_FR1_seed2,AT1,FR1,2,winter_rapeseed,winter_triticale,14
AT1_to_FR1_seed2,AT1,FR1,2,winter_rapeseed,winter_wheat,34
AT1_to_FR1_seed2,AT1,FR1,2,winter_rye,corn,0
AT1_to_FR1_seed2,AT1,FR1,2,winter_rye,horsebeans,0
AT1_to_FR1_seed2,AT1,FR1,2,winter_rye,meadow,2
AT1_to_FR1_seed2,AT1,FR1,2,winter_rye,spring_barley,0
AT1_to_FR1_seed2,AT1,FR1,2,winter_rye,spring_oat,1
AT1_to_FR1_seed2,AT1,FR1,2,winter_rye,winter_barley,0
AT1_to_FR1_seed2,AT1,FR1,2,winter_rye,winter_rapeseed,0
AT1_to_FR1_seed2,AT1,FR1,2,winter_rye,winter_rye,3
AT1_to_FR1_seed2,AT1,FR1,2,winter_rye,winter_triticale,0
AT1_to_FR1_seed2,AT1,FR1,2,winter_rye,winter_wheat,1
AT1_to_FR1_seed2,AT1,FR1,2,winter_triticale,corn,11
AT1_to_FR1_seed2,AT1,FR1,2,winter_triticale,horsebeans,0
AT1_to_FR1_seed2,AT1,FR1,2,winter_triticale,meadow,26
AT1_to_FR1_seed2,AT1,FR1,2,winter_triticale,spring_barley,10
AT1_to_FR1_seed2,AT1,FR1,2,winter_triticale,spring_oat,2
AT1_to_FR1_seed2,AT1,FR1,2,winter_triticale,winter_barley,7
AT1_to_FR1_seed2,AT1,FR1,2,winter_triticale,winter_rapeseed,1
AT1_to_FR1_seed2,AT1,FR1,2,winter_triticale,winter_rye,33
AT1_to_FR1_seed2,AT1,FR1,2,winter_triticale,winter_triticale,10
AT1_to_FR1_seed2,AT1,FR1,2,winter_triticale,winter_wheat,63
AT1_to_FR1_seed2,AT1,FR1,2,winter_wheat,corn,601
AT1_to_FR1_seed2,AT1,FR1,2,winter_wheat,horsebeans,224
AT1_to_FR1_seed2,AT1,FR1,2,winter_wheat,meadow,359
AT1_to_FR1_seed2,AT1,FR1,2,winter_wheat,spring_barley,371
AT1_to_FR1_seed2,AT1,FR1,2,winter_wheat,spring_oat,82
AT1_to_FR1_seed2,AT1,FR1,2,winter_wheat,winter_barley,910
AT1_to_FR1_seed2,AT1,FR1,2,winter_wheat,winter_rapeseed,8
AT1_to_FR1_seed2,AT1,FR1,2,winter_wheat,winter_rye,141
AT1_to_FR1_seed2,AT1,FR1,2,winter_wheat,winter_triticale,234
AT1_to_FR1_seed2,AT1,FR1,2,winter_wheat,winter_wheat,2416
AT1_to_FR2_seed1,AT1,FR2,1,corn,corn,3378
AT1_to_FR2_seed1,AT1,FR2,1,corn,horsebeans,16
AT1_to_FR2_seed1,AT1,FR2,1,corn,meadow,378
AT1_to_FR2_seed1,AT1,FR2,1,corn,spring_barley,4
AT1_to_FR2_seed1,AT1,FR2,1,corn,spring_oat,31
AT1_to_FR2_seed1,AT1,FR2,1,corn,winter_barley,12
AT1_to_FR2_seed1,AT1,FR2,1,corn,winter_rapeseed,1
AT1_to_FR2_seed1,AT1,FR2,1,corn,winter_rye,4
AT1_to_FR2_seed1,AT1,FR2,1,corn,winter_triticale,1
AT1_to_FR2_seed1,AT1,FR2,1,corn,winter_wheat,17
AT1_to_FR2_seed1,AT1,FR2,1,horsebeans,corn,3
AT1_to_FR2_seed1,AT1,FR2,1,horsebeans,horsebeans,10
AT1_to_FR2_seed1,AT1,FR2,1,horsebeans,meadow,58
AT1_to_FR2_seed1,AT1,FR2,1,horsebeans,spring_barley,0
AT1_to_FR2_seed1,AT1,FR2,1,horsebeans,spring_oat,0
AT1_to_FR2_seed1,AT1,FR2,1,horsebeans,winter_barley,2
AT1_to_FR2_seed1,AT1,FR2,1,horsebeans,winter_rapeseed,1
AT1_to_FR2_seed1,AT1,FR2,1,horsebeans,winter_rye,2
AT1_to_FR2_seed1,AT1,FR2,1,horsebeans,winter_triticale,3
AT1_to_FR2_seed1,AT1,FR2,1,horsebeans,winter_wheat,10
AT1_to_FR2_seed1,AT1,FR2,1,meadow,corn,89
AT1_to_FR2_seed1,AT1,FR2,1,meadow,horsebeans,20
AT1_to_FR2_seed1,AT1,FR2,1,meadow,meadow,9392
AT1_to_FR2_seed1,AT1,FR2,1,meadow,spring_barley,54
AT1_to_FR2_seed1,AT1,FR2,1,meadow,spring_oat,30
AT1_to_FR2_seed1,AT1,FR2,1,meadow,winter_barley,524
AT1_to_FR2_seed1,AT1,FR2,1,meadow,winter_rapeseed,246
AT1_to_FR2_seed1,AT1,FR2,1,meadow,winter_rye,46
AT1_to_FR2_seed1,AT1,FR2,1,meadow,winter_triticale,66
AT1_to_FR2_seed1,AT1,FR2,1,meadow,winter_wheat,107
AT1_to_FR2_seed1,AT1,FR2,1,spring_barley,corn,2
AT1_to_FR2_seed1,AT1,FR2,1,spring_barley,horsebeans,1
AT1_to_FR2_seed1,AT1,FR2,1,spring_barley,meadow,21
AT1_to_FR2_seed1,AT1,FR2,1,spring_barley,spring_barley,2
AT1_to_FR2_seed1,AT1,FR2,1,spring_barley,spring_oat,4
AT1_to_FR2_seed1,AT1,FR2,1,spring_barley,winter_barley,39
AT1_to_FR2_seed1,AT1,FR2,1,spring_barley,winter_rapeseed,0
AT1_to_FR2_seed1,AT1,FR2,1,spring_barley,winter_rye,0
AT1_to_FR2_seed1,AT1,FR2,1,spring_barley,winter_triticale,10
AT1_to_FR2_seed1,AT1,FR2,1,spring_barley,winter_wheat,9
AT1_to_FR2_seed1,AT1,FR2,1,spring_oat,corn,0
AT1_to_FR2_seed1,AT1,FR2,1,spring_oat,horsebeans,1
AT1_to_FR2_seed1,AT1,FR2,1,spring_oat,meadow,5
AT1_to_FR2_seed1,AT1,FR2,1,spring_oat,spring_barley,0
AT1_to_FR2_seed1,AT1,FR2,1,spring_oat,spring_oat,0
AT1_to_FR2_seed1,AT1,FR2,1,spring_oat,winter_barley,0
AT1_to_FR2_seed1,AT1,FR2,1,spring_oat,winter_rapeseed,0
AT1_to_FR2_seed1,AT1,FR2,1,spring_oat,winter_rye,0
AT1_to_FR2_seed1,AT1,FR2,1,spring_oat,winter_triticale,0
AT1_to_FR2_seed1,AT1,FR2,1,spring_oat,winter_wheat,0
AT1_to_FR2_seed1,AT1,FR2,1,winter_barley,corn,14
AT1_to_FR2_seed1,AT1,FR2,1,winter_barley,horsebeans,0
AT1_to_FR2_seed1,AT1,FR2,1,winter_barley,meadow,93
AT1_to_FR2_seed1,AT1,FR2,1,winter_barley,spring_barley,1
AT1_to_FR2_seed1,AT1,FR2,1,winter_barley,spring_oat,0
AT1_to_FR2_seed1,AT1,FR2,1,winter_barley,winter_barley,724
AT1_to_FR2_seed1,AT1,FR2,1,winter_barley,winter_rapeseed,0
AT1_to_FR2_seed1,AT1,FR2,1,winter_barley,winter_rye,0
AT1_to_FR2_seed1,AT1,FR2,1,winter_barley,winter_triticale,1
AT1_to_FR2_seed1,AT1,FR2,1,winter_barley,winter_wheat,3
AT1_to_FR2_seed1,AT1,FR2,1,winter_rapeseed,corn,1
AT1_to_FR2_seed1,AT1,FR2,1,winter_rapeseed,horsebeans,1
AT1_to_FR2_seed1,AT1,FR2,1,winter_rapeseed,meadow,92
AT1_to_FR2_seed1,AT1,FR2,1,winter_rapeseed,spring_barley,0
AT1_to_FR2_seed1,AT1,FR2,1,winter_rapeseed,spring_oat,25
AT1_to_FR2_seed1,AT1,FR2,1,winter_rapeseed,winter_barley,559
AT1_to_FR2_seed1,AT1,FR2,1,winter_rapeseed,winter_rapeseed,89
AT1_to_FR2_seed1,AT1,FR2,1,winter_rapeseed,winter_rye,0
AT1_to_FR2_seed1,AT1,FR2,1,winter_rapeseed,winter_triticale,2
AT1_to_FR2_seed1,AT1,FR2,1,winter_rapeseed,winter_wheat,1
AT1_to_FR2_seed1,AT1,FR2,1,winter_rye,corn,0
AT1_to_FR2_seed1,AT1,FR2,1,winter_rye,horsebeans,0
AT1_to_FR2_seed1,AT1,FR2,1,winter_rye,meadow,6
AT1_to_FR2_seed1,AT1,FR2,1,winter_rye,spring_barley,0
AT1_to_FR2_seed1,AT1,FR2,1,winter_rye,spring_oat,0
AT1_to_FR2_seed1,AT1,FR2,1,winter_rye,winter_barley,4
AT1_to_FR2_seed1,AT1,FR2,1,winter_rye,winter_rapeseed,0
AT1_to_FR2_seed1,AT1,FR2,1,winter_rye,winter_rye,1
AT1_to_FR2_seed1,AT1,FR2,1,winter_rye,winter_triticale,0
AT1_to_FR2_seed1,AT1,FR2,1,winter_rye,winter_wheat,0
AT1_to_FR2_seed1,AT1,FR2,1,winter_triticale,corn,3
AT1_to_FR2_seed1,AT1,FR2,1,winter_triticale,horsebeans,0
AT1_to_FR2_seed1,AT1,FR2,1,winter_triticale,meadow,68
AT1_to_FR2_seed1,AT1,FR2,1,winter_triticale,spring_barley,3
AT1_to_FR2_seed1,AT1,FR2,1,winter_triticale,spring_oat,0
AT1_to_FR2_seed1,AT1,FR2,1,winter_triticale,winter_barley,457
AT1_to_FR2_seed1,AT1,FR2,1,winter_triticale,winter_rapeseed,3
AT1_to_FR2_seed1,AT1,FR2,1,winter_triticale,winter_rye,0
AT1_to_FR2_seed1,AT1,FR2,1,winter_triticale,winter_triticale,6
AT1_to_FR2_seed1,AT1,FR2,1,winter_triticale,winter_wheat,4
AT1_to_FR2_seed1,AT1,FR2,1,winter_wheat,corn,14
AT1_to_FR2_seed1,AT1,FR2,1,winter_wheat,horsebeans,0
AT1_to_FR2_seed1,AT1,FR2,1,winter_wheat,meadow,179
AT1_to_FR2_seed1,AT1,FR2,1,winter_wheat,spring_barley,1
AT1_to_FR2_seed1,AT1,FR2,1,winter_wheat,spring_oat,2
AT1_to_FR2_seed1,AT1,FR2,1,winter_wheat,winter_barley,3768
AT1_to_FR2_seed1,AT1,FR2,1,winter_wheat,winter_rapeseed,1
AT1_to_FR2_seed1,AT1,FR2,1,winter_wheat,winter_rye,3
AT1_to_FR2_seed1,AT1,FR2,1,winter_wheat,winter_triticale,65
AT1_to_FR2_seed1,AT1,FR2,1,winter_wheat,winter_wheat,34
AT1_to_FR2_seed2,AT1,FR2,2,corn,corn,3219
AT1_to_FR2_seed2,AT1,FR2,2,corn,horsebeans,53
AT1_to_FR2_seed2,AT1,FR2,2,corn,meadow,346
AT1_to_FR2_seed2,AT1,FR2,2,corn,spring_barley,17
AT1_to_FR2_seed2,AT1,FR2,2,corn,spring_oat,25
AT1_to_FR2_seed2,AT1,FR2,2,corn,winter_barley,15
AT1_to_FR2_seed2,AT1,FR2,2,corn,winter_rapeseed,0
AT1_to_FR2_seed2,AT1,FR2,2,corn,winter_rye,40
AT1_to_FR2_seed2,AT1,FR2,2,corn,winter_triticale,9
AT1_to_FR2_seed2,AT1,FR2,2,corn,winter_wheat,99
AT1_to_FR2_seed2,AT1,FR2,2,horsebeans,corn,2
AT1_to_FR2_seed2,AT1,FR2,2,horsebeans,horsebeans,1
AT1_to_FR2_seed2,AT1,FR2,2,horsebeans,meadow,37
AT1_to_FR2_seed2,AT1,FR2,2,horsebeans,spring_barley,1
AT1_to_FR2_seed2,AT1,FR2,2,horsebeans,spring_oat,7
AT1_to_FR2_seed2,AT1,FR2,2,horsebeans,winter_barley,7
AT1_to_FR2_seed2,AT1,FR2,2,horsebeans,winter_rapeseed,0
AT1_to_FR2_seed2,AT1,FR2,2,horsebeans,winter_rye,8
AT1_to_FR2_seed2,AT1,FR2,2,horsebeans,winter_triticale,11
AT1_to_FR2_seed2,AT1,FR2,2,horsebeans,winter_wheat,25
AT1_to_FR2_seed2,AT1,FR2,2,meadow,corn,48
AT1_to_FR2_seed2,AT1,FR2,2,meadow,horsebeans,13
AT1_to_FR2_seed2,AT1,FR2,2,meadow,meadow,9102
AT1_to_FR2_seed2,AT1,FR2,2,meadow,spring_barley,71
AT1_to_FR2_seed2,AT1,FR2,2,meadow,spring_oat,243
AT1_to_FR2_seed2,AT1,FR2,2,meadow,winter_barley,390
AT1_to_FR2_seed2,AT1,FR2,2,meadow,winter_rapeseed,27
AT1_to_FR2_seed2,AT1,FR2,2,meadow,winter_rye,90
AT1_to_FR2_seed2,AT1,FR2,2,meadow,winter_triticale,120
AT1_to_FR2_seed2,AT1,FR2,2,meadow,winter_wheat,307
AT1_to_FR2_seed2,AT1,FR2,2,spring_barley,corn,2
AT1_to_FR2_seed2,AT1,FR2,2,spring_barley,horsebeans,0
AT1_to_FR2_seed2,AT1,FR2,2,spring_barley,meadow,3
AT1_to_FR2_seed2,AT1,FR2,2,spring_barley,spring_barley,6
AT1_to_FR2_seed2,AT1,FR2,2,spring_barley,spring_oat,4
AT1_to_FR2_seed2,AT1,FR2,2,spring_barley,winter_barley,56
AT1_to_FR2_seed2,AT1,FR2,2,spring_barley,winter_rapeseed,0
AT1_to_FR2_seed2,AT1,FR2,2,spring_barley,winter_rye,5
AT1_to_FR2_seed2,AT1,FR2,2,spring_barley,winter_triticale,5
AT1_to_FR2_seed2,AT1,FR2,2,spring_barley,winter_wheat,7
AT1_to_FR2_seed2,AT1,FR2,2,spring_oat,corn,3
AT1_to_FR2_seed2,AT1,FR2,2,spring_oat,horsebeans,1
AT1_to_FR2_seed2,AT1,FR2,2,spring_oat,meadow,2
AT1_to_FR2_seed2,AT1,FR2,2,spring_oat,spring_barley,0
AT1_to_FR2_seed2,AT1,FR2,2,spring_oat,spring_oat,0
AT1_to_FR2_seed2,AT1,FR2,2,spring_oat,winter_barley,1
AT1_to_FR2_seed2,AT1,FR2,2,spring_oat,winter_rapeseed,0
AT1_to_FR2_seed2,AT1,FR2,2,spring_oat,winter_rye,1
AT1_to_FR2_seed2,AT1,FR2,2,spring_oat,winter_triticale,3
AT1_to_FR2_seed2,AT1,FR2,2,spring_oat,winter_wheat,1
AT1_to_FR2_seed2,AT1,FR2,2,winter_barley,corn,6
AT1_to_FR2_seed2,AT1,FR2,2,winter_barley,horsebeans,0
AT1_to_FR2_seed2,AT1,FR2,2,winter_barley,meadow,29
AT1_to_FR2_seed2,AT1,FR2,2,winter_barley,spring_barley,6
AT1_to_FR2_seed2,AT1,FR2,2,winter_barley,spring_oat,1
AT1_to_FR2_seed2,AT1,FR2,2,winter_barley,winter_barley,749
AT1_to_FR2_seed2,AT1,FR2,2,winter_barley,winter_rapeseed,1
AT1_to_FR2_seed2,AT1,FR2,2,winter_barley,winter_rye,6
AT1_to_FR2_seed2,AT1,FR2,2,winter_barley,winter_triticale,9
AT1_to_FR2_seed2,AT1,FR2,2,winter_barley,winter_wheat,6
AT1_to_FR2_seed2,AT1,FR2,2,winter_rapeseed,corn,7
AT1_to_FR2_seed2,AT1,FR2,2,winter_rapeseed,horsebeans,0
AT1_to_FR2_seed2,AT1,FR2,2,winter_rapeseed,meadow,12
AT1_to_FR2_seed2,AT1,FR2,2,winter_rapeseed,spring_barley,0
AT1_to_FR2_seed2,AT1,FR2,2,winter_rapeseed,spring_oat,0
AT1_to_FR2_seed2,AT1,FR2,2,winter_rapeseed,winter_barley,261
AT1_to_FR2_seed2,AT1,FR2,2,winter_rapeseed,winter_rapeseed,412
AT1_to_FR2_seed2,AT1,FR2,2,winter_rapeseed,winter_rye,7
AT1_to_FR2_seed2,AT1,FR2,2,winter_rapeseed,winter_triticale,37
AT1_to_FR2_seed2,AT1,FR2,2,winter_rapeseed,winter_wheat,0
AT1_to_FR2_seed2,AT1,FR2,2,winter_rye,corn,0
AT1_to_FR2_seed2,AT1,FR2,2,winter_rye,horsebeans,0
AT1_to_FR2_seed2,AT1,FR2,2,winter_rye,meadow,0
AT1_to_FR2_seed2,AT1,FR2,2,winter_rye,spring_barley,0
AT1_to_FR2_seed2,AT1,FR2,2,winter_rye,spring_oat,1
AT1_to_FR2_seed2,AT1,FR2,2,winter_rye,winter_barley,2
AT1_to_FR2_seed2,AT1,FR2,2,winter_rye,winter_rapeseed,1
AT1_to_FR2_seed2,AT1,FR2,2,winter_rye,winter_rye,4
AT1_to_FR2_seed2,AT1,FR2,2,winter_rye,winter_triticale,0
AT1_to_FR2_seed2,AT1,FR2,2,winter_rye,winter_wheat,0
AT1_to_FR2_seed2,AT1,FR2,2,winter_triticale,corn,4
AT1_to_FR2_seed2,AT1,FR2,2,winter_triticale,horsebeans,0
AT1_to_FR2_seed2,AT1,FR2,2,winter_triticale,meadow,17
AT1_to_FR2_seed2,AT1,FR2,2,winter_triticale,spring_barley,4
AT1_to_FR2_seed2,AT1,FR2,2,winter_triticale,spring_oat,0
AT1_to_FR2_seed2,AT1,FR2,2,winter_triticale,winter_barley,380
AT1_to_FR2_seed2,AT1,FR2,2,winter_triticale,winter_rapeseed,0
AT1_to_FR2_seed2,AT1,FR2,2,winter_triticale,winter_rye,39
AT1_to_FR2_seed2,AT1,FR2,2,winter_triticale,winter_triticale,87
AT1_to_FR2_seed2,AT1,FR2,2,winter_triticale,winter_wheat,15
AT1_to_FR2_seed2,AT1,FR2,2,winter_wheat,corn,11
AT1_to_FR2_seed2,AT1,FR2,2,winter_wheat,horsebeans,0
AT1_to_FR2_seed2,AT1,FR2,2,winter_wheat,meadow,87
AT1_to_FR2_seed2,AT1,FR2,2,winter_wheat,spring_barley,10
AT1_to_FR2_seed2,AT1,FR2,2,winter_wheat,spring_oat,6
AT1_to_FR2_seed2,AT1,FR2,2,winter_wheat,winter_barley,2682
AT1_to_FR2_seed2,AT1,FR2,2,winter_wheat,winter_rapeseed,2
AT1_to_FR2_seed2,AT1,FR2,2,winter_wheat,winter_rye,280
AT1_to_FR2_seed2,AT1,FR2,2,winter_wheat,winter_triticale,820
AT1_to_FR2_seed2,AT1,FR2,2,winter_wheat,winter_wheat,393
DK1_to_AT1_seed1,DK1,AT1,1,corn,corn,1588
DK1_to_AT1_seed1,DK1,AT1,1,corn,horsebeans,16
DK1_to_AT1_seed1,DK1,AT1,1,corn,meadow,7
DK1_to_AT1_seed1,DK1,AT1,1,corn,spring_barley,356
DK1_to_AT1_seed1,DK1,AT1,1,corn,spring_oat,29
DK1_to_AT1_seed1,DK1,AT1,1,corn,spring_peas,0
DK1_to_AT1_seed1,DK1,AT1,1,corn,spring_wheat,0
DK1_to_AT1_seed1,DK1,AT1,1,corn,winter_barley,1
DK1_to_AT1_seed1,DK1,AT1,1,corn,winter_rapeseed,0
DK1_to_AT1_seed1,DK1,AT1,1,corn,winter_rye,0
DK1_to_AT1_seed1,DK1,AT1,1,corn,winter_triticale,0
DK1_to_AT1_seed1,DK1,AT1,1,corn,winter_wheat,1
DK1_to_AT1_seed1,DK1,AT1,1,horsebeans,corn,0
DK1_to_AT1_seed1,DK1,AT1,1,horsebeans,horsebeans,0
DK1_to_AT1_seed1,DK1,AT1,1,horsebeans,meadow,0
DK1_to_AT1_seed1,DK1,AT1,1,horsebeans,spring_barley,81
DK1_to_AT1_seed1,DK1,AT1,1,horsebeans,spring_oat,1
DK1_to_AT1_seed1,DK1,AT1,1,horsebeans,spring_peas,0
DK1_to_AT1_seed1,DK1,AT1,1,horsebeans,spring_wheat,2
DK1_to_AT1_seed1,DK1,AT1,1,horsebeans,winter_barley,0
DK1_to_AT1_seed1,DK1,AT1,1,horsebeans,winter_rapeseed,0
DK1_to_AT1_seed1,DK1,AT1,1,horsebeans,winter_rye,0
DK1_to_AT1_seed1,DK1,AT1,1,horsebeans,winter_triticale,0
DK1_to_AT1_seed1,DK1,AT1,1,horsebeans,winter_wheat,0
DK1_to_AT1_seed1,DK1,AT1,1,meadow,corn,34
DK1_to_AT1_seed1,DK1,AT1,1,meadow,horsebeans,0
DK1_to_AT1_seed1,DK1,AT1,1,meadow,meadow,3367
DK1_to_AT1_seed1,DK1,AT1,1,meadow,spring_barley,200
DK1_to_AT1_seed1,DK1,AT1,1,meadow,spring_oat,0
DK1_to_AT1_seed1,DK1,AT1,1,meadow,spring_peas,1
DK1_to_AT1_seed1,DK1,AT1,1,meadow,spring_wheat,0
DK1_to_AT1_seed1,DK1,AT1,1,meadow,winter_barley,6
DK1_to_AT1_seed1,DK1,AT1,1,meadow,winter_rapeseed,3
DK1_to_AT1_seed1,DK1,AT1,1,meadow,winter_rye,10
DK1_to_AT1_seed1,DK1,AT1,1,meadow,winter_triticale,2
DK1_to_AT1_seed1,DK1,AT1,1,meadow,winter_wheat,18
DK1_to_AT1_seed1,DK1,AT1,1,spring_barley,corn,1
DK1_to_AT1_seed1,DK1,AT1,1,spring_barley,horsebeans,0
DK1_to_AT1_seed1,DK1,AT1,1,spring_barley,meadow,0
DK1_to_AT1_seed1,DK1,AT1,1,spring_barley,spring_barley,59
DK1_to_AT1_seed1,DK1,AT1,1,spring_barley,spring_oat,0
DK1_to_AT1_seed1,DK1,AT1,1,spring_barley,spring_peas,1
DK1_to_AT1_seed1,DK1,AT1,1,spring_barley,spring_wheat,0
DK1_to_AT1_seed1,DK1,AT1,1,spring_barley,winter_barley,4
DK1_to_AT1_seed1,DK1,AT1,1,spring_barley,winter_rapeseed,0
DK1_to_AT1_seed1,DK1,AT1,1,spring_barley,winter_rye,0
DK1_to_AT1_seed1,DK1,AT1,1,spring_barley,winter_triticale,0
DK1_to_AT1_seed1,DK1,AT1,1,spring_barley,winter_wheat,0
DK1_to_AT1_seed1,DK1,AT1,1,spring_oat,corn,0
DK1_to_AT1_seed1,DK1,AT1,1,spring_oat,horsebeans,0
DK1_to_AT1_seed1,DK1,AT1,1,spring_oat,meadow,0
DK1_to_AT1_seed1,DK1,AT1,1,spring_oat,spring_barley,100
DK1_to_AT1_seed1,DK1,AT1,1,spring_oat,spring_oat,0
DK1_to_AT1_seed1,DK1,AT1,1,spring_oat,spring_peas,1
DK1_to_AT1_seed1,DK1,AT1,1,spring_oat,spring_wheat,0
DK1_to_AT1_seed1,DK1,AT1,1,spring_oat,winter_barley,5
DK1_to_AT1_seed1,DK1,AT1,1,spring_oat,winter_rapeseed,0
DK1_to_AT1_seed1,DK1,AT1,1,spring_oat,winter_rye,0
DK1_to_AT1_seed1,DK1,AT1,1,spring_oat,winter_triticale,0
DK1_to_AT1_seed1,DK1,AT1,1,spring_oat,winter_wheat,0
DK1_to_AT1_seed1,DK1,AT1,1,spring_peas,corn,0
DK1_to_AT1_seed1,DK1,AT1,1,spring_peas,horsebeans,0
DK1_to_AT1_seed1,DK1,AT1,1,spring_peas,meadow,0
DK1_to_AT1_seed1,DK1,AT1,1,spring_peas,spring_barley,9
DK1_to_AT1_seed1,DK1,AT1,1,spring_peas,spring_oat,0
DK1_to_AT1_seed1,DK1,AT1,1,spring_peas,spring_peas,0
DK1_to_AT1_seed1,DK1,AT1,1,spring_peas,spring_wheat,0
DK1_to_AT1_seed1,DK1,AT1,1,spring_peas,winter_barley,4
DK1_to_AT1_seed1,DK1,AT1,1,spring_peas,winter_rapeseed,0
DK1_to_AT1_seed1,DK1,AT1,1,spring_peas,winter_rye,0
DK1_to_AT1_seed1,DK1,AT1,1,spring_peas,winter_triticale,0
DK1_to_AT1_seed1,DK1,AT1,1,spring_peas,winter_wheat,1
DK1_to_AT1_seed1,DK1,AT1,1,spring_wheat,corn,0
DK1_to_AT1_seed1,DK1,AT1,1,spring_wheat,horsebeans,0
DK1_to_AT1_seed1,DK1,AT1,1,spring_wheat,meadow,0
DK1_to_AT1_seed1,DK1,AT1,1,spring_wheat,spring_barley,17
DK1_to_AT1_seed1,DK1,AT1,1,spring_wheat,spring_oat,0
DK1_to_AT1_seed1,DK1,AT1,1,spring_wheat,spring_peas,0
DK1_to_AT1_seed1,DK1,AT1,1,spring_wheat,spring_wheat,1
DK1_to_AT1_seed1,DK1,AT1,1,spring_wheat,winter_barley,0
DK1_to_AT1_seed1,DK1,AT1,1,spring_wheat,winter_rapeseed,0
DK1_to_AT1_seed1,DK1,AT1,1,spring_wheat,winter_rye,0
DK1_to_AT1_seed1,DK1,AT1,1,spring_wheat,winter_triticale,0
DK1_to_AT1_seed1,DK1,AT1,1,spring_wheat,winter_wheat,0
DK1_to_AT1_seed1,DK1,AT1,1,winter_barley,corn,10
DK1_to_AT1_seed1,DK1,AT1,1,winter_barley,horsebeans,0
DK1_to_AT1_seed1,DK1,AT1,1,winter_barley,meadow,24
DK1_to_AT1_seed1,DK1,AT1,1,winter_barley,spring_barley,10
DK1_to_AT1_seed1,DK1,AT1,1,winter_barley,spring_oat,0
DK1_to_AT1_seed1,DK1,AT1,1,winter_barley,spring_peas,0
DK1_to_AT1_seed1,DK1,AT1,1,winter_barley,spring_wheat,0
DK1_to_AT1_seed1,DK1,AT1,1,winter_barley,winter_barley,872
DK1_to_AT1_seed1,DK1,AT1,1,winter_barley,winter_rapeseed,1
DK1_to_AT1_seed1,DK1,AT1,1,winter_barley,winter_rye,1
DK1_to_AT1_seed1,DK1,AT1,1,winter_barley,winter_triticale,0
DK1_to_AT1_seed1,DK1,AT1,1,winter_barley,winter_wheat,1
DK1_to_AT1_seed1,DK1,AT1,1,winter_rapeseed,corn,0
DK1_to_AT1_seed1,DK1,AT1,1,winter_rapeseed,horsebeans,0
DK1_to_AT1_seed1,DK1,AT1,1,winter_rapeseed,meadow,0
DK1_to_AT1_seed1,DK1,AT1,1,winter_rapeseed,spring_barley,2
DK1_to_AT1_seed1,DK1,AT1,1,winter_rapeseed,spring_oat,0
DK1_to_AT1_seed1,DK1,AT1,1,winter_rapeseed,spring_peas,0
DK1_to_AT1_seed1,DK1,AT1,1,winter_rapeseed,spring_wheat,0
DK1_to_AT1_seed1,DK1,AT1,1,winter_rapeseed,winter_barley,126
DK1_to_AT1_seed1,DK1,AT1,1,winter_rapeseed,winter_rapeseed,72
DK1_to_AT1_seed1,DK1,AT1,1,winter_rapeseed,winter_rye,0
DK1_to_AT1_seed1,DK1,AT1,1,winter_rapeseed,winter_triticale,0
DK1_to_AT1_seed1,DK1,AT1,1,winter_rapeseed,winter_wheat,0
DK1_to_AT1_seed1,DK1,AT1,1,winter_rye,corn,2
DK1_to_AT1_seed1,DK1,AT1,1,winter_rye,horsebeans,0
DK1_to_AT1_seed1,DK1,AT1,1,winter_rye,meadow,0
DK1_to_AT1_seed1,DK1,AT1,1,winter_rye,spring_barley,18
DK1_to_AT1_seed1,DK1,AT1,1,winter_rye,spring_oat,0
DK1_to_AT1_seed1,DK1,AT1,1,winter_rye,spring_peas,0
DK1_to_AT1_seed1,DK1,AT1,1,winter_rye,spring_wheat,0
DK1_to_AT1_seed1,DK1,AT1,1,winter_rye,winter_barley,65
DK1_to_AT1_seed1,DK1,AT1,1,winter_rye,winter_rapeseed,3
DK1_to_AT1_seed1,DK1,AT1,1,winter_rye,winter_rye,11
DK1_to_AT1_seed1,DK1,AT1,1,winter_rye,winter_triticale,16
DK1_to_AT1_seed1,DK1,AT1,1,winter_rye,winter_wheat,5
DK1_to_AT1_seed1,DK1,AT1,1,winter_triticale,corn,2
DK1_to_AT1_seed1,DK1,AT1,1,winter_triticale,horsebeans,0
DK1_to_AT1_seed1,DK1,AT1,1,winter_triticale,meadow,8
DK1_to_AT1_seed1,DK1,AT1,1,winter_triticale,spring_barley,34
DK1_to_AT1_seed1,DK1,AT1,1,winter_triticale,spring_oat,0
DK1_to_AT1_seed1,DK1,AT1,1,winter_triticale,spring_peas,0
DK1_to_AT1_seed1,DK1,AT1,1,winter_triticale,spring_wheat,0
DK1_to_AT1_seed1,DK1,AT1,1,winter_triticale,winter_barley,143
DK1_to_AT1_seed1,DK1,AT1,1,winter_triticale,winter_rapeseed,3
DK1_to_AT1_seed1,DK1,AT1,1,winter_triticale,winter_rye,9
DK1_to_AT1_seed1,DK1,AT1,1,winter_triticale,winter_triticale,70
DK1_to_AT1_seed1,DK1,AT1,1,winter_triticale,winter_wheat,31
DK1_to_AT1_seed1,DK1,AT1,1,winter_wheat,corn,1
DK1_to_AT1_seed1,DK1,AT1,1,winter_wheat,horsebeans,0
DK1_to_AT1_seed1,DK1,AT1,1,winter_wheat,meadow,6
DK1_to_AT1_seed1,DK1,AT1,1,winter_wheat,spring_barley,110
DK1_to_AT1_seed1,DK1,AT1,1,winter_wheat,spring_oat,0
DK1_to_AT1_seed1,DK1,AT1,1,winter_wheat,spring_peas,0
DK1_to_AT1_seed1,DK1,AT1,1,winter_wheat,spring_wheat,1
DK1_to_AT1_seed1,DK1,AT1,1,winter_wheat,winter_barley,754
DK1_to_AT1_seed1,DK1,AT1,1,winter_wheat,winter_rapeseed,0
DK1_to_AT1_seed1,DK1,AT1,1,winter_wheat,winter_rye,8
DK1_to_AT1_seed1,DK1,AT1,1,winter_wheat,winter_triticale,137
DK1_to_AT1_seed1,DK1,AT1,1,winter_wheat,winter_wheat,309
DK1_to_AT1_seed2,DK1,AT1,2,corn,corn,1870
DK1_to_AT1_seed2,DK1,AT1,2,corn,horsebeans,7
DK1_to_AT1_seed2,DK1,AT1,2,corn,meadow,3
DK1_to_AT1_seed2,DK1,AT1,2,corn,spring_barley,117
DK1_to_AT1_seed2,DK1,AT1,2,corn,spring_oat,11
DK1_to_AT1_seed2,DK1,AT1,2,corn,spring_peas,0
DK1_to_AT1_seed2,DK1,AT1,2,corn,spring_wheat,1
DK1_to_AT1_seed2,DK1,AT1,2,corn,winter_barley,1
DK1_to_AT1_seed2,DK1,AT1,2,corn,winter_rapeseed,1
DK1_to_AT1_seed2,DK1,AT1,2,corn,winter_rye,0
DK1_to_AT1_seed2,DK1,AT1,2,corn,winter_triticale,0
DK1_to_AT1_seed2,DK1,AT1,2,corn,winter_wheat,2
DK1_to_AT1_seed2,DK1,AT1,2,horsebeans,corn,0
DK1_to_AT1_seed2,DK1,AT1,2,horsebeans,horsebeans,6
DK1_to_AT1_seed2,DK1,AT1,2,horsebeans,meadow,0
DK1_to_AT1_seed2,DK1,AT1,2,horsebeans,spring_barley,76
DK1_to_AT1_seed2,DK1,AT1,2,horsebeans,spring_oat,0
DK1_to_AT1_seed2,DK1,AT1,2,horsebeans,spring_peas,0
DK1_to_AT1_seed2,DK1,AT1,2,horsebeans,spring_wheat,0
DK1_to_AT1_seed2,DK1,AT1,2,horsebeans,winter_barley,0
DK1_to_AT1_seed2,DK1,AT1,2,horsebeans,winter_rapeseed,0
DK1_to_AT1_seed2,DK1,AT1,2,horsebeans,winter_rye,0
DK1_to_AT1_seed2,DK1,AT1,2,horsebeans,winter_triticale,0
DK1_to_AT1_seed2,DK1,AT1,2,horsebeans,winter_wheat,19
DK1_to_AT1_seed2,DK1,AT1,2,meadow,corn,24
DK1_to_AT1_seed2,DK1,AT1,2,meadow,horsebeans,2
DK1_to_AT1_seed2,DK1,AT1,2,meadow,meadow,3382
DK1_to_AT1_seed2,DK1,AT1,2,meadow,spring_barley,217
DK1_to_AT1_seed2,DK1,AT1,2,meadow,spring_oat,4
DK1_to_AT1_seed2,DK1,AT1,2,meadow,spring_peas,0
DK1_to_AT1_seed2,DK1,AT1,2,meadow,spring_wheat,0
DK1_to_AT1_seed2,DK1,AT1,2,meadow,winter_barley,4
DK1_to_AT1_seed2,DK1,AT1,2,meadow,winter_rapeseed,9
DK1_to_AT1_seed2,DK1,AT1,2,meadow,winter_rye,5
DK1_to_AT1_seed2,DK1,AT1,2,meadow,winter_triticale,1
DK1_to_AT1_seed2,DK1,AT1,2,meadow,winter_wheat,6
DK1_to_AT1_seed2,DK1,AT1,2,spring_barley,corn,0
DK1_to_AT1_seed2,DK1,AT1,2,spring_barley,horsebeans,1
DK1_to_AT1_seed2,DK1,AT1,2,spring_barley,meadow,2
DK1_to_AT1_seed2,DK1,AT1,2,spring_barley,spring_barley,41
DK1_to_AT1_seed2,DK1,AT1,2,spring_barley,spring_oat,0
DK1_to_AT1_seed2,DK1,AT1,2,spring_barley,spring_peas,0
DK1_to_AT1_seed2,DK1,AT1,2,spring_barley,spring_wheat,0
DK1_to_AT1_seed2,DK1,AT1,2,spring_barley,winter_barley,2
DK1_to_AT1_seed2,DK1,AT1,2,spring_barley,winter_rapeseed,0
DK1_to_AT1_seed2,DK1,AT1,2,spring_barley,winter_rye,0
DK1_to_AT1_seed2,DK1,AT1,2,spring_barley,winter_triticale,0
DK1_to_AT1_seed2,DK1,AT1,2,spring_barley,winter_wheat,3
DK1_to_AT1_seed2,DK1,AT1,2,spring_oat,corn,1
DK1_to_AT1_seed2,DK1,AT1,2,spring_oat,horsebeans,0
DK1_to_AT1_seed2,DK1,AT1,2,spring_oat,meadow,3
DK1_to_AT1_seed2,DK1,AT1,2,spring_oat,spring_barley,108
DK1_to_AT1_seed2,DK1,AT1,2,spring_oat,spring_oat,0
DK1_to_AT1_seed2,DK1,AT1,2,spring_oat,spring_peas,2
DK1_to_AT1_seed2,DK1,AT1,2,spring_oat,spring_wheat,3
DK1_to_AT1_seed2,DK1,AT1,2,spring_oat,winter_barley,2
DK1_to_AT1_seed2,DK1,AT1,2,spring_oat,winter_rapeseed,0
DK1_to_AT1_seed2,DK1,AT1,2,spring_oat,winter_rye,0
DK1_to_AT1_seed2,DK1,AT1,2,spring_oat,winter_triticale,0
DK1_to_AT1_seed2,DK1,AT1,2,spring_oat,winter_wheat,8
DK1_to_AT1_seed2,DK1,AT1,2,spring_peas,corn,0
DK1_to_AT1_seed2,DK1,AT1,2,spring_peas,horsebeans,0
DK1_to_AT1_seed2,DK1,AT1,2,spring_peas,meadow,0
DK1_to_AT1_seed2,DK1,AT1,2,spring_peas,spring_barley,7
DK1_to_AT1_seed2,DK1,AT1,2,spring_peas,spring_oat,0
DK1_to_AT1_seed2,DK1,AT1,2,spring_peas,spring_peas,2
DK1_to_AT1_seed2,DK1,AT1,2,spring_peas,spring_wheat,0
DK1_to_AT1_seed2,DK1,AT1,2,spring_peas,winter_barley,2
DK1_to_AT1_seed2,DK1,AT1,2,spring_peas,winter_rapeseed,2
DK1_to_AT1_seed2,DK1,AT1,2,spring_peas,winter_rye,0
DK1_to_AT1_seed2,DK1,AT1,2,spring_peas,winter_triticale,0
DK1_to_AT1_seed2,DK1,AT1,2,spring_peas,winter_wheat,1
DK1_to_AT1_seed2,DK1,AT1,2,spring_wheat,corn,0
DK1_to_AT1_seed2,DK1,AT1,2,spring_wheat,horsebeans,0
DK1_to_AT1_seed2,DK1,AT1,2,spring_wheat,meadow,0
DK1_to_AT1_seed2,DK1,AT1,2,spring_wheat,spring_barley,7
DK1_to_AT1_seed2,DK1,AT1,2,spring_wheat,spring_oat,0
DK1_to_AT1_seed2,DK1,AT1,2,spring_wheat,spring_peas,0
DK1_to_AT1_seed2,DK1,AT1,2,spring_wheat,spring_wheat,0
DK1_to_AT1_seed2,DK1,AT1,2,spring_wheat,winter_barley,0
DK1_to_AT1_seed2,DK1,AT1,2,spring_wheat,winter_rapeseed,0
DK1_to_AT1_seed2,DK1,AT1,2,spring_wheat,winter_rye,0
DK1_to_AT1_seed2,DK1,AT1,2,spring_wheat,winter_triticale,0
DK1_to_AT1_seed2,DK1,AT1,2,spring_wheat,winter_wheat,5
DK1_to_AT1_seed2,DK1,AT1,2,winter_barley,corn,2
DK1_to_AT1_seed2,DK1,AT1,2,winter_barley,horsebeans,0
DK1_to_AT1_seed2,DK1,AT1,2,winter_barley,meadow,35
DK1_to_AT1_seed2,DK1,AT1,2,winter_barley,spring_barley,14
DK1_to_AT1_seed2,DK1,AT1,2,winter_barley,spring_oat,0
DK1_to_AT1_seed2,DK1,AT1,2,winter_barley,spring_peas,0
DK1_to_AT1_seed2,DK1,AT1,2,winter_barley,spring_wheat,0
DK1_to_AT1_seed2,DK1,AT1,2,winter_barley,winter_barley,891
DK1_to_AT1_seed2,DK1,AT1,2,winter_barley,winter_rapeseed,2
DK1_to_AT1_seed2,DK1,AT1,2,winter_barley,winter_rye,10
DK1_to_AT1_seed2,DK1,AT1,2,winter_barley,winter_triticale,0
DK1_to_AT1_seed2,DK1,AT1,2,winter_barley,winter_wheat,9
DK1_to_AT1_seed2,DK1,AT1,2,winter_rapeseed,corn,0
DK1_to_AT1_seed2,DK1,AT1,2,winter_rapeseed,horsebeans,0
DK1_to_AT1_seed2,DK1,AT1,2,winter_rapeseed,meadow,4
DK1_to_AT1_seed2,DK1,AT1,2,winter_rapeseed,spring_barley,1
DK1_to_AT1_seed2,DK1,AT1,2,winter_rapeseed,spring_oat,0
DK1_to_AT1_seed2,DK1,AT1,2,winter_rapeseed,spring_peas,0
DK1_to_AT1_seed2,DK1,AT1,2,winter_rapeseed,spring_wheat,0
DK1_to_AT1_seed2,DK1,AT1,2,winter_rapeseed,winter_barley,32
DK1_to_AT1_seed2,DK1,AT1,2,winter_rapeseed,winter_rapeseed,166
DK1_to_AT1_seed2,DK1,AT1,2,winter_rapeseed,winter_rye,0
DK1_to_AT1_seed2,DK1,AT1,2,winter_rapeseed,winter_triticale,0
DK1_to_AT1_seed2,DK1,AT1,2,winter_rapeseed,winter_wheat,0
DK1_to_AT1_seed2,DK1,AT1,2,winter_rye,corn,0
DK1_to_AT1_seed2,DK1,AT1,2,winter_rye,horsebeans,0
DK1_to_AT1_seed2,DK1,AT1,2,winter_rye,meadow,2
DK1_to_AT1_seed2,DK1,AT1,2,winter_rye,spring_barley,13
DK1_to_AT1_seed2,DK1,AT1,2,winter_rye,spring_oat,0
DK1_to_AT1_seed2,DK1,AT1,2,winter_rye,spring_peas,0
DK1_to_AT1_seed2,DK1,AT1,2,winter_rye,spring_wheat,0
DK1_to_AT1_seed2,DK1,AT1,2,winter_rye,winter_barley,24
DK1_to_AT1_seed2,DK1,AT1,2,winter_rye,winter_rapeseed,2
DK1_to_AT1_seed2,DK1,AT1,2,winter_rye,winter_rye,24
DK1_to_AT1_seed2,DK1,AT1,2,winter_rye,winter_triticale,11
DK1_to_AT1_seed2,DK1,AT1,2,winter_rye,winter_wheat,37
DK1_to_AT1_seed2,DK1,AT1,2,winter_triticale,corn,1
DK1_to_AT1_seed2,DK1,AT1,2,winter_triticale,horsebeans,1
DK1_to_AT1_seed2,DK1,AT1,2,winter_triticale,meadow,6
DK1_to_AT1_seed2,DK1,AT1,2,winter_triticale,spring_barley,18
DK1_to_AT1_seed2,DK1,AT1,2,winter_triticale,spring_oat,0
DK1_to_AT1_seed2,DK1,AT1,2,winter_triticale,spring_peas,1
DK1_to_AT1_seed2,DK1,AT1,2,winter_triticale,spring_wheat,0
DK1_to_AT1_seed2,DK1,AT1,2,winter_triticale,winter_barley,63
DK1_to_AT1_seed2,DK1,AT1,2,winter_triticale,winter_rapeseed,14
DK1_to_AT1_seed2,DK1,AT1,2,winter_triticale,winter_rye,12
DK1_to_AT1_seed2,DK1,AT1,2,winter_triticale,winter_triticale,24
DK1_to_AT1_seed2,DK1,AT1,2,winter_triticale,winter_wheat,158
DK1_to_AT1_seed2,DK1,AT1,2,winter_wheat,corn,2
DK1_to_AT1_seed2,DK1,AT1,2,winter_wheat,horsebeans,0
DK1_to_AT1_seed2,DK1,AT1,2,winter_wheat,meadow,2
DK1_to_AT1_seed2,DK1,AT1,2,winter_wheat,spring_barley,87
DK1_to_AT1_seed2,DK1,AT1,2,winter_wheat,spring_oat,0
DK1_to_AT1_seed2,DK1,AT1,2,winter_wheat,spring_peas,0
DK1_to_AT1_seed2,DK1,AT1,2,winter_wheat,spring_wheat,0
DK1_to_AT1_seed2,DK1,AT1,2,winter_wheat,winter_barley,197
DK1_to_AT1_seed2,DK1,AT1,2,winter_wheat,winter_rapeseed,1
DK1_to_AT1_seed2,DK1,AT1,2,winter_wheat,winter_rye,6
DK1_to_AT1_seed2,DK1,AT1,2,winter_wheat,winter_triticale,36
DK1_to_AT1_seed2,DK1,AT1,2,winter_wheat,winter_wheat,913
DK1_to_FR1_seed1,DK1,FR1,1,corn,corn,432
DK1_to_FR1_seed1,DK1,FR1,1,corn,horsebeans,11
DK1_to_FR1_seed1,DK1,FR1,1,corn,meadow,15
DK1_to_FR1_seed1,DK1,FR1,1,corn,spring_barley,248
DK1_to_FR1_seed1,DK1,FR1,1,corn,spring_oat,283
DK1_to_FR1_seed1,DK1,FR1,1,corn,spring_peas,2
DK1_to_FR1_seed1,DK1,FR1,1,corn,spring_wheat,291
DK1_to_FR1_seed1,DK1,FR1,1,corn,winter_barley,3
DK1_to_FR1_seed1,DK1,FR1,1,corn,winter_rapeseed,0
DK1_to_FR1_seed1,DK1,FR1,1,corn,winter_rye,0
DK1_to_FR1_seed1,DK1,FR1,1,corn,winter_triticale,0
DK1_to_FR1_seed1,DK1,FR1,1,corn,winter_wheat,21
DK1_to_FR1_seed1,DK1,FR1,1,horsebeans,corn,12
DK1_to_FR1_seed1,DK1,FR1,1,horsebeans,horsebeans,3
DK1_to_FR1_seed1,DK1,FR1,1,horsebeans,meadow,15
DK1_to_FR1_seed1,DK1,FR1,1,horsebeans,spring_barley,73
DK1_to_FR1_seed1,DK1,FR1,1,horsebeans,spring_oat,2
DK1_to_FR1_seed1,DK1,FR1,1,horsebeans,spring_peas,4
DK1_to_FR1_seed1,DK1,FR1,1,horsebeans,spring_wheat,2
DK1_to_FR1_seed1,DK1,FR1,1,horsebeans,winter_barley,17
DK1_to_FR1_seed1,DK1,FR1,1,horsebeans,winter_rapeseed,2
DK1_to_FR1_seed1,DK1,FR1,1,horsebeans,winter_rye,1
DK1_to_FR1_seed1,DK1,FR1,1,horsebeans,winter_triticale,0
DK1_to_FR1_seed1,DK1,FR1,1,horsebeans,winter_wheat,11
DK1_to_FR1_seed1,DK1,FR1,1,meadow,corn,113
DK1_to_FR1_seed1,DK1,FR1,1,meadow,horsebeans,6
DK1_to_FR1_seed1,DK1,FR1,1,meadow,meadow,2106
DK1_to_FR1_seed1,DK1,FR1,1,meadow,spring_barley,471
DK1_to_FR1_seed1,DK1,FR1,1,meadow,spring_oat,18
DK1_to_FR1_seed1,DK1,FR1,1,meadow,spring_peas,17
DK1_to_FR1_seed1,DK1,FR1,1,meadow,spring_wheat,14
DK1_to_FR1_seed1,DK1,FR1,1,meadow,winter_barley,101
DK1_to_FR1_seed1,DK1,FR1,1,meadow,winter_rapeseed,20
DK1_to_FR1_seed1,DK1,FR1,1,meadow,winter_rye,8
DK1_to_FR1_seed1,DK1,FR1,1,meadow,winter_triticale,8
DK1_to_FR1_seed1,DK1,FR1,1,meadow,winter_wheat,147
DK1_to_FR1_seed1,DK1,FR1,1,spring_barley,corn,2
DK1_to_FR1_seed1,DK1,FR1,1,spring_barley,horsebeans,1
DK1_to_FR1_seed1,DK1,FR1,1,spring_barley,meadow,8
DK1_to_FR1_seed1,DK1,FR1,1,spring_barley,spring_barley,13
DK1_to_FR1_seed1,DK1,FR1,1,spring_barley,spring_oat,0
DK1_to_FR1_seed1,DK1,FR1,1,spring_barley,spring_peas,0
DK1_to_FR1_seed1,DK1,FR1,1,spring_barley,spring_wheat,0
DK1_to_FR1_seed1,DK1,FR1,1,spring_barley,winter_barley,27
DK1_to_FR1_seed1,DK1,FR1,1,spring_barley,winter_rapeseed,0
DK1_to_FR1_seed1,DK1,FR1,1,spring_barley,winter_rye,2
DK1_to_FR1_seed1,DK1,FR1,1,spring_barley,winter_triticale,0
DK1_to_FR1_seed1,DK1,FR1,1,spring_barley,winter_wheat,3
DK1_to_FR1_seed1,DK1,FR1,1,spring_oat,corn,0
DK1_to_FR1_seed1,DK1,FR1,1,spring_oat,horsebeans,0
DK1_to_FR1_seed1,DK1,FR1,1,spring_oat,meadow,4
DK1_to_FR1_seed1,DK1,FR1,1,spring_oat,spring_barley,2
DK1_to_FR1_seed1,DK1,FR1,1,spring_oat,spring_oat,0
DK1_to_FR1_seed1,DK1,FR1,1,spring_oat,spring_peas,0
DK1_to_FR1_seed1,DK1,FR1,1,spring_oat,spring_wheat,0
DK1_to_FR1_seed1,DK1,FR1,1,spring_oat,winter_barley,4
DK1_to_FR1_seed1,DK1,FR1,1,spring_oat,winter_rapeseed,1
DK1_to_FR1_seed1,DK1,FR1,1,spring_oat,winter_rye,0
DK1_to_FR1_seed1,DK1,FR1,1,spring_oat,winter_triticale,0
DK1_to_FR1_seed1,DK1,FR1,1,spring_oat,winter_wheat,0
DK1_to_FR1_seed1,DK1,FR1,1,spring_peas,corn,0
DK1_to_FR1_seed1,DK1,FR1,1,spring_peas,horsebeans,0
DK1_to_FR1_seed1,DK1,FR1,1,spring_peas,meadow,3
DK1_to_FR1_seed1,DK1,FR1,1,spring_peas,spring_barley,26
DK1_to_FR1_seed1,DK1,FR1,1,spring_peas,spring_oat,0
DK1_to_FR1_seed1,DK1,FR1,1,spring_peas,spring_peas,1
DK1_to_FR1_seed1,DK1,FR1,1,spring_peas,spring_wheat,0
DK1_to_FR1_seed1,DK1,FR1,1,spring_peas,winter_barley,15
DK1_to_FR1_seed1,DK1,FR1,1,spring_peas,winter_rapeseed,34
DK1_to_FR1_seed1,DK1,FR1,1,spring_peas,winter_rye,0
DK1_to_FR1_seed1,DK1,FR1,1,spring_peas,winter_triticale,0
DK1_to_FR1_seed1,DK1,FR1,1,spring_peas,winter_wheat,1
DK1_to_FR1_seed1,DK1,FR1,1,spring_wheat,corn,0
DK1_to_FR1_seed1,DK1,FR1,1,spring_wheat,horsebeans,0
DK1_to_FR1_seed1,DK1,FR1,1,spring_wheat,meadow,2
DK1_to_FR1_seed1,DK1,FR1,1,spring_wheat,spring_barley,1
DK1_to_FR1_seed1,DK1,FR1,1,spring_wheat,spring_oat,0
DK1_to_FR1_seed1,DK1,FR1,1,spring_wheat,spring_peas,0
DK1_to_FR1_seed1,DK1,FR1,1,spring_wheat,spring_wheat,0
DK1_to_FR1_seed1,DK1,FR1,1,spring_wheat,winter_barley,7
DK1_to_FR1_seed1,DK1,FR1,1,spring_wheat,winter_rapeseed,0
DK1_to_FR1_seed1,DK1,FR1,1,spring_wheat,winter_rye,0
DK1_to_FR1_seed1,DK1,FR1,1,spring_wheat,winter_triticale,0
DK1_to_FR1_seed1,DK1,FR1,1,spring_wheat,winter_wheat,1
DK1_to_FR1_seed1,DK1,FR1,1,winter_barley,corn,11
DK1_to_FR1_seed1,DK1,FR1,1,winter_barley,horsebeans,0
DK1_to_FR1_seed1,DK1,FR1,1,winter_barley,meadow,101
DK1_to_FR1_seed1,DK1,FR1,1,winter_barley,spring_barley,176
DK1_to_FR1_seed1,DK1,FR1,1,winter_barley,spring_oat,4
DK1_to_FR1_seed1,DK1,FR1,1,winter_barley,spring_peas,0
DK1_to_FR1_seed1,DK1,FR1,1,winter_barley,spring_wheat,0
DK1_to_FR1_seed1,DK1,FR1,1,winter_barley,winter_barley,482
DK1_to_FR1_seed1,DK1,FR1,1,winter_barley,winter_rapeseed,2
DK1_to_FR1_seed1,DK1,FR1,1,winter_barley,winter_rye,9
DK1_to_FR1_seed1,DK1,FR1,1,winter_barley,winter_triticale,2
DK1_to_FR1_seed1,DK1,FR1,1,winter_barley,winter_wheat,25
DK1_to_FR1_seed1,DK1,FR1,1,winter_rapeseed,corn,4
DK1_to_FR1_seed1,DK1,FR1,1,winter_rapeseed,horsebeans,0
DK1_to_FR1_seed1,DK1,FR1,1,winter_rapeseed,meadow,23
DK1_to_FR1_seed1,DK1,FR1,1,winter_rapeseed,spring_barley,77
DK1_to_FR1_seed1,DK1,FR1,1,winter_rapeseed,spring_oat,0
DK1_to_FR1_seed1,DK1,FR1,1,winter_rapeseed,spring_peas,0
DK1_to_FR1_seed1,DK1,FR1,1,winter_rapeseed,spring_wheat,0
DK1_to_FR1_seed1,DK1,FR1,1,winter_rapeseed,winter_barley,147
DK1_to_FR1_seed1,DK1,FR1,1,winter_rapeseed,winter_rapeseed,260
DK1_to_FR1_seed1,DK1,FR1,1,winter_rapeseed,winter_rye,5
DK1_to_FR1_seed1,DK1,FR1,1,winter_rapeseed,winter_triticale,0
DK1_to_FR1_seed1,DK1,FR1,1,winter_rapeseed,winter_wheat,6
DK1_to_FR1_seed1,DK1,FR1,1,winter_rye,corn,0
DK1_to_FR1_seed1,DK1,FR1,1,winter_rye,horsebeans,0
DK1_to_FR1_seed1,DK1,FR1,1,winter_rye,meadow,0
DK1_to_FR1_seed1,DK1,FR1,1,winter_rye,spring_barley,0
DK1_to_FR1_seed1,DK1,FR1,1,winter_rye,spring_oat,0
DK1_to_FR1_seed1,DK1,FR1,1,winter_rye,spring_peas,0
DK1_to_FR1_seed1,DK1,FR1,1,winter_rye,spring_wheat,0
DK1_to_FR1_seed1,DK1,FR1,1,winter_rye,winter_barley,6
DK1_to_FR1_seed1,DK1,FR1,1,winter_rye,winter_rapeseed,0
DK1_to_FR1_seed1,DK1,FR1,1,winter_rye,winter_rye,0
DK1_to_FR1_seed1,DK1,FR1,1,winter_rye,winter_triticale,0
DK1_to_FR1_seed1,DK1,FR1,1,winter_rye,winter_wheat,0
DK1_to_FR1_seed1,DK1,FR1,1,winter_triticale,corn,2
DK1_to_FR1_seed1,DK1,FR1,1,winter_triticale,horsebeans,0
DK1_to_FR1_seed1,DK1,FR1,1,winter_triticale,meadow,6
DK1_to_FR1_seed1,DK1,FR1,1,winter_triticale,spring_barley,17
DK1_to_FR1_seed1,DK1,FR1,1,winter_triticale,spring_oat,0
DK1_to_FR1_seed1,DK1,FR1,1,winter_triticale,spring_peas,0
DK1_to_FR1_seed1,DK1,FR1,1,winter_triticale,spring_wheat,0
DK1_to_FR1_seed1,DK1,FR1,1,winter_triticale,winter_barley,110
DK1_to_FR1_seed1,DK1,FR1,1,winter_triticale,winter_rapeseed,0
DK1_to_FR1_seed1,DK1,FR1,1,winter_triticale,winter_rye,13
DK1_to_FR1_seed1,DK1,FR1,1,winter_triticale,winter_triticale,4
DK1_to_FR1_seed1,DK1,FR1,1,winter_triticale,winter_wheat,9
DK1_to_FR1_seed1,DK1,FR1,1,winter_wheat,corn,77
DK1_to_FR1_seed1,DK1,FR1,1,winter_wheat,horsebeans,0
DK1_to_FR1_seed1,DK1,FR1,1,winter_wheat,meadow,809
DK1_to_FR1_seed1,DK1,FR1,1,winter_wheat,spring_barley,299
DK1_to_FR1_seed1,DK1,FR1,1,winter_wheat,spring_oat,28
DK1_to_FR1_seed1,DK1,FR1,1,winter_wheat,spring_peas,1
DK1_to_FR1_seed1,DK1,FR1,1,winter_wheat,spring_wheat,13
DK1_to_FR1_seed1,DK1,FR1,1,winter_wheat,winter_barley,2489
DK1_to_FR1_seed1,DK1,FR1,1,winter_wheat,winter_rapeseed,1
DK1_to_FR1_seed1,DK1,FR1,1,winter_wheat,winter_rye,285
DK1_to_FR1_seed1,DK1,FR1,1,winter_wheat,winter_triticale,10
DK1_to_FR1_seed1,DK1,FR1,1,winter_wheat,winter_wheat,1277
DK1_to_FR1_seed2,DK1,FR1,2,corn,corn,1014
DK1_to_FR1_seed2,DK1,FR1,2,corn,horsebeans,0
DK1_to_FR1_seed2,DK1,FR1,2,corn,meadow,18
DK1_to_FR1_seed2,DK1,FR1,2,corn,spring_barley,89
DK1_to_FR1_seed2,DK1,FR1,2,corn,spring_oat,137
DK1_to_FR1_seed2,DK1,FR1,2,corn,spring_peas,0
DK1_to_FR1_seed2,DK1,FR1,2,corn,spring_wheat,49
DK1_to_FR1_seed2,DK1,FR1,2,corn,winter_barley,0
DK1_to_FR1_seed2,DK1,FR1,2,corn,winter_rapeseed,0
DK1_to_FR1_seed2,DK1,FR1,2,corn,winter_rye,0
DK1_to_FR1_seed2,DK1,FR1,2,corn,winter_triticale,0
DK1_to_FR1_seed2,DK1,FR1,2,corn,winter_wheat,3
DK1_to_FR1_seed2,DK1,FR1,2,horsebeans,corn,7
DK1_to_FR1_seed2,DK1,FR1,2,horsebeans,horsebeans,2
DK1_to_FR1_seed2,DK1,FR1,2,horsebeans,meadow,13
DK1_to_FR1_seed2,DK1,FR1,2,horsebeans,spring_barley,22
DK1_to_FR1_seed2,DK1,FR1,2,horsebeans,spring_oat,1
DK1_to_FR1_seed2,DK1,FR1,2,horsebeans,spring_peas,0
DK1_to_FR1_seed2,DK1,FR1,2,horsebeans,spring_wheat,0
DK1_to_FR1_seed2,DK1,FR1,2,horsebeans,winter_barley,11
DK1_to_FR1_seed2,DK1,FR1,2,horsebeans,winter_rapeseed,6
DK1_to_FR1_seed2,DK1,FR1,2,horsebeans,winter_rye,40
DK1_to_FR1_seed2,DK1,FR1,2,horsebeans,winter_triticale,11
DK1_to_FR1_seed2,DK1,FR1,2,horsebeans,winter_wheat,27
DK1_to_FR1_seed2,DK1,FR1,2,meadow,corn,23
DK1_to_FR1_seed2,DK1,FR1,2,meadow,horsebeans,3
DK1_to_FR1_seed2,DK1,FR1,2,meadow,meadow,2136
DK1_to_FR1_seed2,DK1,FR1,2,meadow,spring_barley,534
DK1_to_FR1_seed2,DK1,FR1,2,meadow,spring_oat,8
DK1_to_FR1_seed2,DK1,FR1,2,meadow,spring_peas,14
DK1_to_FR1_seed2,DK1,FR1,2,meadow,spring_wheat,7
DK1_to_FR1_seed2,DK1,FR1,2,meadow,winter_barley,55
DK1_to_FR1_seed2,DK1,FR1,2,meadow,winter_rapeseed,68
DK1_to_FR1_seed2,DK1,FR1,2,meadow,winter_rye,102
DK1_to_FR1_seed2,DK1,FR1,2,meadow,winter_triticale,44
DK1_to_FR1_seed2,DK1,FR1,2,meadow,winter_wheat,82
DK1_to_FR1_seed2,DK1,FR1,2,spring_barley,corn,1
DK1_to_FR1_seed2,DK1,FR1,2,spring_barley,horsebeans,0
DK1_to_FR1_seed2,DK1,FR1,2,spring_barley,meadow,13
DK1_to_FR1_seed2,DK1,FR1,2,spring_barley,spring_barley,4
DK1_to_FR1_seed2,DK1,FR1,2,spring_barley,spring_oat,0
DK1_to_FR1_seed2,DK1,FR1,2,spring_barley,spring_peas,0
DK1_to_FR1_seed2,DK1,FR1,2,spring_barley,spring_wheat,0
DK1_to_FR1_seed2,DK1,FR1,2,spring_barley,winter_barley,10
DK1_to_FR1_seed2,DK1,FR1,2,spring_barley,winter_rapeseed,0
DK1_to_FR1_seed2,DK1,FR1,2,spring_barley,winter_rye,6
DK1_to_FR1_seed2,DK1,FR1,2,spring_barley,winter_triticale,6
DK1_to_FR1_seed2,DK1,FR1,2,spring_barley,winter_wheat,7
DK1_to_FR1_seed2,DK1,FR1,2,spring_oat,corn,0
DK1_to_FR1_seed2,DK1,FR1,2,spring_oat,horsebeans,0
DK1_to_FR1_seed2,DK1,FR1,2,spring_oat,meadow,1
DK1_to_FR1_seed2,DK1,FR1,2,spring_oat,spring_barley,1
DK1_to_FR1_seed2,DK1,FR1,2,spring_oat,spring_oat,0
DK1_to_FR1_seed2,DK1,FR1,2,spring_oat,spring_peas,0
DK1_to_FR1_seed2,DK1,FR1,2,spring_oat,spring_wheat,0
DK1_to_FR1_seed2,DK1,FR1,2,spring_oat,winter_barley,3
DK1_to_FR1_seed2,DK1,FR1,2,spring_oat,winter_rapeseed,1
DK1_to_FR1_seed2,DK1,FR1,2,spring_oat,winter_rye,0
DK1_to_FR1_seed2,DK1,FR1,2,spring_oat,winter_triticale,1
DK1_to_FR1_seed2,DK1,FR1,2,spring_oat,winter_wheat,0
DK1_to_FR1_seed2,DK1,FR1,2,spring_peas,corn,3
DK1_to_FR1_seed2,DK1,FR1,2,spring_peas,horsebeans,0
DK1_to_FR1_seed2,DK1,FR1,2,spring_peas,meadow,3
DK1_to_FR1_seed2,DK1,FR1,2,spring_peas,spring_barley,14
DK1_to_FR1_seed2,DK1,FR1,2,spring_peas,spring_oat,0
DK1_to_FR1_seed2,DK1,FR1,2,spring_peas,spring_peas,0
DK1_to_FR1_seed2,DK1,FR1,2,spring_peas,spring_wheat,0
DK1_to_FR1_seed2,DK1,FR1,2,spring_peas,winter_barley,2
DK1_to_FR1_seed2,DK1,FR1,2,spring_peas,winter_rapeseed,45
DK1_to_FR1_seed2,DK1,FR1,2,spring_peas,winter_rye,0
DK1_to_FR1_seed2,DK1,FR1,2,spring_peas,winter_triticale,0
DK1_to_FR1_seed2,DK1,FR1,2,spring_peas,winter_wheat,10
DK1_to_FR1_seed2,DK1,FR1,2,spring_wheat,corn,0
DK1_to_FR1_seed2,DK1,FR1,2,spring_wheat,horsebeans,0
DK1_to_FR1_seed2,DK1,FR1,2,spring_wheat,meadow,1
DK1_to_FR1_seed2,DK1,FR1,2,spring_wheat,spring_barley,0
DK1_to_FR1_seed2,DK1,FR1,2,spring_wheat,spring_oat,0
DK1_to_FR1_seed2,DK1,FR1,2,spring_wheat,spring_peas,0
DK1_to_FR1_seed2,DK1,FR1,2,spring_wheat,spring_wheat,0
DK1_to_FR1_seed2,DK1,FR1,2,spring_wheat,winter_barley,3
DK1_to_FR1_seed2,DK1,FR1,2,spring_wheat,winter_rapeseed,0
DK1_to_FR1_seed2,DK1,FR1,2,spring_wheat,winter_rye,1
DK1_to_FR1_seed2,DK1,FR1,2,spring_wheat,winter_triticale,2
DK1_to_FR1_seed2,DK1,FR1,2,spring_wheat,winter_wheat,3
DK1_to_FR1_seed2,DK1,FR1,2,winter_barley,corn,6
DK1_to_FR1_seed2,DK1,FR1,2,winter_barley,horsebeans,0
DK1_to_FR1_seed2,DK1,FR1,2,winter_barley,meadow,244
DK1_to_FR1_seed2,DK1,FR1,2,winter_barley,spring_barley,86
DK1_to_FR1_seed2,DK1,FR1,2,winter_barley,spring_oat,2
DK1_to_FR1_seed2,DK1,FR1,2,winter_barley,spring_peas,0
DK1_to_FR1_seed2,DK1,FR1,2,winter_barley,spring_wheat,1
DK1_to_FR1_seed2,DK1,FR1,2,winter_barley,winter_barley,162
DK1_to_FR1_seed2,DK1,FR1,2,winter_barley,winter_rapeseed,55
DK1_to_FR1_seed2,DK1,FR1,2,winter_barley,winter_rye,106
DK1_to_FR1_seed2,DK1,FR1,2,winter_barley,winter_triticale,36
DK1_to_FR1_seed2,DK1,FR1,2,winter_barley,winter_wheat,108
DK1_to_FR1_seed2,DK1,FR1,2,winter_rapeseed,corn,11
DK1_to_FR1_seed2,DK1,FR1,2,winter_rapeseed,horsebeans,0
DK1_to_FR1_seed2,DK1,FR1,2,winter_rapeseed,meadow,23
DK1_to_FR1_seed2,DK1,FR1,2,winter_rapeseed,spring_barley,216
DK1_to_FR1_seed2,DK1,FR1,2,winter_rapeseed,spring_oat,0
DK1_to_FR1_seed2,DK1,FR1,2,winter_rapeseed,spring_peas,10
DK1_to_FR1_seed2,DK1,FR1,2,winter_rapeseed,spring_wheat,0
DK1_to_FR1_seed2,DK1,FR1,2,winter_rapeseed,winter_barley,26
DK1_to_FR1_seed2,DK1,FR1,2,winter_rapeseed,winter_rapeseed,180
DK1_to_FR1_seed2,DK1,FR1,2,winter_rapeseed,winter_rye,13
DK1_to_FR1_seed2,DK1,FR1,2,winter_rapeseed,winter_triticale,4
DK1_to_FR1_seed2,DK1,FR1,2,winter_rapeseed,winter_wheat,9
DK1_to_FR1_seed2,DK1,FR1,2,winter_rye,corn,0
DK1_to_FR1_seed2,DK1,FR1,2,winter_rye,horsebeans,0
DK1_to_FR1_seed2,DK1,FR1,2,winter_rye,meadow,0
DK1_to_FR1_seed2,DK1,FR1,2,winter_rye,spring_barley,0
DK1_to_FR1_seed2,DK1,FR1,2,winter_rye,spring_oat,0
DK1_to_FR1_seed2,DK1,FR1,2,winter_rye,spring_peas,0
DK1_to_FR1_seed2,DK1,FR1,2,winter_rye,spring_wheat,0
DK1_to_FR1_seed2,DK1,FR1,2,winter_rye,winter_barley,6
DK1_to_FR1_seed2,DK1,FR1,2,winter_rye,winter_rapeseed,0
DK1_to_FR1_seed2,DK1,FR1,2,winter_rye,winter_rye,0
DK1_to_FR1_seed2,DK1,FR1,2,winter_rye,winter_triticale,0
DK1_to_FR1_seed2,DK1,FR1,2,winter_rye,winter_wheat,0
DK1_to_FR1_seed2,DK1,FR1,2,winter_triticale,corn,2
DK1_to_FR1_seed2,DK1,FR1,2,winter_triticale,horsebeans,0
DK1_to_FR1_seed2,DK1,FR1,2,winter_triticale,meadow,17
DK1_to_FR1_seed2,DK1,FR1,2,winter_triticale,spring_barley,8
DK1_to_FR1_seed2,DK1,FR1,2,winter_triticale,spring_oat,0
DK1_to_FR1_seed2,DK1,FR1,2,winter_triticale,spring_peas,0
DK1_to_FR1_seed2,DK1,FR1,2,winter_triticale,spring_wheat,1
DK1_to_FR1_seed2,DK1,FR1,2,winter_triticale,winter_barley,90
DK1_to_FR1_seed2,DK1,FR1,2,winter_triticale,winter_rapeseed,2
DK1_to_FR1_seed2,DK1,FR1,2,winter_triticale,winter_rye,13
DK1_to_FR1_seed2,DK1,FR1,2,winter_triticale,winter_triticale,22
DK1_to_FR1_seed2,DK1,FR1,2,winter_triticale,winter_wheat,19
DK1_to_FR1_seed2,DK1,FR1,2,winter_wheat,corn,60
DK1_to_FR1_seed2,DK1,FR1,2,winter_wheat,horsebeans,0
DK1_to_FR1_seed2,DK1,FR1,2,winter_wheat,meadow,213
DK1_to_FR1_seed2,DK1,FR1,2,winter_wheat,spring_barley,21
DK1_to_FR1_seed2,DK1,FR1,2,winter_wheat,spring_oat,1
DK1_to_FR1_seed2,DK1,FR1,2,winter_wheat,spring_peas,1
DK1_to_FR1_seed2,DK1,FR1,2,winter_wheat,spring_wheat,0
DK1_to_FR1_seed2,DK1,FR1,2,winter_wheat,winter_barley,2263
DK1_to_FR1_seed2,DK1,FR1,2,winter_wheat,winter_rapeseed,6
DK1_to_FR1_seed2,DK1,FR1,2,winter_wheat,winter_rye,445
DK1_to_FR1_seed2,DK1,FR1,2,winter_wheat,winter_triticale,168
DK1_to_FR1_seed2,DK1,FR1,2,winter_wheat,winter_wheat,2102
DK1_to_FR2_seed1,DK1,FR2,1,corn,corn,2589
DK1_to_FR2_seed1,DK1,FR2,1,corn,horsebeans,0
DK1_to_FR2_seed1,DK1,FR2,1,corn,meadow,128
DK1_to_FR2_seed1,DK1,FR2,1,corn,spring_barley,427
DK1_to_FR2_seed1,DK1,FR2,1,corn,spring_oat,52
DK1_to_FR2_seed1,DK1,FR2,1,corn,spring_peas,0
DK1_to_FR2_seed1,DK1,FR2,1,corn,spring_wheat,18
DK1_to_FR2_seed1,DK1,FR2,1,corn,winter_barley,20
DK1_to_FR2_seed1,DK1,FR2,1,corn,winter_rapeseed,21
DK1_to_FR2_seed1,DK1,FR2,1,corn,winter_rye,129
DK1_to_FR2_seed1,DK1,FR2,1,corn,winter_triticale,0
DK1_to_FR2_seed1,DK1,FR2,1,corn,winter_wheat,485
DK1_to_FR2_seed1,DK1,FR2,1,horsebeans,corn,6
DK1_to_FR2_seed1,DK1,FR2,1,horsebeans,horsebeans,0
DK1_to_FR2_seed1,DK1,FR2,1,horsebeans,meadow,5
DK1_to_FR2_seed1,DK1,FR2,1,horsebeans,spring_barley,4
DK1_to_FR2_seed1,DK1,FR2,1,horsebeans,spring_oat,1
DK1_to_FR2_seed1,DK1,FR2,1,horsebeans,spring_peas,0
DK1_to_FR2_seed1,DK1,FR2,1,horsebeans,spring_wheat,0
DK1_to_FR2_seed1,DK1,FR2,1,horsebeans,winter_barley,46
DK1_to_FR2_seed1,DK1,FR2,1,horsebeans,winter_rapeseed,13
DK1_to_FR2_seed1,DK1,FR2,1,horsebeans,winter_rye,1
DK1_to_FR2_seed1,DK1,FR2,1,horsebeans,winter_triticale,4
DK1_to_FR2_seed1,DK1,FR2,1,horsebeans,winter_wheat,13
DK1_to_FR2_seed1,DK1,FR2,1,meadow,corn,63
DK1_to_FR2_seed1,DK1,FR2,1,meadow,horsebeans,1
DK1_to_FR2_seed1,DK1,FR2,1,meadow,meadow,6849
DK1_to_FR2_seed1,DK1,FR2,1,meadow,spring_barley,958
DK1_to_FR2_seed1,DK1,FR2,1,meadow,spring_oat,1
DK1_to_FR2_seed1,DK1,FR2,1,meadow,spring_peas,5
DK1_to_FR2_seed1,DK1,FR2,1,meadow,spring_wheat,6
DK1_to_FR2_seed1,DK1,FR2,1,meadow,winter_barley,1495
DK1_to_FR2_seed1,DK1,FR2,1,meadow,winter_rapeseed,160
DK1_to_FR2_seed1,DK1,FR2,1,meadow,winter_rye,617
DK1_to_FR2_seed1,DK1,FR2,1,meadow,winter_triticale,15
DK1_to_FR2_seed1,DK1,FR2,1,meadow,winter_wheat,278
DK1_to_FR2_seed1,DK1,FR2,1,spring_barley,corn,3
DK1_to_FR2_seed1,DK1,FR2,1,spring_barley,horsebeans,0
DK1_to_FR2_seed1,DK1,FR2,1,spring_barley,meadow,5
DK1_to_FR2_seed1,DK1,FR2,1,spring_barley,spring_barley,26
DK1_to_FR2_seed1,DK1,FR2,1,spring_barley,spring_oat,1
DK1_to_FR2_seed1,DK1,FR2,1,spring_barley,spring_peas,0
DK1_to_FR2_seed1,DK1,FR2,1,spring_barley,spring_wheat,1
DK1_to_FR2_seed1,DK1,FR2,1,spring_barley,winter_barley,35
DK1_to_FR2_seed1,DK1,FR2,1,spring_barley,winter_rapeseed,0
DK1_to_FR2_seed1,DK1,FR2,1,spring_barley,winter_rye,3
DK1_to_FR2_seed1,DK1,FR2,1,spring_barley,winter_triticale,0
DK1_to_FR2_seed1,DK1,FR2,1,spring_barley,winter_wheat,1
DK1_to_FR2_seed1,DK1,FR2,1,spring_oat,corn,0
DK1_to_FR2_seed1,DK1,FR2,1,spring_oat,horsebeans,0
DK1_to_FR2_seed1,DK1,FR2,1,spring_oat,meadow,0
DK1_to_FR2_seed1,DK1,FR2,1,spring_oat,spring_barley,3
DK1_to_FR2_seed1,DK1,FR2,1,spring_oat,spring_oat,0
DK1_to_FR2_seed1,DK1,FR2,1,spring_oat,spring_peas,0
DK1_to_FR2_seed1,DK1,FR2,1,spring_oat,spring_wheat,0
DK1_to_FR2_seed1,DK1,FR2,1,spring_oat,winter_barley,3
DK1_to_FR2_seed1,DK1,FR2,1,spring_oat,winter_rapeseed,0
DK1_to_FR2_seed1,DK1,FR2,1,spring_oat,winter_rye,0
DK1_to_FR2_seed1,DK1,FR2,1,spring_oat,winter_triticale,0
DK1_to_FR2_seed1,DK1,FR2,1,spring_oat,winter_wheat,0
DK1_to_FR2_seed1,DK1,FR2,1,spring_peas,corn,5
DK1_to_FR2_seed1,DK1,FR2,1,spring_peas,horsebeans,0
DK1_to_FR2_seed1,DK1,FR2,1,spring_peas,meadow,3
DK1_to_FR2_seed1,DK1,FR2,1,spring_peas,spring_barley,19
DK1_to_FR2_seed1,DK1,FR2,1,spring_peas,spring_oat,1
DK1_to_FR2_seed1,DK1,FR2,1,spring_peas,spring_peas,3
DK1_to_FR2_seed1,DK1,FR2,1,spring_peas,spring_wheat,0
DK1_to_FR2_seed1,DK1,FR2,1,spring_peas,winter_barley,22
DK1_to_FR2_seed1,DK1,FR2,1,spring_peas,winter_rapeseed,3
DK1_to_FR2_seed1,DK1,FR2,1,spring_peas,winter_rye,0
DK1_to_FR2_seed1,DK1,FR2,1,spring_peas,winter_triticale,0
DK1_to_FR2_seed1,DK1,FR2,1,spring_peas,winter_wheat,2
DK1_to_FR2_seed1,DK1,FR2,1,spring_wheat,corn,0
DK1_to_FR2_seed1,DK1,FR2,1,spring_wheat,horsebeans,0
DK1_to_FR2_seed1,DK1,FR2,1,spring_wheat,meadow,0
DK1_to_FR2_seed1,DK1,FR2,1,spring_wheat,spring_barley,0
DK1_to_FR2_seed1,DK1,FR2,1,spring_wheat,spring_oat,0
DK1_to_FR2_seed1,DK1,FR2,1,spring_wheat,spring_peas,0
DK1_to_FR2_seed1,DK1,FR2,1,spring_wheat,spring_wheat,0
DK1_to_FR2_seed1,DK1,FR2,1,spring_wheat,winter_barley,5
DK1_to_FR2_seed1,DK1,FR2,1,spring_wheat,winter_rapeseed,0
DK1_to_FR2_seed1,DK1,FR2,1,spring_wheat,winter_rye,1
DK1_to_FR2_seed1,DK1,FR2,1,spring_wheat,winter_triticale,0
DK1_to_FR2_seed1,DK1,FR2,1,spring_wheat,winter_wheat,2
DK1_to_FR2_seed1,DK1,FR2,1,winter_barley,corn,13
DK1_to_FR2_seed1,DK1,FR2,1,winter_barley,horsebeans,0
DK1_to_FR2_seed1,DK1,FR2,1,winter_barley,meadow,110
DK1_to_FR2_seed1,DK1,FR2,1,winter_barley,spring_barley,14
DK1_to_FR2_seed1,DK1,FR2,1,winter_barley,spring_oat,0
DK1_to_FR2_seed1,DK1,FR2,1,winter_barley,spring_peas,0
DK1_to_FR2_seed1,DK1,FR2,1,winter_barley,spring_wheat,0
DK1_to_FR2_seed1,DK1,FR2,1,winter_barley,winter_barley,515
DK1_to_FR2_seed1,DK1,FR2,1,winter_barley,winter_rapeseed,34
DK1_to_FR2_seed1,DK1,FR2,1,winter_barley,winter_rye,81
DK1_to_FR2_seed1,DK1,FR2,1,winter_barley,winter_triticale,2
DK1_to_FR2_seed1,DK1,FR2,1,winter_barley,winter_wheat,18
DK1_to_FR2_seed1,DK1,FR2,1,winter_rapeseed,corn,3
DK1_to_FR2_seed1,DK1,FR2,1,winter_rapeseed,horsebeans,0
DK1_to_FR2_seed1,DK1,FR2,1,winter_rapeseed,meadow,16
DK1_to_FR2_seed1,DK1,FR2,1,winter_rapeseed,spring_barley,22
DK1_to_FR2_seed1,DK1,FR2,1,winter_rapeseed,spring_oat,3
DK1_to_FR2_seed1,DK1,FR2,1,winter_rapeseed,spring_peas,1
DK1_to_FR2_seed1,DK1,FR2,1,winter_rapeseed,spring_wheat,0
DK1_to_FR2_seed1,DK1,FR2,1,winter_rapeseed,winter_barley,236
DK1_to_FR2_seed1,DK1,FR2,1,winter_rapeseed,winter_rapeseed,466
DK1_to_FR2_seed1,DK1,FR2,1,winter_rapeseed,winter_rye,2
DK1_to_FR2_seed1,DK1,FR2,1,winter_rapeseed,winter_triticale,0
DK1_to_FR2_seed1,DK1,FR2,1,winter_rapeseed,winter_wheat,7
DK1_to_FR2_seed1,DK1,FR2,1,winter_rye,corn,1
DK1_to_FR2_seed1,DK1,FR2,1,winter_rye,horsebeans,0
DK1_to_FR2_seed1,DK1,FR2,1,winter_rye,meadow,0
DK1_to_FR2_seed1,DK1,FR2,1,winter_rye,spring_barley,0
DK1_to_FR2_seed1,DK1,FR2,1,winter_rye,spring_oat,0
DK1_to_FR2_seed1,DK1,FR2,1,winter_rye,spring_peas,0
DK1_to_FR2_seed1,DK1,FR2,1,winter_rye,spring_wheat,0
DK1_to_FR2_seed1,DK1,FR2,1,winter_rye,winter_barley,4
DK1_to_FR2_seed1,DK1,FR2,1,winter_rye,winter_rapeseed,4
DK1_to_FR2_seed1,DK1,FR2,1,winter_rye,winter_rye,0
DK1_to_FR2_seed1,DK1,FR2,1,winter_rye,winter_triticale,0
DK1_to_FR2_seed1,DK1,FR2,1,winter_rye,winter_wheat,0
DK1_to_FR2_seed1,DK1,FR2,1,winter_triticale,corn,1
DK1_to_FR2_seed1,DK1,FR2,1,winter_triticale,horsebeans,0
DK1_to_FR2_seed1,DK1,FR2,1,winter_triticale,meadow,23
DK1_to_FR2_seed1,DK1,FR2,1,winter_triticale,spring_barley,10
DK1_to_FR2_seed1,DK1,FR2,1,winter_triticale,spring_oat,0
DK1_to_FR2_seed1,DK1,FR2,1,winter_triticale,spring_peas,0
DK1_to_FR2_seed1,DK1,FR2,1,winter_triticale,spring_wheat,0
DK1_to_FR2_seed1,DK1,FR2,1,winter_triticale,winter_barley,389
DK1_to_FR2_seed1,DK1,FR2,1,winter_triticale,winter_rapeseed,14
DK1_to_FR2_seed1,DK1,FR2,1,winter_triticale,winter_rye,44
DK1_to_FR2_seed1,DK1,FR2,1,winter_triticale,winter_triticale,1
DK1_to_FR2_seed1,DK1,FR2,1,winter_triticale,winter_wheat,26
DK1_to_FR2_seed1,DK1,FR2,1,winter_wheat,corn,59
DK1_to_FR2_seed1,DK1,FR2,1,winter_wheat,horsebeans,0
DK1_to_FR2_seed1,DK1,FR2,1,winter_wheat,meadow,142
DK1_to_FR2_seed1,DK1,FR2,1,winter_wheat,spring_barley,36
DK1_to_FR2_seed1,DK1,FR2,1,winter_wheat,spring_oat,1
DK1_to_FR2_seed1,DK1,FR2,1,winter_wheat,spring_peas,1
DK1_to_FR2_seed1,DK1,FR2,1,winter_wheat,spring_wheat,0
DK1_to_FR2_seed1,DK1,FR2,1,winter_wheat,winter_barley,2284
DK1_to_FR2_seed1,DK1,FR2,1,winter_wheat,winter_rapeseed,6
DK1_to_FR2_seed1,DK1,FR2,1,winter_wheat,winter_rye,885
DK1_to_FR2_seed1,DK1,FR2,1,winter_wheat,winter_triticale,2
DK1_to_FR2_seed1,DK1,FR2,1,winter_wheat,winter_wheat,856
DK1_to_FR2_seed2,DK1,FR2,2,corn,corn,962
DK1_to_FR2_seed2,DK1,FR2,2,corn,horsebeans,26
DK1_to_FR2_seed2,DK1,FR2,2,corn,meadow,542
DK1_to_FR2_seed2,DK1,FR2,2,corn,spring_barley,1747
DK1_to_FR2_seed2,DK1,FR2,2,corn,spring_oat,432
DK1_to_FR2_seed2,DK1,FR2,2,corn,spring_peas,2
DK1_to_FR2_seed2,DK1,FR2,2,corn,spring_wheat,21
DK1_to_FR2_seed2,DK1,FR2,2,corn,winter_barley,6
DK1_to_FR2_seed2,DK1,FR2,2,corn,winter_rapeseed,15
DK1_to_FR2_seed2,DK1,FR2,2,corn,winter_rye,36
DK1_to_FR2_seed2,DK1,FR2,2,corn,winter_triticale,1
DK1_to_FR2_seed2,DK1,FR2,2,corn,winter_wheat,26
DK1_to_FR2_seed2,DK1,FR2,2,horsebeans,corn,5
DK1_to_FR2_seed2,DK1,FR2,2,horsebeans,horsebeans,1
DK1_to_FR2_seed2,DK1,FR2,2,horsebeans,meadow,2
DK1_to_FR2_seed2,DK1,FR2,2,horsebeans,spring_barley,5
DK1_to_FR2_seed2,DK1,FR2,2,horsebeans,spring_oat,0
DK1_to_FR2_seed2,DK1,FR2,2,horsebeans,spring_peas,0
DK1_to_FR2_seed2,DK1,FR2,2,horsebeans,spring_wheat,0
DK1_to_FR2_seed2,DK1,FR2,2,horsebeans,winter_barley,33
DK1_to_FR2_seed2,DK1,FR2,2,horsebeans,winter_rapeseed,18
DK1_to_FR2_seed2,DK1,FR2,2,horsebeans,winter_rye,10
DK1_to_FR2_seed2,DK1,FR2,2,horsebeans,winter_triticale,18
DK1_to_FR2_seed2,DK1,FR2,2,horsebeans,winter_wheat,8
DK1_to_FR2_seed2,DK1,FR2,2,meadow,corn,5
DK1_to_FR2_seed2,DK1,FR2,2,meadow,horsebeans,0
DK1_to_FR2_seed2,DK1,FR2,2,meadow,meadow,10048
DK1_to_FR2_seed2,DK1,FR2,2,meadow,spring_barley,170
DK1_to_FR2_seed2,DK1,FR2,2,meadow,spring_oat,1
DK1_to_FR2_seed2,DK1,FR2,2,meadow,spring_peas,0
DK1_to_FR2_seed2,DK1,FR2,2,meadow,spring_wheat,0
DK1_to_FR2_seed2,DK1,FR2,2,meadow,winter_barley,187
DK1_to_FR2_seed2,DK1,FR2,2,meadow,winter_rapeseed,15
DK1_to_FR2_seed2,DK1,FR2,2,meadow,winter_rye,80
DK1_to_FR2_seed2,DK1,FR2,2,meadow,winter_triticale,38
DK1_to_FR2_seed2,DK1,FR2,2,meadow,winter_wheat,32
DK1_to_FR2_seed2,DK1,FR2,2,spring_barley,corn,0
DK1_to_FR2_seed2,DK1,FR2,2,spring_barley,horsebeans,0
DK1_to_FR2_seed2,DK1,FR2,2,spring_barley,meadow,5
DK1_to_FR2_seed2,DK1,FR2,2,spring_barley,spring_barley,33
DK1_to_FR2_seed2,DK1,FR2,2,spring_barley,spring_oat,0
DK1_to_FR2_seed2,DK1,FR2,2,spring_barley,spring_peas,0
DK1_to_FR2_seed2,DK1,FR2,2,spring_barley,spring_wheat,0
DK1_to_FR2_seed2,DK1,FR2,2,spring_barley,winter_barley,41
DK1_to_FR2_seed2,DK1,FR2,2,spring_barley,winter_rapeseed,1
DK1_to_FR2_seed2,DK1,FR2,2,spring_barley,winter_rye,3
DK1_to_FR2_seed2,DK1,FR2,2,spring_barley,winter_triticale,1
DK1_to_FR2_seed2,DK1,FR2,2,spring_barley,winter_wheat,0
DK1_to_FR2_seed2,DK1,FR2,2,spring_oat,corn,0
DK1_to_FR2_seed2,DK1,FR2,2,spring_oat,horsebeans,0
DK1_to_FR2_seed2,DK1,FR2,2,spring_oat,meadow,1
DK1_to_FR2_seed2,DK1,FR2,2,spring_oat,spring_barley,4
DK1_to_FR2_seed2,DK1,FR2,2,spring_oat,spring_oat,0
DK1_to_FR2_seed2,DK1,FR2,2,spring_oat,spring_peas,0
DK1_to_FR2_seed2,DK1,FR2,2,spring_oat,spring_wheat,0
DK1_to_FR2_seed2,DK1,FR2,2,spring_oat,winter_barley,1
DK1_to_FR2_seed2,DK1,FR2,2,spring_oat,winter_rapeseed,0
DK1_to_FR2_seed2,DK1,FR2,2,spring_oat,winter_rye,0
DK1_to_FR2_seed2,DK1,FR2,2,spring_oat,winter_triticale,0
DK1_to_FR2_seed2,DK1,FR2,2,spring_oat,winter_wheat,1
DK1_to_FR2_seed2,DK1,FR2,2,spring_peas,corn,3
DK1_to_FR2_seed2,DK1,FR2,2,spring_peas,horsebeans,0
DK1_to_FR2_seed2,DK1,FR2,2,spring_peas,meadow,1
DK1_to_FR2_seed2,DK1,FR2,2,spring_peas,spring_barley,23
DK1_to_FR2_seed2,DK1,FR2,2,spring_peas,spring_oat,0
DK1_to_FR2_seed2,DK1,FR2,2,spring_peas,spring_peas,1
DK1_to_FR2_seed2,DK1,FR2,2,spring_peas,spring_wheat,0
DK1_to_FR2_seed2,DK1,FR2,2,spring_peas,winter_barley,13
DK1_to_FR2_seed2,DK1,FR2,2,spring_peas,winter_rapeseed,3
DK1_to_FR2_seed2,DK1,FR2,2,spring_peas,winter_rye,0
DK1_to_FR2_seed2,DK1,FR2,2,spring_peas,winter_triticale,0
DK1_to_FR2_seed2,DK1,FR2,2,spring_peas,winter_wheat,2
DK1_to_FR2_seed2,DK1,FR2,2,spring_wheat,corn,0
DK1_to_FR2_seed2,DK1,FR2,2,spring_wheat,horsebeans,0
DK1_to_FR2_seed2,DK1,FR2,2,spring_wheat,meadow,0
DK1_to_FR2_seed2,DK1,FR2,2,spring_wheat,spring_barley,1
DK1_to_FR2_seed2,DK1,FR2,2,spring_wheat,spring_oat,0
DK1_to_FR2_seed2,DK1,FR2,2,spring_wheat,spring_peas,0
DK1_to_FR2_seed2,DK1,FR2,2,spring_wheat,spring_wheat,0
DK1_to_FR2_seed2,DK1,FR2,2,spring_wheat,winter_barley,2
DK1_to_FR2_seed2,DK1,FR2,2,spring_wheat,winter_rapeseed,0
DK1_to_FR2_seed2,DK1,FR2,2,spring_wheat,winter_rye,2
DK1_to_FR2_seed2,DK1,FR2,2,spring_wheat,winter_triticale,1
DK1_to_FR2_seed2,DK1,FR2,2,spring_wheat,winter_wheat,1
DK1_to_FR2_seed2,DK1,FR2,2,winter_barley,corn,0
DK1_to_FR2_seed2,DK1,FR2,2,winter_barley,horsebeans,0
DK1_to_FR2_seed2,DK1,FR2,2,winter_barley,meadow,81
DK1_to_FR2_seed2,DK1,FR2,2,winter_barley,spring_barley,1
DK1_to_FR2_seed2,DK1,FR2,2,winter_barley,spring_oat,1
DK1_to_FR2_seed2,DK1,FR2,2,winter_barley,spring_peas,0
DK1_to_FR2_seed2,DK1,FR2,2,winter_barley,spring_wheat,0
DK1_to_FR2_seed2,DK1,FR2,2,winter_barley,winter_barley,706
DK1_to_FR2_seed2,DK1,FR2,2,winter_barley,winter_rapeseed,0
DK1_to_FR2_seed2,DK1,FR2,2,winter_barley,winter_rye,14
DK1_to_FR2_seed2,DK1,FR2,2,winter_barley,winter_triticale,26
DK1_to_FR2_seed2,DK1,FR2,2,winter_barley,winter_wheat,5
DK1_to_FR2_seed2,DK1,FR2,2,winter_rapeseed,corn,0
DK1_to_FR2_seed2,DK1,FR2,2,winter_rapeseed,horsebeans,0
DK1_to_FR2_seed2,DK1,FR2,2,winter_rapeseed,meadow,8
DK1_to_FR2_seed2,DK1,FR2,2,winter_rapeseed,spring_barley,30
DK1_to_FR2_seed2,DK1,FR2,2,winter_rapeseed,spring_oat,0
DK1_to_FR2_seed2,DK1,FR2,2,winter_rapeseed,spring_peas,0
DK1_to_FR2_seed2,DK1,FR2,2,winter_rapeseed,spring_wheat,0
DK1_to_FR2_seed2,DK1,FR2,2,winter_rapeseed,winter_barley,509
DK1_to_FR2_seed2,DK1,FR2,2,winter_rapeseed,winter_rapeseed,199
DK1_to_FR2_seed2,DK1,FR2,2,winter_rapeseed,winter_rye,10
DK1_to_FR2_seed2,DK1,FR2,2,winter_rapeseed,winter_triticale,17
DK1_to_FR2_seed2,DK1,FR2,2,winter_rapeseed,winter_wheat,1
DK1_to_FR2_seed2,DK1,FR2,2,winter_rye,corn,0
DK1_to_FR2_seed2,DK1,FR2,2,winter_rye,horsebeans,0
DK1_to_FR2_seed2,DK1,FR2,2,winter_rye,meadow,1
DK1_to_FR2_seed2,DK1,FR2,2,winter_rye,spring_barley,0
DK1_to_FR2_seed2,DK1,FR2,2,winter_rye,spring_oat,0
DK1_to_FR2_seed2,DK1,FR2,2,winter_rye,spring_peas,0
DK1_to_FR2_seed2,DK1,FR2,2,winter_rye,spring_wheat,0
DK1_to_FR2_seed2,DK1,FR2,2,winter_rye,winter_barley,3
DK1_to_FR2_seed2,DK1,FR2,2,winter_rye,winter_rapeseed,0
DK1_to_FR2_seed2,DK1,FR2,2,winter_rye,winter_rye,3
DK1_to_FR2_seed2,DK1,FR2,2,winter_rye,winter_triticale,1
DK1_to_FR2_seed2,DK1,FR2,2,winter_rye,winter_wheat,0
DK1_to_FR2_seed2,DK1,FR2,2,winter_triticale,corn,1
DK1_to_FR2_seed2,DK1,FR2,2,winter_triticale,horsebeans,0
DK1_to_FR2_seed2,DK1,FR2,2,winter_triticale,meadow,20
DK1_to_FR2_seed2,DK1,FR2,2,winter_triticale,spring_barley,1
DK1_to_FR2_seed2,DK1,FR2,2,winter_triticale,spring_oat,0
DK1_to_FR2_seed2,DK1,FR2,2,winter_triticale,spring_peas,0
DK1_to_FR2_seed2,DK1,FR2,2,winter_triticale,spring_wheat,0
DK1_to_FR2_seed2,DK1,FR2,2,winter_triticale,winter_barley,279
DK1_to_FR2_seed2,DK1,FR2,2,winter_triticale,winter_rapeseed,2
DK1_to_FR2_seed2,DK1,FR2,2,winter_triticale,winter_rye,93
DK1_to_FR2_seed2,DK1,FR2,2,winter_triticale,winter_triticale,124
DK1_to_FR2_seed2,DK1,FR2,2,winter_triticale,winter_wheat,21
DK1_to_FR2_seed2,DK1,FR2,2,winter_wheat,corn,3
DK1_to_FR2_seed2,DK1,FR2,2,winter_wheat,horsebeans,0
DK1_to_FR2_seed2,DK1,FR2,2,winter_wheat,meadow,139
DK1_to_FR2_seed2,DK1,FR2,2,winter_wheat,spring_barley,9
DK1_to_FR2_seed2,DK1,FR2,2,winter_wheat,spring_oat,1
DK1_to_FR2_seed2,DK1,FR2,2,winter_wheat,spring_peas,0
DK1_to_FR2_seed2,DK1,FR2,2,winter_wheat,spring_wheat,0
DK1_to_FR2_seed2,DK1,FR2,2,winter_wheat,winter_barley,2670
DK1_to_FR2_seed2,DK1,FR2,2,winter_wheat,winter_rapeseed,0
DK1_to_FR2_seed2,DK1,FR2,2,winter_wheat,winter_rye,530
DK1_to_FR2_seed2,DK1,FR2,2,winter_wheat,winter_triticale,344
DK1_to_FR2_seed2,DK1,FR2,2,winter_wheat,winter_wheat,400
DK1_to_FR2_seed3,DK1,FR2,3,corn,corn,3052
DK1_to_FR2_seed3,DK1,FR2,3,corn,horsebeans,10
DK1_to_FR2_seed3,DK1,FR2,3,corn,meadow,68
DK1_to_FR2_seed3,DK1,FR2,3,corn,spring_barley,289
DK1_to_FR2_seed3,DK1,FR2,3,corn,spring_oat,233
DK1_to_FR2_seed3,DK1,FR2,3,corn,spring_peas,0
DK1_to_FR2_seed3,DK1,FR2,3,corn,spring_wheat,57
DK1_to_FR2_seed3,DK1,FR2,3,corn,winter_barley,11
DK1_to_FR2_seed3,DK1,FR2,3,corn,winter_rapeseed,0
DK1_to_FR2_seed3,DK1,FR2,3,corn,winter_rye,5
DK1_to_FR2_seed3,DK1,FR2,3,corn,winter_triticale,0
DK1_to_FR2_seed3,DK1,FR2,3,corn,winter_wheat,36
DK1_to_FR2_seed3,DK1,FR2,3,horsebeans,corn,3
DK1_to_FR2_seed3,DK1,FR2,3,horsebeans,horsebeans,0
DK1_to_FR2_seed3,DK1,FR2,3,horsebeans,meadow,8
DK1_to_FR2_seed3,DK1,FR2,3,horsebeans,spring_barley,13
DK1_to_FR2_seed3,DK1,FR2,3,horsebeans,spring_oat,0
DK1_to_FR2_seed3,DK1,FR2,3,horsebeans,spring_peas,8
DK1_to_FR2_seed3,DK1,FR2,3,horsebeans,spring_wheat,0
DK1_to_FR2_seed3,DK1,FR2,3,horsebeans,winter_barley,28
DK1_to_FR2_seed3,DK1,FR2,3,horsebeans,winter_rapeseed,20
DK1_to_FR2_seed3,DK1,FR2,3,horsebeans,winter_rye,2
DK1_to_FR2_seed3,DK1,FR2,3,horsebeans,winter_triticale,0
DK1_to_FR2_seed3,DK1,FR2,3,horsebeans,winter_wheat,5
DK1_to_FR2_seed3,DK1,FR2,3,meadow,corn,19
DK1_to_FR2_seed3,DK1,FR2,3,meadow,horsebeans,1
DK1_to_FR2_seed3,DK1,FR2,3,meadow,meadow,7795
DK1_to_FR2_seed3,DK1,FR2,3,meadow,spring_barley,159
DK1_to_FR2_seed3,DK1,FR2,3,meadow,spring_oat,0
DK1_to_FR2_seed3,DK1,FR2,3,meadow,spring_peas,6
DK1_to_FR2_seed3,DK1,FR2,3,meadow,spring_wheat,0
DK1_to_FR2_seed3,DK1,FR2,3,meadow,winter_barley,2189
DK1_to_FR2_seed3,DK1,FR2,3,meadow,winter_rapeseed,127
DK1_to_FR2_seed3,DK1,FR2,3,meadow,winter_rye,195
DK1_to_FR2_seed3,DK1,FR2,3,meadow,winter_triticale,4
DK1_to_FR2_seed3,DK1,FR2,3,meadow,winter_wheat,47
DK1_to_FR2_seed3,DK1,FR2,3,spring_barley,corn,0
DK1_to_FR2_seed3,DK1,FR2,3,spring_barley,horsebeans,0
DK1_to_FR2_seed3,DK1,FR2,3,spring_barley,meadow,2
DK1_to_FR2_seed3,DK1,FR2,3,spring_barley,spring_barley,16
DK1_to_FR2_seed3,DK1,FR2,3,spring_barley,spring_oat,0
DK1_to_FR2_seed3,DK1,FR2,3,spring_barley,spring_peas,0
DK1_to_FR2_seed3,DK1,FR2,3,spring_barley,spring_wheat,0
DK1_to_FR2_seed3,DK1,FR2,3,spring_barley,winter_barley,54
DK1_to_FR2_seed3,DK1,FR2,3,spring_barley,winter_rapeseed,0
DK1_to_FR2_seed3,DK1,FR2,3,spring_barley,winter_rye,4
DK1_to_FR2_seed3,DK1,FR2,3,spring_barley,winter_triticale,2
DK1_to_FR2_seed3,DK1,FR2,3,spring_barley,winter_wheat,1
DK1_to_FR2_seed3,DK1,FR2,3,spring_oat,corn,0
DK1_to_FR2_seed3,DK1,FR2,3,spring_oat,horsebeans,0
DK1_to_FR2_seed3,DK1,FR2,3,spring_oat,meadow,3
DK1_to_FR2_seed3,DK1,FR2,3,spring_oat,spring_barley,5
DK1_to_FR2_seed3,DK1,FR2,3,spring_oat,spring_oat,0
DK1_to_FR2_seed3,DK1,FR2,3,spring_oat,spring_peas,0
DK1_to_FR2_seed3,DK1,FR2,3,spring_oat,spring_wheat,1
DK1_to_FR2_seed3,DK1,FR2,3,spring_oat,winter_barley,1
DK1_to_FR2_seed3,DK1,FR2,3,spring_oat,winter_rapeseed,0
DK1_to_FR2_seed3,DK1,FR2,3,spring_oat,winter_rye,0
DK1_to_FR2_seed3,DK1,FR2,3,spring_oat,winter_triticale,0
DK1_to_FR2_seed3,DK1,FR2,3,spring_oat,winter_wheat,0
DK1_to_FR2_seed3,DK1,FR2,3,spring_peas,corn,0
DK1_to_FR2_seed3,DK1,FR2,3,spring_peas,horsebeans,0
DK1_to_FR2_seed3,DK1,FR2,3,spring_peas,meadow,0
DK1_to_FR2_seed3,DK1,FR2,3,spring_peas,spring_barley,11
DK1_to_FR2_seed3,DK1,FR2,3,spring_peas,spring_oat,1
DK1_to_FR2_seed3,DK1,FR2,3,spring_peas,spring_peas,4
DK1_to_FR2_seed3,DK1,FR2,3,spring_peas,spring_wheat,0
DK1_to_FR2_seed3,DK1,FR2,3,spring_peas,winter_barley,12
DK1_to_FR2_seed3,DK1,FR2,3,spring_peas,winter_rapeseed,4
DK1_to_FR2_seed3,DK1,FR2,3,spring_peas,winter_rye,0
DK1_to_FR2_seed3,DK1,FR2,3,spring_peas,winter_triticale,0
DK1_to_FR2_seed3,DK1,FR2,3,spring_peas,winter_wheat,2
DK1_to_FR2_seed3,DK1,FR2,3,spring_wheat,corn,0
DK1_to_FR2_seed3,DK1,FR2,3,spring_wheat,horsebeans,0
DK1_to_FR2_seed3,DK1,FR2,3,spring_wheat,meadow,0
DK1_to_FR2_seed3,DK1,FR2,3,spring_wheat,spring_barley,0
DK1_to_FR2_seed3,DK1,FR2,3,spring_wheat,spring_oat,0
DK1_to_FR2_seed3,DK1,FR2,3,spring_wheat,spring_peas,0
DK1_to_FR2_seed3,DK1,FR2,3,spring_wheat,spring_wheat,0
DK1_to_FR2_seed3,DK1,FR2,3,spring_wheat,winter_barley,3
DK1_to_FR2_seed3,DK1,FR2,3,spring_wheat,winter_rapeseed,0
DK1_to_FR2_seed3,DK1,FR2,3,spring_wheat,winter_rye,4
DK1_to_FR2_seed3,DK1,FR2,3,spring_wheat,winter_triticale,0
DK1_to_FR2_seed3,DK1,FR2,3,spring_wheat,winter_wheat,0
DK1_to_FR2_seed3,DK1,FR2,3,winter_barley,corn,0
DK1_to_FR2_seed3,DK1,FR2,3,winter_barley,horsebeans,0
DK1_to_FR2_seed3,DK1,FR2,3,winter_barley,meadow,79
DK1_to_FR2_seed3,DK1,FR2,3,winter_barley,spring_barley,0
DK1_to_FR2_seed3,DK1,FR2,3,winter_barley,spring_oat,0
DK1_to_FR2_seed3,DK1,FR2,3,winter_barley,spring_peas,0
DK1_to_FR2_seed3,DK1,FR2,3,winter_barley,spring_wheat,0
DK1_to_FR2_seed3,DK1,FR2,3,winter_barley,winter_barley,714
DK1_to_FR2_seed3,DK1,FR2,3,winter_barley,winter_rapeseed,1
DK1_to_FR2_seed3,DK1,FR2,3,winter_barley,winter_rye,13
DK1_to_FR2_seed3,DK1,FR2,3,winter_barley,winter_triticale,0
DK1_to_FR2_seed3,DK1,FR2,3,winter_barley,winter_wheat,4
DK1_to_FR2_seed3,DK1,FR2,3,winter_rapeseed,corn,0
DK1_to_FR2_seed3,DK1,FR2,3,winter_rapeseed,horsebeans,0
DK1_to_FR2_seed3,DK1,FR2,3,winter_rapeseed,meadow,10
DK1_to_FR2_seed3,DK1,FR2,3,winter_rapeseed,spring_barley,14
DK1_to_FR2_seed3,DK1,FR2,3,winter_rapeseed,spring_oat,0
DK1_to_FR2_seed3,DK1,FR2,3,winter_rapeseed,spring_peas,41
DK1_to_FR2_seed3,DK1,FR2,3,winter_rapeseed,spring_wheat,0
DK1_to_FR2_seed3,DK1,FR2,3,winter_rapeseed,winter_barley,125
DK1_to_FR2_seed3,DK1,FR2,3,winter_rapeseed,winter_rapeseed,567
DK1_to_FR2_seed3,DK1,FR2,3,winter_rapeseed,winter_rye,6
DK1_to_FR2_seed3,DK1,FR2,3,winter_rapeseed,winter_triticale,0
DK1_to_FR2_seed3,DK1,FR2,3,winter_rapeseed,winter_wheat,1
DK1_to_FR2_seed3,DK1,FR2,3,winter_rye,corn,0
DK1_to_FR2_seed3,DK1,FR2,3,winter_rye,horsebeans,0
DK1_to_FR2_seed3,DK1,FR2,3,winter_rye,meadow,0
DK1_to_FR2_seed3,DK1,FR2,3,winter_rye,spring_barley,0
DK1_to_FR2_seed3,DK1,FR2,3,winter_rye,spring_oat,0
DK1_to_FR2_seed3,DK1,FR2,3,winter_rye,spring_peas,0
DK1_to_FR2_seed3,DK1,FR2,3,winter_rye,spring_wheat,0
DK1_to_FR2_seed3,DK1,FR2,3,winter_rye,winter_barley,8
DK1_to_FR2_seed3,DK1,FR2,3,winter_rye,winter_rapeseed,1
DK1_to_FR2_seed3,DK1,FR2,3,winter_rye,winter_rye,3
DK1_to_FR2_seed3,DK1,FR2,3,winter_rye,winter_triticale,0
DK1_to_FR2_seed3,DK1,FR2,3,winter_rye,winter_wheat,0
DK1_to_FR2_seed3,DK1,FR2,3,winter_triticale,corn,0
DK1_to_FR2_seed3,DK1,FR2,3,winter_triticale,horsebeans,0
DK1_to_FR2_seed3,DK1,FR2,3,winter_triticale,meadow,24
DK1_to_FR2_seed3,DK1,FR2,3,winter_triticale,spring_barley,1
DK1_to_FR2_seed3,DK1,FR2,3,winter_triticale,spring_oat,0
DK1_to_FR2_seed3,DK1,FR2,3,winter_triticale,spring_peas,0
DK1_to_FR2_seed3,DK1,FR2,3,winter_triticale,spring_wheat,0
DK1_to_FR2_seed3,DK1,FR2,3,winter_triticale,winter_barley,419
DK1_to_FR2_seed3,DK1,FR2,3,winter_triticale,winter_rapeseed,7
DK1_to_FR2_seed3,DK1,FR2,3,winter_triticale,winter_rye,77
DK1_to_FR2_seed3,DK1,FR2,3,winter_triticale,winter_triticale,0
DK1_to_FR2_seed3,DK1,FR2,3,winter_triticale,winter_wheat,16
DK1_to_FR2_seed3,DK1,FR2,3,winter_wheat,corn,8
DK1_to_FR2_seed3,DK1,FR2,3,winter_wheat,horsebeans,0
DK1_to_FR2_seed3,DK1,FR2,3,winter_wheat,meadow,155
DK1_to_FR2_seed3,DK1,FR2,3,winter_wheat,spring_barley,3
DK1_to_FR2_seed3,DK1,FR2,3,winter_wheat,spring_oat,3
DK1_to_FR2_seed3,DK1,FR2,3,winter_wheat,spring_peas,0
DK1_to_FR2_seed3,DK1,FR2,3,winter_wheat,spring_wheat,2
DK1_to_FR2_seed3,DK1,FR2,3,winter_wheat,winter_barley,2771
DK1_to_FR2_seed3,DK1,FR2,3,winter_wheat,winter_rapeseed,1
DK1_to_FR2_seed3,DK1,FR2,3,winter_wheat,winter_rye,871
DK1_to_FR2_seed3,DK1,FR2,3,winter_wheat,winter_triticale,3
DK1_to_FR2_seed3,DK1,FR2,3,winter_wheat,winter_wheat,421
FR1_to_AT1_seed1,FR1,AT1,1,corn,corn,1913
FR1_to_AT1_seed1,FR1,AT1,1,corn,horsebeans,4
FR1_to_AT1_seed1,FR1,AT1,1,corn,meadow,11
FR1_to_AT1_seed1,FR1,AT1,1,corn,spring_barley,0
FR1_to_AT1_seed1,FR1,AT1,1,corn,spring_peas,0
FR1_to_AT1_seed1,FR1,AT1,1,corn,sunflowers,8
FR1_to_AT1_seed1,FR1,AT1,1,corn,winter_barley,21
FR1_to_AT1_seed1,FR1,AT1,1,corn,winter_oat,1
FR1_to_AT1_seed1,FR1,AT1,1,corn,winter_peas,2
FR1_to_AT1_seed1,FR1,AT1,1,corn,winter_rapeseed,4
FR1_to_AT1_seed1,FR1,AT1,1,corn,winter_triticale,14
FR1_to_AT1_seed1,FR1,AT1,1,corn,winter_wheat,5
FR1_to_AT1_seed1,FR1,AT1,1,horsebeans,corn,25
FR1_to_AT1_seed1,FR1,AT1,1,horsebeans,horsebeans,8
FR1_to_AT1_seed1,FR1,AT1,1,horsebeans,meadow,12
FR1_to_AT1_seed1,FR1,AT1,1,horsebeans,spring_barley,0
FR1_to_AT1_seed1,FR1,AT1,1,horsebeans,spring_peas,0
FR1_to_AT1_seed1,FR1,AT1,1,horsebeans,sunflowers,13
FR1_to_AT1_seed1,FR1,AT1,1,horsebeans,winter_barley,8
FR1_to_AT1_seed1,FR1,AT1,1,horsebeans,winter_oat,0
FR1_to_AT1_seed1,FR1,AT1,1,horsebeans,winter_peas,0
FR1_to_AT1_seed1,FR1,AT1,1,horsebeans,winter_rapeseed,0
FR1_to_AT1_seed1,FR1,AT1,1,horsebeans,winter_triticale,29
FR1_to_AT1_seed1,FR1,AT1,1,horsebeans,winter_wheat,8
FR1_to_AT1_seed1,FR1,AT1,1,meadow,corn,52
FR1_to_AT1_seed1,FR1,AT1,1,meadow,horsebeans,26
FR1_to_AT1_seed1,FR1,AT1,1,meadow,meadow,2930
FR1_to_AT1_seed1,FR1,AT1,1,meadow,spring_barley,0
FR1_to_AT1_seed1,FR1,AT1,1,meadow,spring_peas,0
FR1_to_AT1_seed1,FR1,AT1,1,meadow,sunflowers,165
FR1_to_AT1_seed1,FR1,AT1,1,meadow,winter_barley,190
FR1_to_AT1_seed1,FR1,AT1,1,meadow,winter_oat,2
FR1_to_AT1_seed1,FR1,AT1,1,meadow,winter_peas,9
FR1_to_AT1_seed1,FR1,AT1,1,meadow,winter_rapeseed,209
FR1_to_AT1_seed1,FR1,AT1,1,meadow,winter_triticale,33
FR1_to_AT1_seed1,FR1,AT1,1,meadow,winter_wheat,57
FR1_to_AT1_seed1,FR1,AT1,1,spring_barley,corn,7
FR1_to_AT1_seed1,FR1,AT1,1,spring_barley,horsebeans,0
FR1_to_AT1_seed1,FR1,AT1,1,spring_barley,meadow,4
FR1_to_AT1_seed1,FR1,AT1,1,spring_barley,spring_barley,0
FR1_to_AT1_seed1,FR1,AT1,1,spring_barley,spring_peas,0
FR1_to_AT1_seed1,FR1,AT1,1,spring_barley,sunflowers,14
FR1_to_AT1_seed1,FR1,AT1,1,spring_barley,winter_barley,5
FR1_to_AT1_seed1,FR1,AT1,1,spring_barley,winter_oat,0
FR1_to_AT1_seed1,FR1,AT1,1,spring_barley,winter_peas,0
FR1_to_AT1_seed1,FR1,AT1,1,spring_barley,winter_rapeseed,0
FR1_to_AT1_seed1,FR1,AT1,1,spring_barley,winter_triticale,6
FR1_to_AT1_seed1,FR1,AT1,1,spring_barley,winter_wheat,15
FR1_to_AT1_seed1,FR1,AT1,1,spring_peas,corn,0
FR1_to_AT1_seed1,FR1,AT1,1,spring_peas,horsebeans,0
FR1_to_AT1_seed1,FR1,AT1,1,spring_peas,meadow,3
FR1_to_AT1_seed1,FR1,AT1,1,spring_peas,spring_barley,0
FR1_to_AT1_seed1,FR1,AT1,1,spring_peas,spring_peas,0
FR1_to_AT1_seed1,FR1,AT1,1,spring_peas,sunflowers,2
FR1_to_AT1_seed1,FR1,AT1,1,spring_peas,winter_barley,0
FR1_to_AT1_seed1,FR1,AT1,1,spring_peas,winter_oat,0
FR1_to_AT1_seed1,FR1,AT1,1,spring_peas,winter_peas,0
FR1_to_AT1_seed1,FR1,AT1,1,spring_peas,winter_rapeseed,0
FR1_to_AT1_seed1,FR1,AT1,1,spring_peas,winter_triticale,3
FR1_to_AT1_seed1,FR1,AT1,1,spring_peas,winter_wheat,3
FR1_to_AT1_seed1,FR1,AT1,1,sunflowers,corn,2
FR1_to_AT1_seed1,FR1,AT1,1,sunflowers,horsebeans,0
FR1_to_AT1_seed1,FR1,AT1,1,sunflowers,meadow,0
FR1_to_AT1_seed1,FR1,AT1,1,sunflowers,spring_barley,0
FR1_to_AT1_seed1,FR1,AT1,1,sunflowers,spring_peas,0
FR1_to_AT1_seed1,FR1,AT1,1,sunflowers,sunflowers,7
FR1_to_AT1_seed1,FR1,AT1,1,sunflowers,winter_barley,0
FR1_to_AT1_seed1,FR1,AT1,1,sunflowers,winter_oat,0
FR1_to_AT1_seed1,FR1,AT1,1,sunflowers,winter_peas,0
FR1_to_AT1_seed1,FR1,AT1,1,sunflowers,winter_rapeseed,0
FR1_to_AT1_seed1,FR1,AT1,1,sunflowers,winter_triticale,0
FR1_to_AT1_seed1,FR1,AT1,1,sunflowers,winter_wheat,0
FR1_to_AT1_seed1,FR1,AT1,1,winter_barley,corn,0
FR1_to_AT1_seed1,FR1,AT1,1,winter_barley,horsebeans,2
FR1_to_AT1_seed1,FR1,AT1,1,winter_barley,meadow,5
FR1_to_AT1_seed1,FR1,AT1,1,winter_barley,spring_barley,0
FR1_to_AT1_seed1,FR1,AT1,1,winter_barley,spring_peas,0
FR1_to_AT1_seed1,FR1,AT1,1,winter_barley,sunflowers,5
FR1_to_AT1_seed1,FR1,AT1,1,winter_barley,winter_barley,151
FR1_to_AT1_seed1,FR1,AT1,1,winter_barley,winter_oat,250
FR1_to_AT1_seed1,FR1,AT1,1,winter_barley,winter_peas,8
FR1_to_AT1_seed1,FR1,AT1,1,winter_barley,winter_rapeseed,2
FR1_to_AT1_seed1,FR1,AT1,1,winter_barley,winter_triticale,5
FR1_to_AT1_seed1,FR1,AT1,1,winter_barley,winter_wheat,510
FR1_to_AT1_seed1,FR1,AT1,1,winter_oat,corn,0
FR1_to_AT1_seed1,FR1,AT1,1,winter_oat,horsebeans,0
FR1_to_AT1_seed1,FR1,AT1,1,winter_oat,meadow,0
FR1_to_AT1_seed1,FR1,AT1,1,winter_oat,spring_barley,0
FR1_to_AT1_seed1,FR1,AT1,1,winter_oat,spring_peas,0
FR1_to_AT1_seed1,FR1,AT1,1,winter_oat,sunflowers,0
FR1_to_AT1_seed1,FR1,AT1,1,winter_oat,winter_barley,0
FR1_to_AT1_seed1,FR1,AT1,1,winter_oat,winter_oat,0
FR1_to_AT1_seed1,FR1,AT1,1,winter_oat,winter_peas,0
FR1_to_AT1_seed1,FR1,AT1,1,winter_oat,winter_rapeseed,0
FR1_to_AT1_seed1,FR1,AT1,1,winter_oat,winter_triticale,0
FR1_to_AT1_seed1,FR1,AT1,1,winter_oat,winter_wheat,0
FR1_to_AT1_seed1,FR1,AT1,1,winter_peas,corn,0
FR1_to_AT1_seed1,FR1,AT1,1,winter_peas,horsebeans,0
FR1_to_AT1_seed1,FR1,AT1,1,winter_peas,meadow,0
FR1_to_AT1_seed1,FR1,AT1,1,winter_peas,spring_barley,0
FR1_to_AT1_seed1,FR1,AT1,1,winter_peas,spring_peas,0
FR1_to_AT1_seed1,FR1,AT1,1,winter_peas,sunflowers,0
FR1_to_AT1_seed1,FR1,AT1,1,winter_peas,winter_barley,0
FR1_to_AT1_seed1,FR1,AT1,1,winter_peas,winter_oat,0
FR1_to_AT1_seed1,FR1,AT1,1,winter_peas,winter_peas,0
FR1_to_AT1_seed1,FR1,AT1,1,winter_peas,winter_rapeseed,0
FR1_to_AT1_seed1,FR1,AT1,1,winter_peas,winter_triticale,0
FR1_to_AT1_seed1,FR1,AT1,1,winter_peas,winter_wheat,0
FR1_to_AT1_seed1,FR1,AT1,1,winter_rapeseed,corn,0
FR1_to_AT1_seed1,FR1,AT1,1,winter_rapeseed,horsebeans,0
FR1_to_AT1_seed1,FR1,AT1,1,winter_rapeseed,meadow,1
FR1_to_AT1_seed1,FR1,AT1,1,winter_rapeseed,spring_barley,0
FR1_to_AT1_seed1,FR1,AT1,1,winter_rapeseed,spring_peas,0
FR1_to_AT1_seed1,FR1,AT1,1,winter_rapeseed,sunflowers,2
FR1_to_AT1_seed1,FR1,AT1,1,winter_rapeseed,winter_barley,1
FR1_to_AT1_seed1,FR1,AT1,1,winter_rapeseed,winter_oat,1
FR1_to_AT1_seed1,FR1,AT1,1,winter_rapeseed,winter_peas,14
FR1_to_AT1_seed1,FR1,AT1,1,winter_rapeseed,winter_rapeseed,182
FR1_to_AT1_seed1,FR1,AT1,1,winter_rapeseed,winter_triticale,0
FR1_to_AT1_seed1,FR1,AT1,1,winter_rapeseed,winter_wheat,3
FR1_to_AT1_seed1,FR1,AT1,1,winter_triticale,corn,4
FR1_to_AT1_seed1,FR1,AT1,1,winter_triticale,horsebeans,4
FR1_to_AT1_seed1,FR1,AT1,1,winter_triticale,meadow,2
FR1_to_AT1_seed1,FR1,AT1,1,winter_triticale,spring_barley,0
FR1_to_AT1_seed1,FR1,AT1,1,winter_triticale,spring_peas,0
FR1_to_AT1_seed1,FR1,AT1,1,winter_triticale,sunflowers,8
FR1_to_AT1_seed1,FR1,AT1,1,winter_triticale,winter_barley,13
FR1_to_AT1_seed1,FR1,AT1,1,winter_triticale,winter_oat,12
FR1_to_AT1_seed1,FR1,AT1,1,winter_triticale,winter_peas,2
FR1_to_AT1_seed1,FR1,AT1,1,winter_triticale,winter_rapeseed,0
FR1_to_AT1_seed1,FR1,AT1,1,winter_triticale,winter_triticale,54
FR1_to_AT1_seed1,FR1,AT1,1,winter_triticale,winter_wheat,198
FR1_to_AT1_seed1,FR1,AT1,1,winter_wheat,corn,5
FR1_to_AT1_seed1,FR1,AT1,1,winter_wheat,horsebeans,4
FR1_to_AT1_seed1,FR1,AT1,1,winter_wheat,meadow,3
FR1_to_AT1_seed1,FR1,AT1,1,winter_wheat,spring_barley,0
FR1_to_AT1_seed1,FR1,AT1,1,winter_wheat,spring_peas,0
FR1_to_AT1_seed1,FR1,AT1,1,winter_wheat,sunflowers,6
FR1_to_AT1_seed1,FR1,AT1,1,winter_wheat,winter_barley,10
FR1_to_AT1_seed1,FR1,AT1,1,winter_wheat,winter_oat,4
FR1_to_AT1_seed1,FR1,AT1,1,winter_wheat,winter_peas,1
FR1_to_AT1_seed1,FR1,AT1,1,winter_wheat,winter_rapeseed,1
FR1_to_AT1_seed1,FR1,AT1,1,winter_wheat,winter_triticale,46
FR1_to_AT1_seed1,FR1,AT1,1,winter_wheat,winter_wheat,1197
FR1_to_AT1_seed2,FR1,AT1,2,corn,corn,1987
FR1_to_AT1_seed2,FR1,AT1,2,corn,horsebeans,0
FR1_to_AT1_seed2,FR1,AT1,2,corn,meadow,32
FR1_to_AT1_seed2,FR1,AT1,2,corn,spring_barley,0
FR1_to_AT1_seed2,FR1,AT1,2,corn,spring_peas,0
FR1_to_AT1_seed2,FR1,AT1,2,corn,sunflowers,14
FR1_to_AT1_seed2,FR1,AT1,2,corn,winter_barley,6
FR1_to_AT1_seed2,FR1,AT1,2,corn,winter_oat,0
FR1_to_AT1_seed2,FR1,AT1,2,corn,winter_peas,0
FR1_to_AT1_seed2,FR1,AT1,2,corn,winter_rapeseed,0
FR1_to_AT1_seed2,FR1,AT1,2,corn,winter_triticale,0
FR1_to_AT1_seed2,FR1,AT1,2,corn,winter_wheat,9
FR1_to_AT1_seed2,FR1,AT1,2,horsebeans,corn,2
FR1_to_AT1_seed2,FR1,AT1,2,horsebeans,horsebeans,4
FR1_to_AT1_seed2,FR1,AT1,2,horsebeans,meadow,14
FR1_to_AT1_seed2,FR1,AT1,2,horsebeans,spring_barley,0
FR1_to_AT1_seed2,FR1,AT1,2,horsebeans,spring_peas,0
FR1_to_AT1_seed2,FR1,AT1,2,horsebeans,sunflowers,52
FR1_to_AT1_seed2,FR1,AT1,2,horsebeans,winter_barley,0
FR1_to_AT1_seed2,FR1,AT1,2,horsebeans,winter_oat,0
FR1_to_AT1_seed2,FR1,AT1,2,horsebeans,winter_peas,0
FR1_to_AT1_seed2,FR1,AT1,2,horsebeans,winter_rapeseed,0
FR1_to_AT1_seed2,FR1,AT1,2,horsebeans,winter_triticale,0
FR1_to_AT1_seed2,FR1,AT1,2,horsebeans,winter_wheat,18
FR1_to_AT1_seed2,FR1,AT1,2,meadow,corn,26
FR1_to_AT1_seed2,FR1,AT1,2,meadow,horsebeans,1
FR1_to_AT1_seed2,FR1,AT1,2,meadow,meadow,3417
FR1_to_AT1_seed2,FR1,AT1,2,meadow,spring_barley,0
FR1_to_AT1_seed2,FR1,AT1,2,meadow,spring_peas,0
FR1_to_AT1_seed2,FR1,AT1,2,meadow,sunflowers,155
FR1_to_AT1_seed2,FR1,AT1,2,meadow,winter_barley,18
FR1_to_AT1_seed2,FR1,AT1,2,meadow,winter_oat,0
FR1_to_AT1_seed2,FR1,AT1,2,meadow,winter_peas,0
FR1_to_AT1_seed2,FR1,AT1,2,meadow,winter_rapeseed,1
FR1_to_AT1_seed2,FR1,AT1,2,meadow,winter_triticale,6
FR1_to_AT1_seed2,FR1,AT1,2,meadow,winter_wheat,13
FR1_to_AT1_seed2,FR1,AT1,2,spring_barley,corn,3
FR1_to_AT1_seed2,FR1,AT1,2,spring_barley,horsebeans,0
FR1_to_AT1_seed2,FR1,AT1,2,spring_barley,meadow,7
FR1_to_AT1_seed2,FR1,AT1,2,spring_barley,spring_barley,0
FR1_to_AT1_seed2,FR1,AT1,2,spring_barley,spring_peas,0
FR1_to_AT1_seed2,FR1,AT1,2,spring_barley,sunflowers,25
FR1_to_AT1_seed2,FR1,AT1,2,spring_barley,winter_barley,0
FR1_to_AT1_seed2,FR1,AT1,2,spring_barley,winter_oat,0
FR1_to_AT1_seed2,FR1,AT1,2,spring_barley,winter_peas,0
FR1_to_AT1_seed2,FR1,AT1,2,spring_barley,winter_rapeseed,0
FR1_to_AT1_seed2,FR1,AT1,2,spring_barley,winter_triticale,0
FR1_to_AT1_seed2,FR1,AT1,2,spring_barley,winter_wheat,22
FR1_to_AT1_seed2,FR1,AT1,2,spring_peas,corn,0
FR1_to_AT1_seed2,FR1,AT1,2,spring_peas,horsebeans,0
FR1_to_AT1_seed2,FR1,AT1,2,spring_peas,meadow,1
FR1_to_AT1_seed2,FR1,AT1,2,spring_peas,spring_barley,0
FR1_to_AT1_seed2,FR1,AT1,2,spring_peas,spring_peas,0
FR1_to_AT1_seed2,FR1,AT1,2,spring_peas,sunflowers,9
FR1_to_AT1_seed2,FR1,AT1,2,spring_peas,winter_barley,0
FR1_to_AT1_seed2,FR1,AT1,2,spring_peas,winter_oat,0
FR1_to_AT1_seed2,FR1,AT1,2,spring_peas,winter_peas,0
FR1_to_AT1_seed2,FR1,AT1,2,spring_peas,winter_rapeseed,0
FR1_to_AT1_seed2,FR1,AT1,2,spring_peas,winter_triticale,2
FR1_to_AT1_seed2,FR1,AT1,2,spring_peas,winter_wheat,2
FR1_to_AT1_seed2,FR1,AT1,2,sunflowers,corn,0
FR1_to_AT1_seed2,FR1,AT1,2,sunflowers,horsebeans,0
FR1_to_AT1_seed2,FR1,AT1,2,sunflowers,meadow,0
FR1_to_AT1_seed2,FR1,AT1,2,sunflowers,spring_barley,0
FR1_to_AT1_seed2,FR1,AT1,2,sunflowers,spring_peas,0
FR1_to_AT1_seed2,FR1,AT1,2,sunflowers,sunflowers,6
FR1_to_AT1_seed2,FR1,AT1,2,sunflowers,winter_barley,0
FR1_to_AT1_seed2,FR1,AT1,2,sunflowers,winter_oat,0
FR1_to_AT1_seed2,FR1,AT1,2,sunflowers,winter_peas,0
FR1_to_AT1_seed2,FR1,AT1,2,sunflowers,winter_rapeseed,0
FR1_to_AT1_seed2,FR1,AT1,2,sunflowers,winter_triticale,0
FR1_to_AT1_seed2,FR1,AT1,2,sunflowers,winter_wheat,0
FR1_to_AT1_seed2,FR1,AT1,2,winter_barley,corn,1
FR1_to_AT1_seed2,FR1,AT1,2,winter_barley,horsebeans,0
FR1_to_AT1_seed2,FR1,AT1,2,winter_barley,meadow,38
FR1_to_AT1_seed2,FR1,AT1,2,winter_barley,spring_barley,0
FR1_to_AT1_seed2,FR1,AT1,2,winter_barley,spring_peas,0
FR1_to_AT1_seed2,FR1,AT1,2,winter_barley,sunflowers,17
FR1_to_AT1_seed2,FR1,AT1,2,winter_barley,winter_barley,566
FR1_to_AT1_seed2,FR1,AT1,2,winter_barley,winter_oat,28
FR1_to_AT1_seed2,FR1,AT1,2,winter_barley,winter_peas,0
FR1_to_AT1_seed2,FR1,AT1,2,winter_barley,winter_rapeseed,10
FR1_to_AT1_seed2,FR1,AT1,2,winter_barley,winter_triticale,31
FR1_to_AT1_seed2,FR1,AT1,2,winter_barley,winter_wheat,240
FR1_to_AT1_seed2,FR1,AT1,2,winter_oat,corn,0
FR1_to_AT1_seed2,FR1,AT1,2,winter_oat,horsebeans,0
FR1_to_AT1_seed2,FR1,AT1,2,winter_oat,meadow,0
FR1_to_AT1_seed2,FR1,AT1,2,winter_oat,spring_barley,0
FR1_to_AT1_seed2,FR1,AT1,2,winter_oat,spring_peas,0
FR1_to_AT1_seed2,FR1,AT1,2,winter_oat,sunflowers,0
FR1_to_AT1_seed2,FR1,AT1,2,winter_oat,winter_barley,0
FR1_to_AT1_seed2,FR1,AT1,2,winter_oat,winter_oat,0
FR1_to_AT1_seed2,FR1,AT1,2,winter_oat,winter_peas,0
FR1_to_AT1_seed2,FR1,AT1,2,winter_oat,winter_rapeseed,0
FR1_to_AT1_seed2,FR1,AT1,2,winter_oat,winter_triticale,0
FR1_to_AT1_seed2,FR1,AT1,2,winter_oat,winter_wheat,0
FR1_to_AT1_seed2,FR1,AT1,2,winter_peas,corn,0
FR1_to_AT1_seed2,FR1,AT1,2,winter_peas,horsebeans,0
FR1_to_AT1_seed2,FR1,AT1,2,winter_peas,meadow,0
FR1_to_AT1_seed2,FR1,AT1,2,winter_peas,spring_barley,0
FR1_to_AT1_seed2,FR1,AT1,2,winter_peas,spring_peas,0
FR1_to_AT1_seed2,FR1,AT1,2,winter_peas,sunflowers,0
FR1_to_AT1_seed2,FR1,AT1,2,winter_peas,winter_barley,0
FR1_to_AT1_seed2,FR1,AT1,2,winter_peas,winter_oat,0
FR1_to_AT1_seed2,FR1,AT1,2,winter_peas,winter_peas,0
FR1_to_AT1_seed2,FR1,AT1,2,winter_peas,winter_rapeseed,0
FR1_to_AT1_seed2,FR1,AT1,2,winter_peas,winter_triticale,0
FR1_to_AT1_seed2,FR1,AT1,2,winter_peas,winter_wheat,0
FR1_to_AT1_seed2,FR1,AT1,2,winter_rapeseed,corn,0
FR1_to_AT1_seed2,FR1,AT1,2,winter_rapeseed,horsebeans,0
FR1_to_AT1_seed2,FR1,AT1,2,winter_rapeseed,meadow,3
FR1_to_AT1_seed2,FR1,AT1,2,winter_rapeseed,spring_barley,0
FR1_to_AT1_seed2,FR1,AT1,2,winter_rapeseed,spring_peas,0
FR1_to_AT1_seed2,FR1,AT1,2,winter_rapeseed,sunflowers,1
FR1_to_AT1_seed2,FR1,AT1,2,winter_rapeseed,winter_barley,2
FR1_to_AT1_seed2,FR1,AT1,2,winter_rapeseed,winter_oat,0
FR1_to_AT1_seed2,FR1,AT1,2,winter_rapeseed,winter_peas,0
FR1_to_AT1_seed2,FR1,AT1,2,winter_rapeseed,winter_rapeseed,178
FR1_to_AT1_seed2,FR1,AT1,2,winter_rapeseed,winter_triticale,0
FR1_to_AT1_seed2,FR1,AT1,2,winter_rapeseed,winter_wheat,6
FR1_to_AT1_seed2,FR1,AT1,2,winter_triticale,corn,3
FR1_to_AT1_seed2,FR1,AT1,2,winter_triticale,horsebeans,1
FR1_to_AT1_seed2,FR1,AT1,2,winter_triticale,meadow,16
FR1_to_AT1_seed2,FR1,AT1,2,winter_triticale,spring_barley,0
FR1_to_AT1_seed2,FR1,AT1,2,winter_triticale,spring_peas,0
FR1_to_AT1_seed2,FR1,AT1,2,winter_triticale,sunflowers,13
FR1_to_AT1_seed2,FR1,AT1,2,winter_triticale,winter_barley,33
FR1_to_AT1_seed2,FR1,AT1,2,winter_triticale,winter_oat,1
FR1_to_AT1_seed2,FR1,AT1,2,winter_triticale,winter_peas,0
FR1_to_AT1_seed2,FR1,AT1,2,winter_triticale,winter_rapeseed,2
FR1_to_AT1_seed2,FR1,AT1,2,winter_triticale,winter_triticale,36
FR1_to_AT1_seed2,FR1,AT1,2,winter_triticale,winter_wheat,189
FR1_to_AT1_seed2,FR1,AT1,2,winter_wheat,corn,5
FR1_to_AT1_seed2,FR1,AT1,2,winter_wheat,horsebeans,0
FR1_to_AT1_seed2,FR1,AT1,2,winter_wheat,meadow,27
FR1_to_AT1_seed2,FR1,AT1,2,winter_wheat,spring_barley,0
FR1_to_AT1_seed2,FR1,AT1,2,winter_wheat,spring_peas,0
FR1_to_AT1_seed2,FR1,AT1,2,winter_wheat,sunflowers,25
FR1_to_AT1_seed2,FR1,AT1,2,winter_wheat,winter_barley,12
FR1_to_AT1_seed2,FR1,AT1,2,winter_wheat,winter_oat,0
FR1_to_AT1_seed2,FR1,AT1,2,winter_wheat,winter_peas,0
FR1_to_AT1_seed2,FR1,AT1,2,winter_wheat,winter_rapeseed,0
FR1_to_AT1_seed2,FR1,AT1,2,winter_wheat,winter_triticale,17
FR1_to_AT1_seed2,FR1,AT1,2,winter_wheat,winter_wheat,1193
FR1_to_DK1_seed1,FR1,DK1,1,corn,corn,683
FR1_to_DK1_seed1,FR1,DK1,1,corn,horsebeans,2
FR1_to_DK1_seed1,FR1,DK1,1,corn,meadow,20
FR1_to_DK1_seed1,FR1,DK1,1,corn,spring_barley,0
FR1_to_DK1_seed1,FR1,DK1,1,corn,spring_peas,0
FR1_to_DK1_seed1,FR1,DK1,1,corn,sunflowers,116
FR1_to_DK1_seed1,FR1,DK1,1,corn,winter_barley,8
FR1_to_DK1_seed1,FR1,DK1,1,corn,winter_oat,0
FR1_to_DK1_seed1,FR1,DK1,1,corn,winter_peas,0
FR1_to_DK1_seed1,FR1,DK1,1,corn,winter_rapeseed,0
FR1_to_DK1_seed1,FR1,DK1,1,corn,winter_triticale,1
FR1_to_DK1_seed1,FR1,DK1,1,corn,winter_wheat,3
FR1_to_DK1_seed1,FR1,DK1,1,horsebeans,corn,6
FR1_to_DK1_seed1,FR1,DK1,1,horsebeans,horsebeans,0
FR1_to_DK1_seed1,FR1,DK1,1,horsebeans,meadow,7
FR1_to_DK1_seed1,FR1,DK1,1,horsebeans,spring_barley,0
FR1_to_DK1_seed1,FR1,DK1,1,horsebeans,spring_peas,0
FR1_to_DK1_seed1,FR1,DK1,1,horsebeans,sunflowers,47
FR1_to_DK1_seed1,FR1,DK1,1,horsebeans,winter_barley,1
FR1_to_DK1_seed1,FR1,DK1,1,horsebeans,winter_oat,0
FR1_to_DK1_seed1,FR1,DK1,1,horsebeans,winter_peas,0
FR1_to_DK1_seed1,FR1,DK1,1,horsebeans,winter_rapeseed,0
FR1_to_DK1_seed1,FR1,DK1,1,horsebeans,winter_triticale,0
FR1_to_DK1_seed1,FR1,DK1,1,horsebeans,winter_wheat,0
FR1_to_DK1_seed1,FR1,DK1,1,meadow,corn,23
FR1_to_DK1_seed1,FR1,DK1,1,meadow,horsebeans,9
FR1_to_DK1_seed1,FR1,DK1,1,meadow,meadow,1177
FR1_to_DK1_seed1,FR1,DK1,1,meadow,spring_barley,24
FR1_to_DK1_seed1,FR1,DK1,1,meadow,spring_peas,1
FR1_to_DK1_seed1,FR1,DK1,1,meadow,sunflowers,185
FR1_to_DK1_seed1,FR1,DK1,1,meadow,winter_barley,853
FR1_to_DK1_seed1,FR1,DK1,1,meadow,winter_oat,18
FR1_to_DK1_seed1,FR1,DK1,1,meadow,winter_peas,1
FR1_to_DK1_seed1,FR1,DK1,1,meadow,winter_rapeseed,21
FR1_to_DK1_seed1,FR1,DK1,1,meadow,winter_triticale,42
FR1_to_DK1_seed1,FR1,DK1,1,meadow,winter_wheat,175
FR1_to_DK1_seed1,FR1,DK1,1,spring_barley,corn,331
FR1_to_DK1_seed1,FR1,DK1,1,spring_barley,horsebeans,106
FR1_to_DK1_seed1,FR1,DK1,1,spring_barley,meadow,557
FR1_to_DK1_seed1,FR1,DK1,1,spring_barley,spring_barley,33
FR1_to_DK1_seed1,FR1,DK1,1,spring_barley,spring_peas,0
FR1_to_DK1_seed1,FR1,DK1,1,spring_barley,sunflowers,1499
FR1_to_DK1_seed1,FR1,DK1,1,spring_barley,winter_barley,65
FR1_to_DK1_seed1,FR1,DK1,1,spring_barley,winter_oat,4
FR1_to_DK1_seed1,FR1,DK1,1,spring_barley,winter_peas,0
FR1_to_DK1_seed1,FR1,DK1,1,spring_barley,winter_rapeseed,9
FR1_to_DK1_seed1,FR1,DK1,1,spring_barley,winter_triticale,46
FR1_to_DK1_seed1,FR1,DK1,1,spring_barley,winter_wheat,130
FR1_to_DK1_seed1,FR1,DK1,1,spring_peas,corn,1
FR1_to_DK1_seed1,FR1,DK1,1,spring_peas,horsebeans,2
FR1_to_DK1_seed1,FR1,DK1,1,spring_peas,meadow,21
FR1_to_DK1_seed1,FR1,DK1,1,spring_peas,spring_barley,0
FR1_to_DK1_seed1,FR1,DK1,1,spring_peas,spring_peas,0
FR1_to_DK1_seed1,FR1,DK1,1,spring_peas,sunflowers,32
FR1_to_DK1_seed1,FR1,DK1,1,spring_peas,winter_barley,2
FR1_to_DK1_seed1,FR1,DK1,1,spring_peas,winter_oat,0
FR1_to_DK1_seed1,FR1,DK1,1,spring_peas,winter_peas,0
FR1_to_DK1_seed1,FR1,DK1,1,spring_peas,winter_rapeseed,2
FR1_to_DK1_seed1,FR1,DK1,1,spring_peas,winter_triticale,0
FR1_to_DK1_seed1,FR1,DK1,1,spring_peas,winter_wheat,1
FR1_to_DK1_seed1,FR1,DK1,1,sunflowers,corn,0
FR1_to_DK1_seed1,FR1,DK1,1,sunflowers,horsebeans,0
FR1_to_DK1_seed1,FR1,DK1,1,sunflowers,meadow,0
FR1_to_DK1_seed1,FR1,DK1,1,sunflowers,spring_barley,0
FR1_to_DK1_seed1,FR1,DK1,1,sunflowers,spring_peas,0
FR1_to_DK1_seed1,FR1,DK1,1,sunflowers,sunflowers,0
FR1_to_DK1_seed1,FR1,DK1,1,sunflowers,winter_barley,0
FR1_to_DK1_seed1,FR1,DK1,1,sunflowers,winter_oat,0
FR1_to_DK1_seed1,FR1,DK1,1,sunflowers,winter_peas,0
FR1_to_DK1_seed1,FR1,DK1,1,sunflowers,winter_rapeseed,0
FR1_to_DK1_seed1,FR1,DK1,1,sunflowers,winter_triticale,0
FR1_to_DK1_seed1,FR1,DK1,1,sunflowers,winter_wheat,0
FR1_to_DK1_seed1,FR1,DK1,1,winter_barley,corn,1
FR1_to_DK1_seed1,FR1,DK1,1,winter_barley,horsebeans,5
FR1_to_DK1_seed1,FR1,DK1,1,winter_barley,meadow,62
FR1_to_DK1_seed1,FR1,DK1,1,winter_barley,spring_barley,5
FR1_to_DK1_seed1,FR1,DK1,1,winter_barley,spring_peas,0
FR1_to_DK1_seed1,FR1,DK1,1,winter_barley,sunflowers,13
FR1_to_DK1_seed1,FR1,DK1,1,winter_barley,winter_barley,135
FR1_to_DK1_seed1,FR1,DK1,1,winter_barley,winter_oat,3
FR1_to_DK1_seed1,FR1,DK1,1,winter_barley,winter_peas,0
FR1_to_DK1_seed1,FR1,DK1,1,winter_barley,winter_rapeseed,2
FR1_to_DK1_seed1,FR1,DK1,1,winter_barley,winter_triticale,51
FR1_to_DK1_seed1,FR1,DK1,1,winter_barley,winter_wheat,456
FR1_to_DK1_seed1,FR1,DK1,1,winter_oat,corn,0
FR1_to_DK1_seed1,FR1,DK1,1,winter_oat,horsebeans,0
FR1_to_DK1_seed1,FR1,DK1,1,winter_oat,meadow,0
FR1_to_DK1_seed1,FR1,DK1,1,winter_oat,spring_barley,0
FR1_to_DK1_seed1,FR1,DK1,1,winter_oat,spring_peas,0
FR1_to_DK1_seed1,FR1,DK1,1,winter_oat,sunflowers,1
FR1_to_DK1_seed1,FR1,DK1,1,winter_oat,winter_barley,0
FR1_to_DK1_seed1,FR1,DK1,1,winter_oat,winter_oat,0
FR1_to_DK1_seed1,FR1,DK1,1,winter_oat,winter_peas,0
FR1_to_DK1_seed1,FR1,DK1,1,winter_oat,winter_rapeseed,0
FR1_to_DK1_seed1,FR1,DK1,1,winter_oat,winter_triticale,0
FR1_to_DK1_seed1,FR1,DK1,1,winter_oat,winter_wheat,0
FR1_to_DK1_seed1,FR1,DK1,1,winter_peas,corn,0
FR1_to_DK1_seed1,FR1,DK1,1,winter_peas,horsebeans,0
FR1_to_DK1_seed1,FR1,DK1,1,winter_peas,meadow,0
FR1_to_DK1_seed1,FR1,DK1,1,winter_peas,spring_barley,0
FR1_to_DK1_seed1,FR1,DK1,1,winter_peas,spring_peas,0
FR1_to_DK1_seed1,FR1,DK1,1,winter_peas,sunflowers,0
FR1_to_DK1_seed1,FR1,DK1,1,winter_peas,winter_barley,0
FR1_to_DK1_seed1,FR1,DK1,1,winter_peas,winter_oat,0
FR1_to_DK1_seed1,FR1,DK1,1,winter_peas,winter_peas,0
FR1_to_DK1_seed1,FR1,DK1,1,winter_peas,winter_rapeseed,0
FR1_to_DK1_seed1,FR1,DK1,1,winter_peas,winter_triticale,0
FR1_to_DK1_seed1,FR1,DK1,1,winter_peas,winter_wheat,0
FR1_to_DK1_seed1,FR1,DK1,1,winter_rapeseed,corn,0
FR1_to_DK1_seed1,FR1,DK1,1,winter_rapeseed,horsebeans,3
FR1_to_DK1_seed1,FR1,DK1,1,winter_rapeseed,meadow,53
FR1_to_DK1_seed1,FR1,DK1,1,winter_rapeseed,spring_barley,0
FR1_to_DK1_seed1,FR1,DK1,1,winter_rapeseed,spring_peas,1
FR1_to_DK1_seed1,FR1,DK1,1,winter_rapeseed,sunflowers,23
FR1_to_DK1_seed1,FR1,DK1,1,winter_rapeseed,winter_barley,2
FR1_to_DK1_seed1,FR1,DK1,1,winter_rapeseed,winter_oat,0
FR1_to_DK1_seed1,FR1,DK1,1,winter_rapeseed,winter_peas,4
FR1_to_DK1_seed1,FR1,DK1,1,winter_rapeseed,winter_rapeseed,480
FR1_to_DK1_seed1,FR1,DK1,1,winter_rapeseed,winter_triticale,4
FR1_to_DK1_seed1,FR1,DK1,1,winter_rapeseed,winter_wheat,13
FR1_to_DK1_seed1,FR1,DK1,1,winter_triticale,corn,1
FR1_to_DK1_seed1,FR1,DK1,1,winter_triticale,horsebeans,0
FR1_to_DK1_seed1,FR1,DK1,1,winter_triticale,meadow,0
FR1_to_DK1_seed1,FR1,DK1,1,winter_triticale,spring_barley,0
FR1_to_DK1_seed1,FR1,DK1,1,winter_triticale,spring_peas,0
FR1_to_DK1_seed1,FR1,DK1,1,winter_triticale,sunflowers,8
FR1_to_DK1_seed1,FR1,DK1,1,winter_triticale,winter_barley,16
FR1_to_DK1_seed1,FR1,DK1,1,winter_triticale,winter_oat,0
FR1_to_DK1_seed1,FR1,DK1,1,winter_triticale,winter_peas,0
FR1_to_DK1_seed1,FR1,DK1,1,winter_triticale,winter_rapeseed,0
FR1_to_DK1_seed1,FR1,DK1,1,winter_triticale,winter_triticale,3
FR1_to_DK1_seed1,FR1,DK1,1,winter_triticale,winter_wheat,53
FR1_to_DK1_seed1,FR1,DK1,1,winter_wheat,corn,67
FR1_to_DK1_seed1,FR1,DK1,1,winter_wheat,horsebeans,4
FR1_to_DK1_seed1,FR1,DK1,1,winter_wheat,meadow,16
FR1_to_DK1_seed1,FR1,DK1,1,winter_wheat,spring_barley,2
FR1_to_DK1_seed1,FR1,DK1,1,winter_wheat,spring_peas,0
FR1_to_DK1_seed1,FR1,DK1,1,winter_wheat,sunflowers,306
FR1_to_DK1_seed1,FR1,DK1,1,winter_wheat,winter_barley,55
FR1_to_DK1_seed1,FR1,DK1,1,winter_wheat,winter_oat,1
FR1_to_DK1_seed1,FR1,DK1,1,winter_wheat,winter_peas,0
FR1_to_DK1_seed1,FR1,DK1,1,winter_wheat,winter_rapeseed,1
FR1_to_DK1_seed1,FR1,DK1,1,winter_wheat,winter_triticale,62
FR1_to_DK1_seed1,FR1,DK1,1,winter_wheat,winter_wheat,1448
FR1_to_DK1_seed2,FR1,DK1,2,corn,corn,226
FR1_to_DK1_seed2,FR1,DK1,2,corn,horsebeans,3
FR1_to_DK1_seed2,FR1,DK1,2,corn,meadow,7
FR1_to_DK1_seed2,FR1,DK1,2,corn,spring_barley,0
FR1_to_DK1_seed2,FR1,DK1,2,corn,spring_peas,6
FR1_to_DK1_seed2,FR1,DK1,2,corn,sunflowers,3
FR1_to_DK1_seed2,FR1,DK1,2,corn,winter_barley,5
FR1_to_DK1_seed2,FR1,DK1,2,corn,winter_oat,0
FR1_to_DK1_seed2,FR1,DK1,2,corn,winter_peas,3
FR1_to_DK1_seed2,FR1,DK1,2,corn,winter_rapeseed,3
FR1_to_DK1_seed2,FR1,DK1,2,corn,winter_triticale,1
FR1_to_DK1_seed2,FR1,DK1,2,corn,winter_wheat,552
FR1_to_DK1_seed2,FR1,DK1,2,horsebeans,corn,14
FR1_to_DK1_seed2,FR1,DK1,2,horsebeans,horsebeans,0
FR1_to_DK1_seed2,FR1,DK1,2,horsebeans,meadow,1
FR1_to_DK1_seed2,FR1,DK1,2,horsebeans,spring_barley,0
FR1_to_DK1_seed2,FR1,DK1,2,horsebeans,spring_peas,0
FR1_to_DK1_seed2,FR1,DK1,2,horsebeans,sunflowers,4
FR1_to_DK1_seed2,FR1,DK1,2,horsebeans,winter_barley,0
FR1_to_DK1_seed2,FR1,DK1,2,horsebeans,winter_oat,0
FR1_to_DK1_seed2,FR1,DK1,2,horsebeans,winter_peas,1
FR1_to_DK1_seed2,FR1,DK1,2,horsebeans,winter_rapeseed,0
FR1_to_DK1_seed2,FR1,DK1,2,horsebeans,winter_triticale,0
FR1_to_DK1_seed2,FR1,DK1,2,horsebeans,winter_wheat,57
FR1_to_DK1_seed2,FR1,DK1,2,meadow,corn,148
FR1_to_DK1_seed2,FR1,DK1,2,meadow,horsebeans,10
FR1_to_DK1_seed2,FR1,DK1,2,meadow,meadow,246
FR1_to_DK1_seed2,FR1,DK1,2,meadow,spring_barley,39
FR1_to_DK1_seed2,FR1,DK1,2,meadow,spring_peas,8
FR1_to_DK1_seed2,FR1,DK1,2,meadow,sunflowers,207
FR1_to_DK1_seed2,FR1,DK1,2,meadow,winter_barley,51
FR1_to_DK1_seed2,FR1,DK1,2,meadow,winter_oat,30
FR1_to_DK1_seed2,FR1,DK1,2,meadow,winter_peas,31
FR1_to_DK1_seed2,FR1,DK1,2,meadow,winter_rapeseed,10
FR1_to_DK1_seed2,FR1,DK1,2,meadow,winter_triticale,20
FR1_to_DK1_seed2,FR1,DK1,2,meadow,winter_wheat,1755
FR1_to_DK1_seed2,FR1,DK1,2,spring_barley,corn,447
FR1_to_DK1_seed2,FR1,DK1,2,spring_barley,horsebeans,0
FR1_to_DK1_seed2,FR1,DK1,2,spring_barley,meadow,28
FR1_to_DK1_seed2,FR1,DK1,2,spring_barley,spring_barley,5
FR1_to_DK1_seed2,FR1,DK1,2,spring_barley,spring_peas,11
FR1_to_DK1_seed2,FR1,DK1,2,spring_barley,sunflowers,135
FR1_to_DK1_seed2,FR1,DK1,2,spring_barley,winter_barley,143
FR1_to_DK1_seed2,FR1,DK1,2,spring_barley,winter_oat,3
FR1_to_DK1_seed2,FR1,DK1,2,spring_barley,winter_peas,18
FR1_to_DK1_seed2,FR1,DK1,2,spring_barley,winter_rapeseed,4
FR1_to_DK1_seed2,FR1,DK1,2,spring_barley,winter_triticale,16
FR1_to_DK1_seed2,FR1,DK1,2,spring_barley,winter_wheat,1977
FR1_to_DK1_seed2,FR1,DK1,2,spring_peas,corn,4
FR1_to_DK1_seed2,FR1,DK1,2,spring_peas,horsebeans,0
FR1_to_DK1_seed2,FR1,DK1,2,spring_peas,meadow,0
FR1_to_DK1_seed2,FR1,DK1,2,spring_peas,spring_barley,0
FR1_to_DK1_seed2,FR1,DK1,2,spring_peas,spring_peas,1
FR1_to_DK1_seed2,FR1,DK1,2,spring_peas,sunflowers,7
FR1_to_DK1_seed2,FR1,DK1,2,spring_peas,winter_barley,0
FR1_to_DK1_seed2,FR1,DK1,2,spring_peas,winter_oat,0
FR1_to_DK1_seed2,FR1,DK1,2,spring_peas,winter_peas,1
FR1_to_DK1_seed2,FR1,DK1,2,spring_peas,winter_rapeseed,1
FR1_to_DK1_seed2,FR1,DK1,2,spring_peas,winter_triticale,0
FR1_to_DK1_seed2,FR1,DK1,2,spring_peas,winter_wheat,43
FR1_to_DK1_seed2,FR1,DK1,2,sunflowers,corn,0
FR1_to_DK1_seed2,FR1,DK1,2,sunflowers,horsebeans,0
FR1_to_DK1_seed2,FR1,DK1,2,sunflowers,meadow,0
FR1_to_DK1_seed2,FR1,DK1,2,sunflowers,spring_barley,0
FR1_to_DK1_seed2,FR1,DK1,2,sunflowers,spring_peas,0
FR1_to_DK1_seed2,FR1,DK1,2,sunflowers,sunflowers,0
FR1_to_DK1_seed2,FR1,DK1,2,sunflowers,winter_barley,0
FR1_to_DK1_seed2,FR1,DK1,2,sunflowers,winter_oat,0
FR1_to_DK1_seed2,FR1,DK1,2,sunflowers,winter_peas,0
FR1_to_DK1_seed2,FR1,DK1,2,sunflowers,winter_rapeseed,0
FR1_to_DK1_seed2,FR1,DK1,2,sunflowers,winter_triticale,0
FR1_to_DK1_seed2,FR1,DK1,2,sunflowers,winter_wheat,0
FR1_to_DK1_seed2,FR1,DK1,2,winter_barley,corn,26
FR1_to_DK1_seed2,FR1,DK1,2,winter_barley,horsebeans,0
FR1_to_DK1_seed2,FR1,DK1,2,winter_barley,meadow,1
FR1_to_DK1_seed2,FR1,DK1,2,winter_barley,spring_barley,2
FR1_to_DK1_seed2,FR1,DK1,2,winter_barley,spring_peas,1
FR1_to_DK1_seed2,FR1,DK1,2,winter_barley,sunflowers,0
FR1_to_DK1_seed2,FR1,DK1,2,winter_barley,winter_barley,29
FR1_to_DK1_seed2,FR1,DK1,2,winter_barley,winter_oat,17
FR1_to_DK1_seed2,FR1,DK1,2,winter_barley,winter_peas,0
FR1_to_DK1_seed2,FR1,DK1,2,winter_barley,winter_rapeseed,0
FR1_to_DK1_seed2,FR1,DK1,2,winter_barley,winter_triticale,54
FR1_to_DK1_seed2,FR1,DK1,2,winter_barley,winter_wheat,647
FR1_to_DK1_seed2,FR1,DK1,2,winter_oat,corn,0
FR1_to_DK1_seed2,FR1,DK1,2,winter_oat,horsebeans,0
FR1_to_DK1_seed2,FR1,DK1,2,winter_oat,meadow,0
FR1_to_DK1_seed2,FR1,DK1,2,winter_oat,spring_barley,0
FR1_to_DK1_seed2,FR1,DK1,2,winter_oat,spring_peas,0
FR1_to_DK1_seed2,FR1,DK1,2,winter_oat,sunflowers,0
FR1_to_DK1_seed2,FR1,DK1,2,winter_oat,winter_barley,0
FR1_to_DK1_seed2,FR1,DK1,2,winter_oat,winter_oat,0
FR1_to_DK1_seed2,FR1,DK1,2,winter_oat,winter_peas,0
FR1_to_DK1_seed2,FR1,DK1,2,winter_oat,winter_rapeseed,0
FR1_to_DK1_seed2,FR1,DK1,2,winter_oat,winter_triticale,0
FR1_to_DK1_seed2,FR1,DK1,2,winter_oat,winter_wheat,0
FR1_to_DK1_seed2,FR1,DK1,2,winter_peas,corn,0
FR1_to_DK1_seed2,FR1,DK1,2,winter_peas,horsebeans,0
FR1_to_DK1_seed2,FR1,DK1,2,winter_peas,meadow,0
FR1_to_DK1_seed2,FR1,DK1,2,winter_peas,spring_barley,0
FR1_to_DK1_seed2,FR1,DK1,2,winter_peas,spring_peas,0
FR1_to_DK1_seed2,FR1,DK1,2,winter_peas,sunflowers,0
FR1_to_DK1_seed2,FR1,DK1,2,winter_peas,winter_barley,0
FR1_to_DK1_seed2,FR1,DK1,2,winter_peas,winter_oat,0
FR1_to_DK1_seed2,FR1,DK1,2,winter_peas,winter_peas,0
FR1_to_DK1_seed2,FR1,DK1,2,winter_peas,winter_rapeseed,0
FR1_to_DK1_seed2,FR1,DK1,2,winter_peas,winter_triticale,0
FR1_to_DK1_seed2,FR1,DK1,2,winter_peas,winter_wheat,0
FR1_to_DK1_seed2,FR1,DK1,2,winter_rapeseed,corn,44
FR1_to_DK1_seed2,FR1,DK1,2,winter_rapeseed,horsebeans,3
FR1_to_DK1_seed2,FR1,DK1,2,winter_rapeseed,meadow,1
FR1_to_DK1_seed2,FR1,DK1,2,winter_rapeseed,spring_barley,0
FR1_to_DK1_seed2,FR1,DK1,2,winter_rapeseed,spring_peas,0
FR1_to_DK1_seed2,FR1,DK1,2,winter_rapeseed,sunflowers,1
FR1_to_DK1_seed2,FR1,DK1,2,winter_rapeseed,winter_barley,3
FR1_to_DK1_seed2,FR1,DK1,2,winter_rapeseed,winter_oat,2
FR1_to_DK1_seed2,FR1,DK1,2,winter_rapeseed,winter_peas,3
FR1_to_DK1_seed2,FR1,DK1,2,winter_rapeseed,winter_rapeseed,172
FR1_to_DK1_seed2,FR1,DK1,2,winter_rapeseed,winter_triticale,16
FR1_to_DK1_seed2,FR1,DK1,2,winter_rapeseed,winter_wheat,304
FR1_to_DK1_seed2,FR1,DK1,2,winter_triticale,corn,1
FR1_to_DK1_seed2,FR1,DK1,2,winter_triticale,horsebeans,0
FR1_to_DK1_seed2,FR1,DK1,2,winter_triticale,meadow,0
FR1_to_DK1_seed2,FR1,DK1,2,winter_triticale,spring_barley,0
FR1_to_DK1_seed2,FR1,DK1,2,winter_triticale,spring_peas,1
FR1_to_DK1_seed2,FR1,DK1,2,winter_triticale,sunflowers,1
FR1_to_DK1_seed2,FR1,DK1,2,winter_triticale,winter_barley,1
FR1_to_DK1_seed2,FR1,DK1,2,winter_triticale,winter_oat,1
FR1_to_DK1_seed2,FR1,DK1,2,winter_triticale,winter_peas,0
FR1_to_DK1_seed2,FR1,DK1,2,winter_triticale,winter_rapeseed,0
FR1_to_DK1_seed2,FR1,DK1,2,winter_triticale,winter_triticale,7
FR1_to_DK1_seed2,FR1,DK1,2,winter_triticale,winter_wheat,67
FR1_to_DK1_seed2,FR1,DK1,2,winter_wheat,corn,97
FR1_to_DK1_seed2,FR1,DK1,2,winter_wheat,horsebeans,0
FR1_to_DK1_seed2,FR1,DK1,2,winter_wheat,meadow,1
FR1_to_DK1_seed2,FR1,DK1,2,winter_wheat,spring_barley,0
FR1_to_DK1_seed2,FR1,DK1,2,winter_wheat,spring_peas,4
FR1_to_DK1_seed2,FR1,DK1,2,winter_wheat,sunflowers,4
FR1_to_DK1_seed2,FR1,DK1,2,winter_wheat,winter_barley,7
FR1_to_DK1_seed2,FR1,DK1,2,winter_wheat,winter_oat,2
FR1_to_DK1_seed2,FR1,DK1,2,winter_wheat,winter_peas,1
FR1_to_DK1_seed2,FR1,DK1,2,winter_wheat,winter_rapeseed,3
FR1_to_DK1_seed2,FR1,DK1,2,winter_wheat,winter_triticale,9
FR1_to_DK1_seed2,FR1,DK1,2,winter_wheat,winter_wheat,1806
FR1_to_FR2_seed1,FR1,FR2,1,corn,corn,3330
FR1_to_FR2_seed1,FR1,FR2,1,corn,horsebeans,0
FR1_to_FR2_seed1,FR1,FR2,1,corn,meadow,191
FR1_to_FR2_seed1,FR1,FR2,1,corn,spring_barley,0
FR1_to_FR2_seed1,FR1,FR2,1,corn,spring_peas,0
FR1_to_FR2_seed1,FR1,FR2,1,corn,sunflowers,16
FR1_to_FR2_seed1,FR1,FR2,1,corn,winter_barley,8
FR1_to_FR2_seed1,FR1,FR2,1,corn,winter_oat,0
FR1_to_FR2_seed1,FR1,FR2,1,corn,winter_peas,2
FR1_to_FR2_seed1,FR1,FR2,1,corn,winter_rapeseed,0
FR1_to_FR2_seed1,FR1,FR2,1,corn,winter_triticale,21
FR1_to_FR2_seed1,FR1,FR2,1,corn,winter_wheat,209
FR1_to_FR2_seed1,FR1,FR2,1,horsebeans,corn,1
FR1_to_FR2_seed1,FR1,FR2,1,horsebeans,horsebeans,39
FR1_to_FR2_seed1,FR1,FR2,1,horsebeans,meadow,35
FR1_to_FR2_seed1,FR1,FR2,1,horsebeans,spring_barley,1
FR1_to_FR2_seed1,FR1,FR2,1,horsebeans,spring_peas,1
FR1_to_FR2_seed1,FR1,FR2,1,horsebeans,sunflowers,0
FR1_to_FR2_seed1,FR1,FR2,1,horsebeans,winter_barley,3
FR1_to_FR2_seed1,FR1,FR2,1,horsebeans,winter_oat,1
FR1_to_FR2_seed1,FR1,FR2,1,horsebeans,winter_peas,9
FR1_to_FR2_seed1,FR1,FR2,1,horsebeans,winter_rapeseed,1
FR1_to_FR2_seed1,FR1,FR2,1,horsebeans,winter_triticale,7
FR1_to_FR2_seed1,FR1,FR2,1,horsebeans,winter_wheat,14
FR1_to_FR2_seed1,FR1,FR2,1,meadow,corn,38
FR1_to_FR2_seed1,FR1,FR2,1,meadow,horsebeans,1
FR1_to_FR2_seed1,FR1,FR2,1,meadow,meadow,9433
FR1_to_FR2_seed1,FR1,FR2,1,meadow,spring_barley,1
FR1_to_FR2_seed1,FR1,FR2,1,meadow,spring_peas,0
FR1_to_FR2_seed1,FR1,FR2,1,meadow,sunflowers,114
FR1_to_FR2_seed1,FR1,FR2,1,meadow,winter_barley,212
FR1_to_FR2_seed1,FR1,FR2,1,meadow,winter_oat,8
FR1_to_FR2_seed1,FR1,FR2,1,meadow,winter_peas,2
FR1_to_FR2_seed1,FR1,FR2,1,meadow,winter_rapeseed,60
FR1_to_FR2_seed1,FR1,FR2,1,meadow,winter_triticale,286
FR1_to_FR2_seed1,FR1,FR2,1,meadow,winter_wheat,463
FR1_to_FR2_seed1,FR1,FR2,1,spring_barley,corn,1
FR1_to_FR2_seed1,FR1,FR2,1,spring_barley,horsebeans,9
FR1_to_FR2_seed1,FR1,FR2,1,spring_barley,meadow,9
FR1_to_FR2_seed1,FR1,FR2,1,spring_barley,spring_barley,10
FR1_to_FR2_seed1,FR1,FR2,1,spring_barley,spring_peas,0
FR1_to_FR2_seed1,FR1,FR2,1,spring_barley,sunflowers,3
FR1_to_FR2_seed1,FR1,FR2,1,spring_barley,winter_barley,0
FR1_to_FR2_seed1,FR1,FR2,1,spring_barley,winter_oat,2
FR1_to_FR2_seed1,FR1,FR2,1,spring_barley,winter_peas,1
FR1_to_FR2_seed1,FR1,FR2,1,spring_barley,winter_rapeseed,1
FR1_to_FR2_seed1,FR1,FR2,1,spring_barley,winter_triticale,13
FR1_to_FR2_seed1,FR1,FR2,1,spring_barley,winter_wheat,37
FR1_to_FR2_seed1,FR1,FR2,1,spring_peas,corn,2
FR1_to_FR2_seed1,FR1,FR2,1,spring_peas,horsebeans,1
FR1_to_FR2_seed1,FR1,FR2,1,spring_peas,meadow,15
FR1_to_FR2_seed1,FR1,FR2,1,spring_peas,spring_barley,0
FR1_to_FR2_seed1,FR1,FR2,1,spring_peas,spring_peas,24
FR1_to_FR2_seed1,FR1,FR2,1,spring_peas,sunflowers,1
FR1_to_FR2_seed1,FR1,FR2,1,spring_peas,winter_barley,0
FR1_to_FR2_seed1,FR1,FR2,1,spring_peas,winter_oat,0
FR1_to_FR2_seed1,FR1,FR2,1,spring_peas,winter_peas,10
FR1_to_FR2_seed1,FR1,FR2,1,spring_peas,winter_rapeseed,1
FR1_to_FR2_seed1,FR1,FR2,1,spring_peas,winter_triticale,0
FR1_to_FR2_seed1,FR1,FR2,1,spring_peas,winter_wheat,7
FR1_to_FR2_seed1,FR1,FR2,1,sunflowers,corn,13
FR1_to_FR2_seed1,FR1,FR2,1,sunflowers,horsebeans,0
FR1_to_FR2_seed1,FR1,FR2,1,sunflowers,meadow,30
FR1_to_FR2_seed1,FR1,FR2,1,sunflowers,spring_barley,0
FR1_to_FR2_seed1,FR1,FR2,1,sunflowers,spring_peas,0
FR1_to_FR2_seed1,FR1,FR2,1,sunflowers,sunflowers,184
FR1_to_FR2_seed1,FR1,FR2,1,sunflowers,winter_barley,0
FR1_to_FR2_seed1,FR1,FR2,1,sunflowers,winter_oat,0
FR1_to_FR2_seed1,FR1,FR2,1,sunflowers,winter_peas,0
FR1_to_FR2_seed1,FR1,FR2,1,sunflowers,winter_rapeseed,1
FR1_to_FR2_seed1,FR1,FR2,1,sunflowers,winter_triticale,3
FR1_to_FR2_seed1,FR1,FR2,1,sunflowers,winter_wheat,14
FR1_to_FR2_seed1,FR1,FR2,1,winter_barley,corn,0
FR1_to_FR2_seed1,FR1,FR2,1,winter_barley,horsebeans,2
FR1_to_FR2_seed1,FR1,FR2,1,winter_barley,meadow,39
FR1_to_FR2_seed1,FR1,FR2,1,winter_barley,spring_barley,0
FR1_to_FR2_seed1,FR1,FR2,1,winter_barley,spring_peas,0
FR1_to_FR2_seed1,FR1,FR2,1,winter_barley,sunflowers,1
FR1_to_FR2_seed1,FR1,FR2,1,winter_barley,winter_barley,263
FR1_to_FR2_seed1,FR1,FR2,1,winter_barley,winter_oat,24
FR1_to_FR2_seed1,FR1,FR2,1,winter_barley,winter_peas,1
FR1_to_FR2_seed1,FR1,FR2,1,winter_barley,winter_rapeseed,5
FR1_to_FR2_seed1,FR1,FR2,1,winter_barley,winter_triticale,131
FR1_to_FR2_seed1,FR1,FR2,1,winter_barley,winter_wheat,358
FR1_to_FR2_seed1,FR1,FR2,1,winter_oat,corn,1
FR1_to_FR2_seed1,FR1,FR2,1,winter_oat,horsebeans,0
FR1_to_FR2_seed1,FR1,FR2,1,winter_oat,meadow,2
FR1_to_FR2_seed1,FR1,FR2,1,winter_oat,spring_barley,0
FR1_to_FR2_seed1,FR1,FR2,1,winter_oat,spring_peas,0
FR1_to_FR2_seed1,FR1,FR2,1,winter_oat,sunflowers,0
FR1_to_FR2_seed1,FR1,FR2,1,winter_oat,winter_barley,4
FR1_to_FR2_seed1,FR1,FR2,1,winter_oat,winter_oat,4
FR1_to_FR2_seed1,FR1,FR2,1,winter_oat,winter_peas,0
FR1_to_FR2_seed1,FR1,FR2,1,winter_oat,winter_rapeseed,0
FR1_to_FR2_seed1,FR1,FR2,1,winter_oat,winter_triticale,11
FR1_to_FR2_seed1,FR1,FR2,1,winter_oat,winter_wheat,65
FR1_to_FR2_seed1,FR1,FR2,1,winter_peas,corn,0
FR1_to_FR2_seed1,FR1,FR2,1,winter_peas,horsebeans,0
FR1_to_FR2_seed1,FR1,FR2,1,winter_peas,meadow,2
FR1_to_FR2_seed1,FR1,FR2,1,winter_peas,spring_barley,0
FR1_to_FR2_seed1,FR1,FR2,1,winter_peas,spring_peas,0
FR1_to_FR2_seed1,FR1,FR2,1,winter_peas,sunflowers,0
FR1_to_FR2_seed1,FR1,FR2,1,winter_peas,winter_barley,0
FR1_to_FR2_seed1,FR1,FR2,1,winter_peas,winter_oat,0
FR1_to_FR2_seed1,FR1,FR2,1,winter_peas,winter_peas,8
FR1_to_FR2_seed1,FR1,FR2,1,winter_peas,winter_rapeseed,0
FR1_to_FR2_seed1,FR1,FR2,1,winter_peas,winter_triticale,1
FR1_to_FR2_seed1,FR1,FR2,1,winter_peas,winter_wheat,1
FR1_to_FR2_seed1,FR1,FR2,1,winter_rapeseed,corn,1
FR1_to_FR2_seed1,FR1,FR2,1,winter_rapeseed,horsebeans,0
FR1_to_FR2_seed1,FR1,FR2,1,winter_rapeseed,meadow,16
FR1_to_FR2_seed1,FR1,FR2,1,winter_rapeseed,spring_barley,0
FR1_to_FR2_seed1,FR1,FR2,1,winter_rapeseed,spring_peas,0
FR1_to_FR2_seed1,FR1,FR2,1,winter_rapeseed,sunflowers,1
FR1_to_FR2_seed1,FR1,FR2,1,winter_rapeseed,winter_barley,0
FR1_to_FR2_seed1,FR1,FR2,1,winter_rapeseed,winter_oat,0
FR1_to_FR2_seed1,FR1,FR2,1,winter_rapeseed,winter_peas,2
FR1_to_FR2_seed1,FR1,FR2,1,winter_rapeseed,winter_rapeseed,664
FR1_to_FR2_seed1,FR1,FR2,1,winter_rapeseed,winter_triticale,16
FR1_to_FR2_seed1,FR1,FR2,1,winter_rapeseed,winter_wheat,6
FR1_to_FR2_seed1,FR1,FR2,1,winter_triticale,corn,0
FR1_to_FR2_seed1,FR1,FR2,1,winter_triticale,horsebeans,1
FR1_to_FR2_seed1,FR1,FR2,1,winter_triticale,meadow,13
FR1_to_FR2_seed1,FR1,FR2,1,winter_triticale,spring_barley,0
FR1_to_FR2_seed1,FR1,FR2,1,winter_triticale,spring_peas,0
FR1_to_FR2_seed1,FR1,FR2,1,winter_triticale,sunflowers,2
FR1_to_FR2_seed1,FR1,FR2,1,winter_triticale,winter_barley,26
FR1_to_FR2_seed1,FR1,FR2,1,winter_triticale,winter_oat,9
FR1_to_FR2_seed1,FR1,FR2,1,winter_triticale,winter_peas,1
FR1_to_FR2_seed1,FR1,FR2,1,winter_triticale,winter_rapeseed,3
FR1_to_FR2_seed1,FR1,FR2,1,winter_triticale,winter_triticale,135
FR1_to_FR2_seed1,FR1,FR2,1,winter_triticale,winter_wheat,319
FR1_to_FR2_seed1,FR1,FR2,1,winter_wheat,corn,6
FR1_to_FR2_seed1,FR1,FR2,1,winter_wheat,horsebeans,2
FR1_to_FR2_seed1,FR1,FR2,1,winter_wheat,meadow,19
FR1_to_FR2_seed1,FR1,FR2,1,winter_wheat,spring_barley,0
FR1_to_FR2_seed1,FR1,FR2,1,winter_wheat,spring_peas,0
FR1_to_FR2_seed1,FR1,FR2,1,winter_wheat,sunflowers,4
FR1_to_FR2_seed1,FR1,FR2,1,winter_wheat,winter_barley,20
FR1_to_FR2_seed1,FR1,FR2,1,winter_wheat,winter_oat,13
FR1_to_FR2_seed1,FR1,FR2,1,winter_wheat,winter_peas,0
FR1_to_FR2_seed1,FR1,FR2,1,winter_wheat,winter_rapeseed,5
FR1_to_FR2_seed1,FR1,FR2,1,winter_wheat,winter_triticale,61
FR1_to_FR2_seed1,FR1,FR2,1,winter_wheat,winter_wheat,4054
FR1_to_FR2_seed2,FR1,FR2,2,corn,corn,3573
FR1_to_FR2_seed2,FR1,FR2,2,corn,horsebeans,0
FR1_to_FR2_seed2,FR1,FR2,2,corn,meadow,44
FR1_to_FR2_seed2,FR1,FR2,2,corn,spring_barley,0
FR1_to_FR2_seed2,FR1,FR2,2,corn,spring_peas,0
FR1_to_FR2_seed2,FR1,FR2,2,corn,sunflowers,14
FR1_to_FR2_seed2,FR1,FR2,2,corn,winter_barley,33
FR1_to_FR2_seed2,FR1,FR2,2,corn,winter_oat,0
FR1_to_FR2_seed2,FR1,FR2,2,corn,winter_peas,5
FR1_to_FR2_seed2,FR1,FR2,2,corn,winter_rapeseed,4
FR1_to_FR2_seed2,FR1,FR2,2,corn,winter_triticale,3
FR1_to_FR2_seed2,FR1,FR2,2,corn,winter_wheat,191
FR1_to_FR2_seed2,FR1,FR2,2,horsebeans,corn,1
FR1_to_FR2_seed2,FR1,FR2,2,horsebeans,horsebeans,39
FR1_to_FR2_seed2,FR1,FR2,2,horsebeans,meadow,12
FR1_to_FR2_seed2,FR1,FR2,2,horsebeans,spring_barley,0
FR1_to_FR2_seed2,FR1,FR2,2,horsebeans,spring_peas,4
FR1_to_FR2_seed2,FR1,FR2,2,horsebeans,sunflowers,1
FR1_to_FR2_seed2,FR1,FR2,2,horsebeans,winter_barley,1
FR1_to_FR2_seed2,FR1,FR2,2,horsebeans,winter_oat,0
FR1_to_FR2_seed2,FR1,FR2,2,horsebeans,winter_peas,9
FR1_to_FR2_seed2,FR1,FR2,2,horsebeans,winter_rapeseed,8
FR1_to_FR2_seed2,FR1,FR2,2,horsebeans,winter_triticale,0
FR1_to_FR2_seed2,FR1,FR2,2,horsebeans,winter_wheat,13
FR1_to_FR2_seed2,FR1,FR2,2,meadow,corn,394
FR1_to_FR2_seed2,FR1,FR2,2,meadow,horsebeans,92
FR1_to_FR2_seed2,FR1,FR2,2,meadow,meadow,6240
FR1_to_FR2_seed2,FR1,FR2,2,meadow,spring_barley,0
FR1_to_FR2_seed2,FR1,FR2,2,meadow,spring_peas,114
FR1_to_FR2_seed2,FR1,FR2,2,meadow,sunflowers,31
FR1_to_FR2_seed2,FR1,FR2,2,meadow,winter_barley,569
FR1_to_FR2_seed2,FR1,FR2,2,meadow,winter_oat,0
FR1_to_FR2_seed2,FR1,FR2,2,meadow,winter_peas,140
FR1_to_FR2_seed2,FR1,FR2,2,meadow,winter_rapeseed,36
FR1_to_FR2_seed2,FR1,FR2,2,meadow,winter_triticale,13
FR1_to_FR2_seed2,FR1,FR2,2,meadow,winter_wheat,2841
FR1_to_FR2_seed2,FR1,FR2,2,spring_barley,corn,3
FR1_to_FR2_seed2,FR1,FR2,2,spring_barley,horsebeans,0
FR1_to_FR2_seed2,FR1,FR2,2,spring_barley,meadow,3
FR1_to_FR2_seed2,FR1,FR2,2,spring_barley,spring_barley,2
FR1_to_FR2_seed2,FR1,FR2,2,spring_barley,spring_peas,0
FR1_to_FR2_seed2,FR1,FR2,2,spring_barley,sunflowers,5
FR1_to_FR2_seed2,FR1,FR2,2,spring_barley,winter_barley,17
FR1_to_FR2_seed2,FR1,FR2,2,spring_barley,winter_oat,0
FR1_to_FR2_seed2,FR1,FR2,2,spring_barley,winter_peas,0
FR1_to_FR2_seed2,FR1,FR2,2,spring_barley,winter_rapeseed,1
FR1_to_FR2_seed2,FR1,FR2,2,spring_barley,winter_triticale,0
FR1_to_FR2_seed2,FR1,FR2,2,spring_barley,winter_wheat,45
FR1_to_FR2_seed2,FR1,FR2,2,spring_peas,corn,0
FR1_to_FR2_seed2,FR1,FR2,2,spring_peas,horsebeans,1
FR1_to_FR2_seed2,FR1,FR2,2,spring_peas,meadow,1
FR1_to_FR2_seed2,FR1,FR2,2,spring_peas,spring_barley,0
FR1_to_FR2_seed2,FR1,FR2,2,spring_peas,spring_peas,17
FR1_to_FR2_seed2,FR1,FR2,2,spring_peas,sunflowers,4
FR1_to_FR2_seed2,FR1,FR2,2,spring_peas,winter_barley,2
FR1_to_FR2_seed2,FR1,FR2,2,spring_peas,winter_oat,0
FR1_to_FR2_seed2,FR1,FR2,2,spring_peas,winter_peas,6
FR1_to_FR2_seed2,FR1,FR2,2,spring_peas,winter_rapeseed,4
FR1_to_FR2_seed2,FR1,FR2,2,spring_peas,winter_triticale,0
FR1_to_FR2_seed2,FR1,FR2,2,spring_peas,winter_wheat,20
FR1_to_FR2_seed2,FR1,FR2,2,sunflowers,corn,19
FR1_to_FR2_seed2,FR1,FR2,2,sunflowers,horsebeans,0
FR1_to_FR2_seed2,FR1,FR2,2,sunflowers,meadow,23
FR1_to_FR2_seed2,FR1,FR2,2,sunflowers,spring_barley,0
FR1_to_FR2_seed2,FR1,FR2,2,sunflowers,spring_peas,0
FR1_to_FR2_seed2,FR1,FR2,2,sunflowers,sunflowers,117
FR1_to_FR2_seed2,FR1,FR2,2,sunflowers,winter_barley,2
FR1_to_FR2_seed2,FR1,FR2,2,sunflowers,winter_oat,0
FR1_to_FR2_seed2,FR1,FR2,2,sunflowers,winter_peas,0
FR1_to_FR2_seed2,FR1,FR2,2,sunflowers,winter_rapeseed,0
FR1_to_FR2_seed2,FR1,FR2,2,sunflowers,winter_triticale,0
FR1_to_FR2_seed2,FR1,FR2,2,sunflowers,winter_wheat,95
FR1_to_FR2_seed2,FR1,FR2,2,winter_barley,corn,1
FR1_to_FR2_seed2,FR1,FR2,2,winter_barley,horsebeans,0
FR1_to_FR2_seed2,FR1,FR2,2,winter_barley,meadow,2
FR1_to_FR2_seed2,FR1,FR2,2,winter_barley,spring_barley,0
FR1_to_FR2_seed2,FR1,FR2,2,winter_barley,spring_peas,1
FR1_to_FR2_seed2,FR1,FR2,2,winter_barley,sunflowers,0
FR1_to_FR2_seed2,FR1,FR2,2,winter_barley,winter_barley,704
FR1_to_FR2_seed2,FR1,FR2,2,winter_barley,winter_oat,0
FR1_to_FR2_seed2,FR1,FR2,2,winter_barley,winter_peas,2
FR1_to_FR2_seed2,FR1,FR2,2,winter_barley,winter_rapeseed,3
FR1_to_FR2_seed2,FR1,FR2,2,winter_barley,winter_triticale,0
FR1_to_FR2_seed2,FR1,FR2,2,winter_barley,winter_wheat,144
FR1_to_FR2_seed2,FR1,FR2,2,winter_oat,corn,2
FR1_to_FR2_seed2,FR1,FR2,2,winter_oat,horsebeans,0
FR1_to_FR2_seed2,FR1,FR2,2,winter_oat,meadow,2
FR1_to_FR2_seed2,FR1,FR2,2,winter_oat,spring_barley,0
FR1_to_FR2_seed2,FR1,FR2,2,winter_oat,spring_peas,0
FR1_to_FR2_seed2,FR1,FR2,2,winter_oat,sunflowers,0
FR1_to_FR2_seed2,FR1,FR2,2,winter_oat,winter_barley,33
FR1_to_FR2_seed2,FR1,FR2,2,winter_oat,winter_oat,0
FR1_to_FR2_seed2,FR1,FR2,2,winter_oat,winter_peas,3
FR1_to_FR2_seed2,FR1,FR2,2,winter_oat,winter_rapeseed,0
FR1_to_FR2_seed2,FR1,FR2,2,winter_oat,winter_triticale,0
FR1_to_FR2_seed2,FR1,FR2,2,winter_oat,winter_wheat,46
FR1_to_FR2_seed2,FR1,FR2,2,winter_peas,corn,0
FR1_to_FR2_seed2,FR1,FR2,2,winter_peas,horsebeans,0
FR1_to_FR2_seed2,FR1,FR2,2,winter_peas,meadow,0
FR1_to_FR2_seed2,FR1,FR2,2,winter_peas,spring_barley,0
FR1_to_FR2_seed2,FR1,FR2,2,winter_peas,spring_peas,2
FR1_to_FR2_seed2,FR1,FR2,2,winter_peas,sunflowers,0
FR1_to_FR2_seed2,FR1,FR2,2,winter_peas,winter_barley,1
FR1_to_FR2_seed2,FR1,FR2,2,winter_peas,winter_oat,0
FR1_to_FR2_seed2,FR1,FR2,2,winter_peas,winter_peas,7
FR1_to_FR2_seed2,FR1,FR2,2,winter_peas,winter_rapeseed,1
FR1_to_FR2_seed2,FR1,FR2,2,winter_peas,winter_triticale,0
FR1_to_FR2_seed2,FR1,FR2,2,winter_peas,winter_wheat,1
FR1_to_FR2_seed2,FR1,FR2,2,winter_rapeseed,corn,1
FR1_to_FR2_seed2,FR1,FR2,2,winter_rapeseed,horsebeans,0
FR1_to_FR2_seed2,FR1,FR2,2,winter_rapeseed,meadow,5
FR1_to_FR2_seed2,FR1,FR2,2,winter_rapeseed,spring_barley,0
FR1_to_FR2_seed2,FR1,FR2,2,winter_rapeseed,spring_peas,3
FR1_to_FR2_seed2,FR1,FR2,2,winter_rapeseed,sunflowers,0
FR1_to_FR2_seed2,FR1,FR2,2,winter_rapeseed,winter_barley,52
FR1_to_FR2_seed2,FR1,FR2,2,winter_rapeseed,winter_oat,0
FR1_to_FR2_seed2,FR1,FR2,2,winter_rapeseed,winter_peas,22
FR1_to_FR2_seed2,FR1,FR2,2,winter_rapeseed,winter_rapeseed,577
FR1_to_FR2_seed2,FR1,FR2,2,winter_rapeseed,winter_triticale,0
FR1_to_FR2_seed2,FR1,FR2,2,winter_rapeseed,winter_wheat,89
FR1_to_FR2_seed2,FR1,FR2,2,winter_triticale,corn,3
FR1_to_FR2_seed2,FR1,FR2,2,winter_triticale,horsebeans,1
FR1_to_FR2_seed2,FR1,FR2,2,winter_triticale,meadow,4
FR1_to_FR2_seed2,FR1,FR2,2,winter_triticale,spring_barley,0
FR1_to_FR2_seed2,FR1,FR2,2,winter_triticale,spring_peas,1
FR1_to_FR2_seed2,FR1,FR2,2,winter_triticale,sunflowers,0
FR1_to_FR2_seed2,FR1,FR2,2,winter_triticale,winter_barley,176
FR1_to_FR2_seed2,FR1,FR2,2,winter_triticale,winter_oat,0
FR1_to_FR2_seed2,FR1,FR2,2,winter_triticale,winter_peas,1
FR1_to_FR2_seed2,FR1,FR2,2,winter_triticale,winter_rapeseed,3
FR1_to_FR2_seed2,FR1,FR2,2,winter_triticale,winter_triticale,2
FR1_to_FR2_seed2,FR1,FR2,2,winter_triticale,winter_wheat,325
FR1_to_FR2_seed2,FR1,FR2,2,winter_wheat,corn,14
FR1_to_FR2_seed2,FR1,FR2,2,winter_wheat,horsebeans,0
FR1_to_FR2_seed2,FR1,FR2,2,winter_wheat,meadow,3
FR1_to_FR2_seed2,FR1,FR2,2,winter_wheat,spring_barley,0
FR1_to_FR2_seed2,FR1,FR2,2,winter_wheat,spring_peas,1
FR1_to_FR2_seed2,FR1,FR2,2,winter_wheat,sunflowers,1
FR1_to_FR2_seed2,FR1,FR2,2,winter_wheat,winter_barley,327
FR1_to_FR2_seed2,FR1,FR2,2,winter_wheat,winter_oat,0
FR1_to_FR2_seed2,FR1,FR2,2,winter_wheat,winter_peas,3
FR1_to_FR2_seed2,FR1,FR2,2,winter_wheat,winter_rapeseed,1
FR1_to_FR2_seed2,FR1,FR2,2,winter_wheat,winter_triticale,1
FR1_to_FR2_seed2,FR1,FR2,2,winter_wheat,winter_wheat,3838
FR2_to_AT1_seed1,FR2,AT1,1,corn,corn,2034
FR2_to_AT1_seed1,FR2,AT1,1,corn,horsebeans,0
FR2_to_AT1_seed1,FR2,AT1,1,corn,meadow,9
FR2_to_AT1_seed1,FR2,AT1,1,corn,spring_barley,0
FR2_to_AT1_seed1,FR2,AT1,1,corn,spring_peas,0
FR2_to_AT1_seed1,FR2,AT1,1,corn,sunflowers,2
FR2_to_AT1_seed1,FR2,AT1,1,corn,winter_barley,0
FR2_to_AT1_seed1,FR2,AT1,1,corn,winter_oat,0
FR2_to_AT1_seed1,FR2,AT1,1,corn,winter_rapeseed,0
FR2_to_AT1_seed1,FR2,AT1,1,corn,winter_triticale,0
FR2_to_AT1_seed1,FR2,AT1,1,corn,winter_wheat,8
FR2_to_AT1_seed1,FR2,AT1,1,horsebeans,corn,12
FR2_to_AT1_seed1,FR2,AT1,1,horsebeans,horsebeans,5
FR2_to_AT1_seed1,FR2,AT1,1,horsebeans,meadow,13
FR2_to_AT1_seed1,FR2,AT1,1,horsebeans,spring_barley,45
FR2_to_AT1_seed1,FR2,AT1,1,horsebeans,spring_peas,0
FR2_to_AT1_seed1,FR2,AT1,1,horsebeans,sunflowers,16
FR2_to_AT1_seed1,FR2,AT1,1,horsebeans,winter_barley,0
FR2_to_AT1_seed1,FR2,AT1,1,horsebeans,winter_oat,0
FR2_to_AT1_seed1,FR2,AT1,1,horsebeans,winter_rapeseed,0
FR2_to_AT1_seed1,FR2,AT1,1,horsebeans,winter_triticale,0
FR2_to_AT1_seed1,FR2,AT1,1,horsebeans,winter_wheat,1
FR2_to_AT1_seed1,FR2,AT1,1,meadow,corn,8
FR2_to_AT1_seed1,FR2,AT1,1,meadow,horsebeans,0
FR2_to_AT1_seed1,FR2,AT1,1,meadow,meadow,3605
FR2_to_AT1_seed1,FR2,AT1,1,meadow,spring_barley,0
FR2_to_AT1_seed1,FR2,AT1,1,meadow,spring_peas,0
FR2_to_AT1_seed1,FR2,AT1,1,meadow,sunflowers,2
FR2_to_AT1_seed1,FR2,AT1,1,meadow,winter_barley,0
FR2_to_AT1_seed1,FR2,AT1,1,meadow,winter_oat,0
FR2_to_AT1_seed1,FR2,AT1,1,meadow,winter_rapeseed,0
FR2_to_AT1_seed1,FR2,AT1,1,meadow,winter_triticale,3
FR2_to_AT1_seed1,FR2,AT1,1,meadow,winter_wheat,12
FR2_to_AT1_seed1,FR2,AT1,1,spring_barley,corn,7
FR2_to_AT1_seed1,FR2,AT1,1,spring_barley,horsebeans,2
FR2_to_AT1_seed1,FR2,AT1,1,spring_barley,meadow,21
FR2_to_AT1_seed1,FR2,AT1,1,spring_barley,spring_barley,24
FR2_to_AT1_seed1,FR2,AT1,1,spring_barley,spring_peas,1
FR2_to_AT1_seed1,FR2,AT1,1,spring_barley,sunflowers,0
FR2_to_AT1_seed1,FR2,AT1,1,spring_barley,winter_barley,0
FR2_to_AT1_seed1,FR2,AT1,1,spring_barley,winter_oat,0
FR2_to_AT1_seed1,FR2,AT1,1,spring_barley,winter_rapeseed,0
FR2_to_AT1_seed1,FR2,AT1,1,spring_barley,winter_triticale,0
FR2_to_AT1_seed1,FR2,AT1,1,spring_barley,winter_wheat,2
FR2_to_AT1_seed1,FR2,AT1,1,spring_peas,corn,1
FR2_to_AT1_seed1,FR2,AT1,1,spring_peas,horsebeans,0
FR2_to_AT1_seed1,FR2,AT1,1,spring_peas,meadow,4
FR2_to_AT1_seed1,FR2,AT1,1,spring_peas,spring_barley,1
FR2_to_AT1_seed1,FR2,AT1,1,spring_peas,spring_peas,6
FR2_to_AT1_seed1,FR2,AT1,1,spring_peas,sunflowers,1
FR2_to_AT1_seed1,FR2,AT1,1,spring_peas,winter_barley,0
FR2_to_AT1_seed1,FR2,AT1,1,spring_peas,winter_oat,0
FR2_to_AT1_seed1,FR2,AT1,1,spring_peas,winter_rapeseed,0
FR2_to_AT1_seed1,FR2,AT1,1,spring_peas,winter_triticale,0
FR2_to_AT1_seed1,FR2,AT1,1,spring_peas,winter_wheat,0
FR2_to_AT1_seed1,FR2,AT1,1,sunflowers,corn,2
FR2_to_AT1_seed1,FR2,AT1,1,sunflowers,horsebeans,0
FR2_to_AT1_seed1,FR2,AT1,1,sunflowers,meadow,1
FR2_to_AT1_seed1,FR2,AT1,1,sunflowers,spring_barley,0
FR2_to_AT1_seed1,FR2,AT1,1,sunflowers,spring_peas,0
FR2_to_AT1_seed1,FR2,AT1,1,sunflowers,sunflowers,3
FR2_to_AT1_seed1,FR2,AT1,1,sunflowers,winter_barley,0
FR2_to_AT1_seed1,FR2,AT1,1,sunflowers,winter_oat,0
FR2_to_AT1_seed1,FR2,AT1,1,sunflowers,winter_rapeseed,0
FR2_to_AT1_seed1,FR2,AT1,1,sunflowers,winter_triticale,0
FR2_to_AT1_seed1,FR2,AT1,1,sunflowers,winter_wheat,0
FR2_to_AT1_seed1,FR2,AT1,1,winter_barley,corn,4
FR2_to_AT1_seed1,FR2,AT1,1,winter_barley,horsebeans,3
FR2_to_AT1_seed1,FR2,AT1,1,winter_barley,meadow,28
FR2_to_AT1_seed1,FR2,AT1,1,winter_barley,spring_barley,12
FR2_to_AT1_seed1,FR2,AT1,1,winter_barley,spring_peas,6
FR2_to_AT1_seed1,FR2,AT1,1,winter_barley,sunflowers,0
FR2_to_AT1_seed1,FR2,AT1,1,winter_barley,winter_barley,179
FR2_to_AT1_seed1,FR2,AT1,1,winter_barley,winter_oat,172
FR2_to_AT1_seed1,FR2,AT1,1,winter_barley,winter_rapeseed,25
FR2_to_AT1_seed1,FR2,AT1,1,winter_barley,winter_triticale,76
FR2_to_AT1_seed1,FR2,AT1,1,winter_barley,winter_wheat,391
FR2_to_AT1_seed1,FR2,AT1,1,winter_oat,corn,0
FR2_to_AT1_seed1,FR2,AT1,1,winter_oat,horsebeans,0
FR2_to_AT1_seed1,FR2,AT1,1,winter_oat,meadow,0
FR2_to_AT1_seed1,FR2,AT1,1,winter_oat,spring_barley,0
FR2_to_AT1_seed1,FR2,AT1,1,winter_oat,spring_peas,0
FR2_to_AT1_seed1,FR2,AT1,1,winter_oat,sunflowers,0
FR2_to_AT1_seed1,FR2,AT1,1,winter_oat,winter_barley,0
FR2_to_AT1_seed1,FR2,AT1,1,winter_oat,winter_oat,0
FR2_to_AT1_seed1,FR2,AT1,1,winter_oat,winter_rapeseed,0
FR2_to_AT1_seed1,FR2,AT1,1,winter_oat,winter_triticale,0
FR2_to_AT1_seed1,FR2,AT1,1,winter_oat,winter_wheat,0
FR2_to_AT1_seed1,FR2,AT1,1,winter_rapeseed,corn,4
FR2_to_AT1_seed1,FR2,AT1,1,winter_rapeseed,horsebeans,1
FR2_to_AT1_seed1,FR2,AT1,1,winter_rapeseed,meadow,2
FR2_to_AT1_seed1,FR2,AT1,1,winter_rapeseed,spring_barley,0
FR2_to_AT1_seed1,FR2,AT1,1,winter_rapeseed,spring_peas,0
FR2_to_AT1_seed1,FR2,AT1,1,winter_rapeseed,sunflowers,0
FR2_to_AT1_seed1,FR2,AT1,1,winter_rapeseed,winter_barley,0
FR2_to_AT1_seed1,FR2,AT1,1,winter_rapeseed,winter_oat,0
FR2_to_AT1_seed1,FR2,AT1,1,winter_rapeseed,winter_rapeseed,167
FR2_to_AT1_seed1,FR2,AT1,1,winter_rapeseed,winter_triticale,5
FR2_to_AT1_seed1,FR2,AT1,1,winter_rapeseed,winter_wheat,25
FR2_to_AT1_seed1,FR2,AT1,1,winter_triticale,corn,2
FR2_to_AT1_seed1,FR2,AT1,1,winter_triticale,horsebeans,4
FR2_to_AT1_seed1,FR2,AT1,1,winter_triticale,meadow,40
FR2_to_AT1_seed1,FR2,AT1,1,winter_triticale,spring_barley,7
FR2_to_AT1_seed1,FR2,AT1,1,winter_triticale,spring_peas,1
FR2_to_AT1_seed1,FR2,AT1,1,winter_triticale,sunflowers,0
FR2_to_AT1_seed1,FR2,AT1,1,winter_triticale,winter_barley,3
FR2_to_AT1_seed1,FR2,AT1,1,winter_triticale,winter_oat,3
FR2_to_AT1_seed1,FR2,AT1,1,winter_triticale,winter_rapeseed,2
FR2_to_AT1_seed1,FR2,AT1,1,winter_triticale,winter_triticale,49
FR2_to_AT1_seed1,FR2,AT1,1,winter_triticale,winter_wheat,193
FR2_to_AT1_seed1,FR2,AT1,1,winter_wheat,corn,3
FR2_to_AT1_seed1,FR2,AT1,1,winter_wheat,horsebeans,2
FR2_to_AT1_seed1,FR2,AT1,1,winter_wheat,meadow,151
FR2_to_AT1_seed1,FR2,AT1,1,winter_wheat,spring_barley,22
FR2_to_AT1_seed1,FR2,AT1,1,winter_wheat,spring_peas,0
FR2_to_AT1_seed1,FR2,AT1,1,winter_wheat,sunflowers,1
FR2_to_AT1_seed1,FR2,AT1,1,winter_wheat,winter_barley,29
FR2_to_AT1_seed1,FR2,AT1,1,winter_wheat,winter_oat,14
FR2_to_AT1_seed1,FR2,AT1,1,winter_wheat,winter_rapeseed,0
FR2_to_AT1_seed1,FR2,AT1,1,winter_wheat,winter_triticale,4
FR2_to_AT1_seed1,FR2,AT1,1,winter_wheat,winter_wheat,1065
FR2_to_DK1_seed1,FR2,DK1,1,corn,corn,743
FR2_to_DK1_seed1,FR2,DK1,1,corn,horsebeans,8
FR2_to_DK1_seed1,FR2,DK1,1,corn,meadow,31
FR2_to_DK1_seed1,FR2,DK1,1,corn,spring_barley,7
FR2_to_DK1_seed1,FR2,DK1,1,corn,spring_peas,1
FR2_to_DK1_seed1,FR2,DK1,1,corn,sunflowers,11
FR2_to_DK1_seed1,FR2,DK1,1,corn,winter_barley,1
FR2_to_DK1_seed1,FR2,DK1,1,corn,winter_oat,0
FR2_to_DK1_seed1,FR2,DK1,1,corn,winter_rapeseed,0
FR2_to_DK1_seed1,FR2,DK1,1,corn,winter_triticale,0
FR2_to_DK1_seed1,FR2,DK1,1,corn,winter_wheat,4
FR2_to_DK1_seed1,FR2,DK1,1,horsebeans,corn,33
FR2_to_DK1_seed1,FR2,DK1,1,horsebeans,horsebeans,6
FR2_to_DK1_seed1,FR2,DK1,1,horsebeans,meadow,7
FR2_to_DK1_seed1,FR2,DK1,1,horsebeans,spring_barley,0
FR2_to_DK1_seed1,FR2,DK1,1,horsebeans,spring_peas,1
FR2_to_DK1_seed1,FR2,DK1,1,horsebeans,sunflowers,17
FR2_to_DK1_seed1,FR2,DK1,1,horsebeans,winter_barley,0
FR2_to_DK1_seed1,FR2,DK1,1,horsebeans,winter_oat,0
FR2_to_DK1_seed1,FR2,DK1,1,horsebeans,winter_rapeseed,0
FR2_to_DK1_seed1,FR2,DK1,1,horsebeans,winter_triticale,0
FR2_to_DK1_seed1,FR2,DK1,1,horsebeans,winter_wheat,0
FR2_to_DK1_seed1,FR2,DK1,1,meadow,corn,111
FR2_to_DK1_seed1,FR2,DK1,1,meadow,horsebeans,36
FR2_to_DK1_seed1,FR2,DK1,1,meadow,meadow,2432
FR2_to_DK1_seed1,FR2,DK1,1,meadow,spring_barley,15
FR2_to_DK1_seed1,FR2,DK1,1,meadow,spring_peas,1
FR2_to_DK1_seed1,FR2,DK1,1,meadow,sunflowers,5
FR2_to_DK1_seed1,FR2,DK1,1,meadow,winter_barley,7
FR2_to_DK1_seed1,FR2,DK1,1,meadow,winter_oat,0
FR2_to_DK1_seed1,FR2,DK1,1,meadow,winter_rapeseed,11
FR2_to_DK1_seed1,FR2,DK1,1,meadow,winter_triticale,9
FR2_to_DK1_seed1,FR2,DK1,1,meadow,winter_wheat,10
FR2_to_DK1_seed1,FR2,DK1,1,spring_barley,corn,1186
FR2_to_DK1_seed1,FR2,DK1,1,spring_barley,horsebeans,105
FR2_to_DK1_seed1,FR2,DK1,1,spring_barley,meadow,537
FR2_to_DK1_seed1,FR2,DK1,1,spring_barley,spring_barley,692
FR2_to_DK1_seed1,FR2,DK1,1,spring_barley,spring_peas,64
FR2_to_DK1_seed1,FR2,DK1,1,spring_barley,sunflowers,90
FR2_to_DK1_seed1,FR2,DK1,1,spring_barley,winter_barley,6
FR2_to_DK1_seed1,FR2,DK1,1,spring_barley,winter_oat,0
FR2_to_DK1_seed1,FR2,DK1,1,spring_barley,winter_rapeseed,7
FR2_to_DK1_seed1,FR2,DK1,1,spring_barley,winter_triticale,1
FR2_to_DK1_seed1,FR2,DK1,1,spring_barley,winter_wheat,15
FR2_to_DK1_seed1,FR2,DK1,1,spring_peas,corn,1
FR2_to_DK1_seed1,FR2,DK1,1,spring_peas,horsebeans,2
FR2_to_DK1_seed1,FR2,DK1,1,spring_peas,meadow,32
FR2_to_DK1_seed1,FR2,DK1,1,spring_peas,spring_barley,3
FR2_to_DK1_seed1,FR2,DK1,1,spring_peas,spring_peas,8
FR2_to_DK1_seed1,FR2,DK1,1,spring_peas,sunflowers,6
FR2_to_DK1_seed1,FR2,DK1,1,spring_peas,winter_barley,0
FR2_to_DK1_seed1,FR2,DK1,1,spring_peas,winter_oat,0
FR2_to_DK1_seed1,FR2,DK1,1,spring_peas,winter_rapeseed,0
FR2_to_DK1_seed1,FR2,DK1,1,spring_peas,winter_triticale,0
FR2_to_DK1_seed1,FR2,DK1,1,spring_peas,winter_wheat,0
FR2_to_DK1_seed1,FR2,DK1,1,sunflowers,corn,0
FR2_to_DK1_seed1,FR2,DK1,1,sunflowers,horsebeans,0
FR2_to_DK1_seed1,FR2,DK1,1,sunflowers,meadow,0
FR2_to_DK1_seed1,FR2,DK1,1,sunflowers,spring_barley,0
FR2_to_DK1_seed1,FR2,DK1,1,sunflowers,spring_peas,0
FR2_to_DK1_seed1,FR2,DK1,1,sunflowers,sunflowers,0
FR2_to_DK1_seed1,FR2,DK1,1,sunflowers,winter_barley,0
FR2_to_DK1_seed1,FR2,DK1,1,sunflowers,winter_oat,0
FR2_to_DK1_seed1,FR2,DK1,1,sunflowers,winter_rapeseed,0
FR2_to_DK1_seed1,FR2,DK1,1,sunflowers,winter_triticale,0
FR2_to_DK1_seed1,FR2,DK1,1,sunflowers,winter_wheat,0
FR2_to_DK1_seed1,FR2,DK1,1,winter_barley,corn,29
FR2_to_DK1_seed1,FR2,DK1,1,winter_barley,horsebeans,34
FR2_to_DK1_seed1,FR2,DK1,1,winter_barley,meadow,114
FR2_to_DK1_seed1,FR2,DK1,1,winter_barley,spring_barley,61
FR2_to_DK1_seed1,FR2,DK1,1,winter_barley,spring_peas,1
FR2_to_DK1_seed1,FR2,DK1,1,winter_barley,sunflowers,0
FR2_to_DK1_seed1,FR2,DK1,1,winter_barley,winter_barley,51
FR2_to_DK1_seed1,FR2,DK1,1,winter_barley,winter_oat,12
FR2_to_DK1_seed1,FR2,DK1,1,winter_barley,winter_rapeseed,2
FR2_to_DK1_seed1,FR2,DK1,1,winter_barley,winter_triticale,53
FR2_to_DK1_seed1,FR2,DK1,1,winter_barley,winter_wheat,382
FR2_to_DK1_seed1,FR2,DK1,1,winter_oat,corn,1
FR2_to_DK1_seed1,FR2,DK1,1,winter_oat,horsebeans,0
FR2_to_DK1_seed1,FR2,DK1,1,winter_oat,meadow,0
FR2_to_DK1_seed1,FR2,DK1,1,winter_oat,spring_barley,0
FR2_to_DK1_seed1,FR2,DK1,1,winter_oat,spring_peas,0
FR2_to_DK1_seed1,FR2,DK1,1,winter_oat,sunflowers,0
FR2_to_DK1_seed1,FR2,DK1,1,winter_oat,winter_barley,0
FR2_to_DK1_seed1,FR2,DK1,1,winter_oat,winter_oat,0
FR2_to_DK1_seed1,FR2,DK1,1,winter_oat,winter_rapeseed,0
FR2_to_DK1_seed1,FR2,DK1,1,winter_oat,winter_triticale,0
FR2_to_DK1_seed1,FR2,DK1,1,winter_oat,winter_wheat,0
FR2_to_DK1_seed1,FR2,DK1,1,winter_rapeseed,corn,14
FR2_to_DK1_seed1,FR2,DK1,1,winter_rapeseed,horsebeans,93
FR2_to_DK1_seed1,FR2,DK1,1,winter_rapeseed,meadow,182
FR2_to_DK1_seed1,FR2,DK1,1,winter_rapeseed,spring_barley,0
FR2_to_DK1_seed1,FR2,DK1,1,winter_rapeseed,spring_peas,13
FR2_to_DK1_seed1,FR2,DK1,1,winter_rapeseed,sunflowers,11
FR2_to_DK1_seed1,FR2,DK1,1,winter_rapeseed,winter_barley,1
FR2_to_DK1_seed1,FR2,DK1,1,winter_rapeseed,winter_oat,0
FR2_to_DK1_seed1,FR2,DK1,1,winter_rapeseed,winter_rapeseed,252
FR2_to_DK1_seed1,FR2,DK1,1,winter_rapeseed,winter_triticale,2
FR2_to_DK1_seed1,FR2,DK1,1,winter_rapeseed,winter_wheat,0
FR2_to_DK1_seed1,FR2,DK1,1,winter_triticale,corn,4
FR2_to_DK1_seed1,FR2,DK1,1,winter_triticale,horsebeans,7
FR2_to_DK1_seed1,FR2,DK1,1,winter_triticale,meadow,19
FR2_to_DK1_seed1,FR2,DK1,1,winter_triticale,spring_barley,6
FR2_to_DK1_seed1,FR2,DK1,1,winter_triticale,spring_peas,0
FR2_to_DK1_seed1,FR2,DK1,1,winter_triticale,sunflowers,0
FR2_to_DK1_seed1,FR2,DK1,1,winter_triticale,winter_barley,15
FR2_to_DK1_seed1,FR2,DK1,1,winter_triticale,winter_oat,2
FR2_to_DK1_seed1,FR2,DK1,1,winter_triticale,winter_rapeseed,0
FR2_to_DK1_seed1,FR2,DK1,1,winter_triticale,winter_triticale,6
FR2_to_DK1_seed1,FR2,DK1,1,winter_triticale,winter_wheat,19
FR2_to_DK1_seed1,FR2,DK1,1,winter_wheat,corn,148
FR2_to_DK1_seed1,FR2,DK1,1,winter_wheat,horsebeans,11
FR2_to_DK1_seed1,FR2,DK1,1,winter_wheat,meadow,178
FR2_to_DK1_seed1,FR2,DK1,1,winter_wheat,spring_barley,101
FR2_to_DK1_seed1,FR2,DK1,1,winter_wheat,spring_peas,0
FR2_to_DK1_seed1,FR2,DK1,1,winter_wheat,sunflowers,3
FR2_to_DK1_seed1,FR2,DK1,1,winter_wheat,winter_barley,429
FR2_to_DK1_seed1,FR2,DK1,1,winter_wheat,winter_oat,6
FR2_to_DK1_seed1,FR2,DK1,1,winter_wheat,winter_rapeseed,1
FR2_to_DK1_seed1,FR2,DK1,1,winter_wheat,winter_triticale,23
FR2_to_DK1_seed1,FR2,DK1,1,winter_wheat,winter_wheat,1076
FR2_to_DK1_seed2,FR2,DK1,2,corn,corn,752
FR2_to_DK1_seed2,FR2,DK1,2,corn,horsebeans,0
FR2_to_DK1_seed2,FR2,DK1,2,corn,meadow,6
FR2_to_DK1_seed2,FR2,DK1,2,corn,spring_barley,1
FR2_to_DK1_seed2,FR2,DK1,2,corn,spring_peas,3
FR2_to_DK1_seed2,FR2,DK1,2,corn,sunflowers,17
FR2_to_DK1_seed2,FR2,DK1,2,corn,winter_barley,2
FR2_to_DK1_seed2,FR2,DK1,2,corn,winter_oat,0
FR2_to_DK1_seed2,FR2,DK1,2,corn,winter_rapeseed,0
FR2_to_DK1_seed2,FR2,DK1,2,corn,winter_triticale,1
FR2_to_DK1_seed2,FR2,DK1,2,corn,winter_wheat,9
FR2_to_DK1_seed2,FR2,DK1,2,horsebeans,corn,53
FR2_to_DK1_seed2,FR2,DK1,2,horsebeans,horsebeans,0
FR2_to_DK1_seed2,FR2,DK1,2,horsebeans,meadow,0
FR2_to_DK1_seed2,FR2,DK1,2,horsebeans,spring_barley,1
FR2_to_DK1_seed2,FR2,DK1,2,horsebeans,spring_peas,1
FR2_to_DK1_seed2,FR2,DK1,2,horsebeans,sunflowers,7
FR2_to_DK1_seed2,FR2,DK1,2,horsebeans,winter_barley,0
FR2_to_DK1_seed2,FR2,DK1,2,horsebeans,winter_oat,0
FR2_to_DK1_seed2,FR2,DK1,2,horsebeans,winter_rapeseed,0
FR2_to_DK1_seed2,FR2,DK1,2,horsebeans,winter_triticale,0
FR2_to_DK1_seed2,FR2,DK1,2,horsebeans,winter_wheat,2
FR2_to_DK1_seed2,FR2,DK1,2,meadow,corn,266
FR2_to_DK1_seed2,FR2,DK1,2,meadow,horsebeans,1
FR2_to_DK1_seed2,FR2,DK1,2,meadow,meadow,2122
FR2_to_DK1_seed2,FR2,DK1,2,meadow,spring_barley,25
FR2_to_DK1_seed2,FR2,DK1,2,meadow,spring_peas,3
FR2_to_DK1_seed2,FR2,DK1,2,meadow,sunflowers,40
FR2_to_DK1_seed2,FR2,DK1,2,meadow,winter_barley,20
FR2_to_DK1_seed2,FR2,DK1,2,meadow,winter_oat,0
FR2_to_DK1_seed2,FR2,DK1,2,meadow,winter_rapeseed,0
FR2_to_DK1_seed2,FR2,DK1,2,meadow,winter_triticale,24
FR2_to_DK1_seed2,FR2,DK1,2,meadow,winter_wheat,80
FR2_to_DK1_seed2,FR2,DK1,2,spring_barley,corn,1918
FR2_to_DK1_seed2,FR2,DK1,2,spring_barley,horsebeans,0
FR2_to_DK1_seed2,FR2,DK1,2,spring_barley,meadow,277
FR2_to_DK1_seed2,FR2,DK1,2,spring_barley,spring_barley,79
FR2_to_DK1_seed2,FR2,DK1,2,spring_barley,spring_peas,61
FR2_to_DK1_seed2,FR2,DK1,2,spring_barley,sunflowers,243
FR2_to_DK1_seed2,FR2,DK1,2,spring_barley,winter_barley,26
FR2_to_DK1_seed2,FR2,DK1,2,spring_barley,winter_oat,5
FR2_to_DK1_seed2,FR2,DK1,2,spring_barley,winter_rapeseed,4
FR2_to_DK1_seed2,FR2,DK1,2,spring_barley,winter_triticale,4
FR2_to_DK1_seed2,FR2,DK1,2,spring_barley,winter_wheat,60
FR2_to_DK1_seed2,FR2,DK1,2,spring_peas,corn,28
FR2_to_DK1_seed2,FR2,DK1,2,spring_peas,horsebeans,0
FR2_to_DK1_seed2,FR2,DK1,2,spring_peas,meadow,17
FR2_to_DK1_seed2,FR2,DK1,2,spring_peas,spring_barley,3
FR2_to_DK1_seed2,FR2,DK1,2,spring_peas,spring_peas,4
FR2_to_DK1_seed2,FR2,DK1,2,spring_peas,sunflowers,8
FR2_to_DK1_seed2,FR2,DK1,2,spring_peas,winter_barley,1
FR2_to_DK1_seed2,FR2,DK1,2,spring_peas,winter_oat,0
FR2_to_DK1_seed2,FR2,DK1,2,spring_peas,winter_rapeseed,0
FR2_to_DK1_seed2,FR2,DK1,2,spring_peas,winter_triticale,0
FR2_to_DK1_seed2,FR2,DK1,2,spring_peas,winter_wheat,2
FR2_to_DK1_seed2,FR2,DK1,2,sunflowers,corn,0
FR2_to_DK1_seed2,FR2,DK1,2,sunflowers,horsebeans,0
FR2_to_DK1_seed2,FR2,DK1,2,sunflowers,meadow,0
FR2_to_DK1_seed2,FR2,DK1,2,sunflowers,spring_barley,0
FR2_to_DK1_seed2,FR2,DK1,2,sunflowers,spring_peas,0
FR2_to_DK1_seed2,FR2,DK1,2,sunflowers,sunflowers,0
FR2_to_DK1_seed2,FR2,DK1,2,sunflowers,winter_barley,0
FR2_to_DK1_seed2,FR2,DK1,2,sunflowers,winter_oat,0
FR2_to_DK1_seed2,FR2,DK1,2,sunflowers,winter_rapeseed,0
FR2_to_DK1_seed2,FR2,DK1,2,sunflowers,winter_triticale,0
FR2_to_DK1_seed2,FR2,DK1,2,sunflowers,winter_wheat,0
FR2_to_DK1_seed2,FR2,DK1,2,winter_barley,corn,46
FR2_to_DK1_seed2,FR2,DK1,2,winter_barley,horsebeans,1
FR2_to_DK1_seed2,FR2,DK1,2,winter_barley,meadow,56
FR2_to_DK1_seed2,FR2,DK1,2,winter_barley,spring_barley,43
FR2_to_DK1_seed2,FR2,DK1,2,winter_barley,spring_peas,1
FR2_to_DK1_seed2,FR2,DK1,2,winter_barley,sunflowers,0
FR2_to_DK1_seed2,FR2,DK1,2,winter_barley,winter_barley,225
FR2_to_DK1_seed2,FR2,DK1,2,winter_barley,winter_oat,24
FR2_to_DK1_seed2,FR2,DK1,2,winter_barley,winter_rapeseed,0
FR2_to_DK1_seed2,FR2,DK1,2,winter_barley,winter_triticale,82
FR2_to_DK1_seed2,FR2,DK1,2,winter_barley,winter_wheat,254
FR2_to_DK1_seed2,FR2,DK1,2,winter_oat,corn,1
FR2_to_DK1_seed2,FR2,DK1,2,winter_oat,horsebeans,0
FR2_to_DK1_seed2,FR2,DK1,2,winter_oat,meadow,0
FR2_to_DK1_seed2,FR2,DK1,2,winter_oat,spring_barley,0
FR2_to_DK1_seed2,FR2,DK1,2,winter_oat,spring_peas,0
FR2_to_DK1_seed2,FR2,DK1,2,winter_oat,sunflowers,0
FR2_to_DK1_seed2,FR2,DK1,2,winter_oat,winter_barley,0
FR2_to_DK1_seed2,FR2,DK1,2,winter_oat,winter_oat,0
FR2_to_DK1_seed2,FR2,DK1,2,winter_oat,winter_rapeseed,0
FR2_to_DK1_seed2,FR2,DK1,2,winter_oat,winter_triticale,0
FR2_to_DK1_seed2,FR2,DK1,2,winter_oat,winter_wheat,0
FR2_to_DK1_seed2,FR2,DK1,2,winter_rapeseed,corn,323
FR2_to_DK1_seed2,FR2,DK1,2,winter_rapeseed,horsebeans,1
FR2_to_DK1_seed2,FR2,DK1,2,winter_rapeseed,meadow,21
FR2_to_DK1_seed2,FR2,DK1,2,winter_rapeseed,spring_barley,3
FR2_to_DK1_seed2,FR2,DK1,2,winter_rapeseed,spring_peas,20
FR2_to_DK1_seed2,FR2,DK1,2,winter_rapeseed,sunflowers,21
FR2_to_DK1_seed2,FR2,DK1,2,winter_rapeseed,winter_barley,2
FR2_to_DK1_seed2,FR2,DK1,2,winter_rapeseed,winter_oat,1
FR2_to_DK1_seed2,FR2,DK1,2,winter_rapeseed,winter_rapeseed,176
FR2_to_DK1_seed2,FR2,DK1,2,winter_rapeseed,winter_triticale,47
FR2_to_DK1_seed2,FR2,DK1,2,winter_rapeseed,winter_wheat,15
FR2_to_DK1_seed2,FR2,DK1,2,winter_triticale,corn,16
FR2_to_DK1_seed2,FR2,DK1,2,winter_triticale,horsebeans,0
FR2_to_DK1_seed2,FR2,DK1,2,winter_triticale,meadow,31
FR2_to_DK1_seed2,FR2,DK1,2,winter_triticale,spring_barley,2
FR2_to_DK1_seed2,FR2,DK1,2,winter_triticale,spring_peas,0
FR2_to_DK1_seed2,FR2,DK1,2,winter_triticale,sunflowers,1
FR2_to_DK1_seed2,FR2,DK1,2,winter_triticale,winter_barley,14
FR2_to_DK1_seed2,FR2,DK1,2,winter_triticale,winter_oat,0
FR2_to_DK1_seed2,FR2,DK1,2,winter_triticale,winter_rapeseed,0
FR2_to_DK1_seed2,FR2,DK1,2,winter_triticale,winter_triticale,2
FR2_to_DK1_seed2,FR2,DK1,2,winter_triticale,winter_wheat,28
FR2_to_DK1_seed2,FR2,DK1,2,winter_wheat,corn,244
FR2_to_DK1_seed2,FR2,DK1,2,winter_wheat,horsebeans,0
FR2_to_DK1_seed2,FR2,DK1,2,winter_wheat,meadow,243
FR2_to_DK1_seed2,FR2,DK1,2,winter_wheat,spring_barley,64
FR2_to_DK1_seed2,FR2,DK1,2,winter_wheat,spring_peas,17
FR2_to_DK1_seed2,FR2,DK1,2,winter_wheat,sunflowers,71
FR2_to_DK1_seed2,FR2,DK1,2,winter_wheat,winter_barley,93
FR2_to_DK1_seed2,FR2,DK1,2,winter_wheat,winter_oat,1
FR2_to_DK1_seed2,FR2,DK1,2,winter_wheat,winter_rapeseed,0
FR2_to_DK1_seed2,FR2,DK1,2,winter_wheat,winter_triticale,4
FR2_to_DK1_seed2,FR2,DK1,2,winter_wheat,winter_wheat,1254
FR2_to_FR1_seed1,FR2,FR1,1,corn,corn,1299
FR2_to_FR1_seed1,FR2,FR1,1,corn,horsebeans,0
FR2_to_FR1_seed1,FR2,FR1,1,corn,meadow,26
FR2_to_FR1_seed1,FR2,FR1,1,corn,spring_barley,1
FR2_to_FR1_seed1,FR2,FR1,1,corn,spring_peas,1
FR2_to_FR1_seed1,FR2,FR1,1,corn,sunflowers,3
FR2_to_FR1_seed1,FR2,FR1,1,corn,winter_barley,2
FR2_to_FR1_seed1,FR2,FR1,1,corn,winter_oat,1
FR2_to_FR1_seed1,FR2,FR1,1,corn,winter_rapeseed,1
FR2_to_FR1_seed1,FR2,FR1,1,corn,winter_triticale,0
FR2_to_FR1_seed1,FR2,FR1,1,corn,winter_wheat,2
FR2_to_FR1_seed1,FR2,FR1,1,horsebeans,corn,7
FR2_to_FR1_seed1,FR2,FR1,1,horsebeans,horsebeans,65
FR2_to_FR1_seed1,FR2,FR1,1,horsebeans,meadow,36
FR2_to_FR1_seed1,FR2,FR1,1,horsebeans,spring_barley,0
FR2_to_FR1_seed1,FR2,FR1,1,horsebeans,spring_peas,1
FR2_to_FR1_seed1,FR2,FR1,1,horsebeans,sunflowers,0
FR2_to_FR1_seed1,FR2,FR1,1,horsebeans,winter_barley,3
FR2_to_FR1_seed1,FR2,FR1,1,horsebeans,winter_oat,1
FR2_to_FR1_seed1,FR2,FR1,1,horsebeans,winter_rapeseed,1
FR2_to_FR1_seed1,FR2,FR1,1,horsebeans,winter_triticale,3
FR2_to_FR1_seed1,FR2,FR1,1,horsebeans,winter_wheat,17
FR2_to_FR1_seed1,FR2,FR1,1,meadow,corn,33
FR2_to_FR1_seed1,FR2,FR1,1,meadow,horsebeans,5
FR2_to_FR1_seed1,FR2,FR1,1,meadow,meadow,2912
FR2_to_FR1_seed1,FR2,FR1,1,meadow,spring_barley,3
FR2_to_FR1_seed1,FR2,FR1,1,meadow,spring_peas,3
FR2_to_FR1_seed1,FR2,FR1,1,meadow,sunflowers,2
FR2_to_FR1_seed1,FR2,FR1,1,meadow,winter_barley,1
FR2_to_FR1_seed1,FR2,FR1,1,meadow,winter_oat,4
FR2_to_FR1_seed1,FR2,FR1,1,meadow,winter_rapeseed,5
FR2_to_FR1_seed1,FR2,FR1,1,meadow,winter_triticale,2
FR2_to_FR1_seed1,FR2,FR1,1,meadow,winter_wheat,23
FR2_to_FR1_seed1,FR2,FR1,1,spring_barley,corn,0
FR2_to_FR1_seed1,FR2,FR1,1,spring_barley,horsebeans,0
FR2_to_FR1_seed1,FR2,FR1,1,spring_barley,meadow,14
FR2_to_FR1_seed1,FR2,FR1,1,spring_barley,spring_barley,2
FR2_to_FR1_seed1,FR2,FR1,1,spring_barley,spring_peas,1
FR2_to_FR1_seed1,FR2,FR1,1,spring_barley,sunflowers,0
FR2_to_FR1_seed1,FR2,FR1,1,spring_barley,winter_barley,17
FR2_to_FR1_seed1,FR2,FR1,1,spring_barley,winter_oat,1
FR2_to_FR1_seed1,FR2,FR1,1,spring_barley,winter_rapeseed,0
FR2_to_FR1_seed1,FR2,FR1,1,spring_barley,winter_triticale,4
FR2_to_FR1_seed1,FR2,FR1,1,spring_barley,winter_wheat,11
FR2_to_FR1_seed1,FR2,FR1,1,spring_peas,corn,2
FR2_to_FR1_seed1,FR2,FR1,1,spring_peas,horsebeans,18
FR2_to_FR1_seed1,FR2,FR1,1,spring_peas,meadow,12
FR2_to_FR1_seed1,FR2,FR1,1,spring_peas,spring_barley,0
FR2_to_FR1_seed1,FR2,FR1,1,spring_peas,spring_peas,3
FR2_to_FR1_seed1,FR2,FR1,1,spring_peas,sunflowers,0
FR2_to_FR1_seed1,FR2,FR1,1,spring_peas,winter_barley,0
FR2_to_FR1_seed1,FR2,FR1,1,spring_peas,winter_oat,0
FR2_to_FR1_seed1,FR2,FR1,1,spring_peas,winter_rapeseed,21
FR2_to_FR1_seed1,FR2,FR1,1,spring_peas,winter_triticale,0
FR2_to_FR1_seed1,FR2,FR1,1,spring_peas,winter_wheat,10
FR2_to_FR1_seed1,FR2,FR1,1,sunflowers,corn,938
FR2_to_FR1_seed1,FR2,FR1,1,sunflowers,horsebeans,14
FR2_to_FR1_seed1,FR2,FR1,1,sunflowers,meadow,746
FR2_to_FR1_seed1,FR2,FR1,1,sunflowers,spring_barley,96
FR2_to_FR1_seed1,FR2,FR1,1,sunflowers,spring_peas,10
FR2_to_FR1_seed1,FR2,FR1,1,sunflowers,sunflowers,1329
FR2_to_FR1_seed1,FR2,FR1,1,sunflowers,winter_barley,2
FR2_to_FR1_seed1,FR2,FR1,1,sunflowers,winter_oat,0
FR2_to_FR1_seed1,FR2,FR1,1,sunflowers,winter_rapeseed,2
FR2_to_FR1_seed1,FR2,FR1,1,sunflowers,winter_triticale,1
FR2_to_FR1_seed1,FR2,FR1,1,sunflowers,winter_wheat,143
FR2_to_FR1_seed1,FR2,FR1,1,winter_barley,corn,12
FR2_to_FR1_seed1,FR2,FR1,1,winter_barley,horsebeans,22
FR2_to_FR1_seed1,FR2,FR1,1,winter_barley,meadow,211
FR2_to_FR1_seed1,FR2,FR1,1,winter_barley,spring_barley,0
FR2_to_FR1_seed1,FR2,FR1,1,winter_barley,spring_peas,3
FR2_to_FR1_seed1,FR2,FR1,1,winter_barley,sunflowers,0
FR2_to_FR1_seed1,FR2,FR1,1,winter_barley,winter_barley,429
FR2_to_FR1_seed1,FR2,FR1,1,winter_barley,winter_oat,15
FR2_to_FR1_seed1,FR2,FR1,1,winter_barley,winter_rapeseed,39
FR2_to_FR1_seed1,FR2,FR1,1,winter_barley,winter_triticale,32
FR2_to_FR1_seed1,FR2,FR1,1,winter_barley,winter_wheat,90
FR2_to_FR1_seed1,FR2,FR1,1,winter_oat,corn,0
FR2_to_FR1_seed1,FR2,FR1,1,winter_oat,horsebeans,2
FR2_to_FR1_seed1,FR2,FR1,1,winter_oat,meadow,19
FR2_to_FR1_seed1,FR2,FR1,1,winter_oat,spring_barley,2
FR2_to_FR1_seed1,FR2,FR1,1,winter_oat,spring_peas,0
FR2_to_FR1_seed1,FR2,FR1,1,winter_oat,sunflowers,0
FR2_to_FR1_seed1,FR2,FR1,1,winter_oat,winter_barley,12
FR2_to_FR1_seed1,FR2,FR1,1,winter_oat,winter_oat,10
FR2_to_FR1_seed1,FR2,FR1,1,winter_oat,winter_rapeseed,0
FR2_to_FR1_seed1,FR2,FR1,1,winter_oat,winter_triticale,2
FR2_to_FR1_seed1,FR2,FR1,1,winter_oat,winter_wheat,11
FR2_to_FR1_seed1,FR2,FR1,1,winter_rapeseed,corn,29
FR2_to_FR1_seed1,FR2,FR1,1,winter_rapeseed,horsebeans,17
FR2_to_FR1_seed1,FR2,FR1,1,winter_rapeseed,meadow,56
FR2_to_FR1_seed1,FR2,FR1,1,winter_rapeseed,spring_barley,0
FR2_to_FR1_seed1,FR2,FR1,1,winter_rapeseed,spring_peas,0
FR2_to_FR1_seed1,FR2,FR1,1,winter_rapeseed,sunflowers,0
FR2_to_FR1_seed1,FR2,FR1,1,winter_rapeseed,winter_barley,1
FR2_to_FR1_seed1,FR2,FR1,1,winter_rapeseed,winter_oat,0
FR2_to_FR1_seed1,FR2,FR1,1,winter_rapeseed,winter_rapeseed,393
FR2_to_FR1_seed1,FR2,FR1,1,winter_rapeseed,winter_triticale,2
FR2_to_FR1_seed1,FR2,FR1,1,winter_rapeseed,winter_wheat,10
FR2_to_FR1_seed1,FR2,FR1,1,winter_triticale,corn,8
FR2_to_FR1_seed1,FR2,FR1,1,winter_triticale,horsebeans,1
FR2_to_FR1_seed1,FR2,FR1,1,winter_triticale,meadow,35
FR2_to_FR1_seed1,FR2,FR1,1,winter_triticale,spring_barley,0
FR2_to_FR1_seed1,FR2,FR1,1,winter_triticale,spring_peas,0
FR2_to_FR1_seed1,FR2,FR1,1,winter_triticale,sunflowers,0
FR2_to_FR1_seed1,FR2,FR1,1,winter_triticale,winter_barley,7
FR2_to_FR1_seed1,FR2,FR1,1,winter_triticale,winter_oat,4
FR2_to_FR1_seed1,FR2,FR1,1,winter_triticale,winter_rapeseed,0
FR2_to_FR1_seed1,FR2,FR1,1,winter_triticale,winter_triticale,43
FR2_to_FR1_seed1,FR2,FR1,1,winter_triticale,winter_wheat,68
FR2_to_FR1_seed1,FR2,FR1,1,winter_wheat,corn,39
FR2_to_FR1_seed1,FR2,FR1,1,winter_wheat,horsebeans,32
FR2_to_FR1_seed1,FR2,FR1,1,winter_wheat,meadow,294
FR2_to_FR1_seed1,FR2,FR1,1,winter_wheat,spring_barley,7
FR2_to_FR1_seed1,FR2,FR1,1,winter_wheat,spring_peas,0
FR2_to_FR1_seed1,FR2,FR1,1,winter_wheat,sunflowers,6
FR2_to_FR1_seed1,FR2,FR1,1,winter_wheat,winter_barley,176
FR2_to_FR1_seed1,FR2,FR1,1,winter_wheat,winter_oat,101
FR2_to_FR1_seed1,FR2,FR1,1,winter_wheat,winter_rapeseed,3
FR2_to_FR1_seed1,FR2,FR1,1,winter_wheat,winter_triticale,106
FR2_to_FR1_seed1,FR2,FR1,1,winter_wheat,winter_wheat,4489
