run_name,source,target,seed,epoch,total,cls,qdom,qcls,div,sda,rho,grl,lr,val_loss,val_accuracy,val_macro_f1
AT1_to_DK1_seed1,AT1,DK1,1,1,6.2871,0.5356,4.4595,5.2165,-4.9612,1.0365,0.997,1.0,0.001,0.3718,0.89,0.4529
AT1_to_DK1_seed1,AT1,DK1,1,2,1.4801,0.2184,4.1599,3.9167,-8.0996,1.2847,1.0,1.0,0.000999,0.2904,0.91,0.5977
AT1_to_DK1_seed1,AT1,DK1,1,3,0.7877,0.1907,3.6312,3.9857,-8.2664,1.2465,1.0,1.0,0.000998,0.2262,0.93,0.6486
AT1_to_DK1_seed1,AT1,DK1,1,4,0.9125,0.1791,3.8104,4.0578,-8.2997,1.165,1.0,1.0,0.000996,0.2867,0.92,0.691
AT1_to_DK1_seed1,AT1,DK1,1,5,0.6041,0.1574,3.6855,3.9094,-8.3568,1.2086,1.0,1.0,0.000994,0.1863,0.94,0.7591
AT1_to_DK1_seed1,AT1,DK1,1,6,-0.0116,0.1492,3.4519,3.6457,-8.3885,1.1302,1.0,1.0,0.000991,0.1899,0.94,0.7527
AT1_to_DK1_seed1,AT1,DK1,1,7,0.9435,0.1659,3.9049,4.1218,-8.4003,1.1511,1.0,1.0,0.000988,0.2438,0.93,0.6795
AT1_to_DK1_seed1,AT1,DK1,1,8,1.2121,0.1772,3.8149,4.3853,-8.3476,1.1823,1.0,1.0,0.000984,0.2261,0.93,0.7161
AT1_to_DK1_seed1,AT1,DK1,1,9,0.5074,0.1662,3.573,4.2295,-8.4262,0.9649,1.0,1.0,0.00098,0.2851,0.91,0.6767
AT1_to_DK1_seed1,AT1,DK1,1,10,-0.086,0.1482,3.318,3.8457,-8.4164,1.0185,1.0,1.0,0.000976,0.2811,0.92,0.6865
AT1_to_DK1_seed1,AT1,DK1,1,11,0.5194,0.1408,3.5731,4.1381,-8.4168,1.0842,1.0,1.0,0.00097,0.1893,0.94,0.744
AT1_to_DK1_seed1,AT1,DK1,1,12,1.0157,0.1368,3.8401,4.2199,-8.3483,1.1673,1.0,1.0,0.000965,0.2155,0.94,0.7673
AT1_to_DK1_seed1,AT1,DK1,1,13,0.3389,0.1289,3.407,4.0041,-8.4173,1.2163,1.0,1.0,0.000959,0.1579,0.95,0.7917
AT1_to_DK1_seed1,AT1,DK1,1,14,1.0185,0.1239,3.9444,4.2306,-8.4447,1.1644,1.0,1.0,0.000952,0.1771,0.94,0.7822
AT1_to_DK1_seed1,AT1,DK1,1,15,1.3798,0.1242,3.9383,4.4066,-8.356,1.2666,1.0,1.0,0.000946,0.1586,0.95,0.8016
AT1_to_DK1_seed1,AT1,DK1,1,16,0.6198,0.1208,3.5309,4.1155,-8.4115,1.264,1.0,1.0,0.000938,0.1556,0.95,0.7984
AT1_to_DK1_seed1,AT1,DK1,1,17,0.7728,0.115,3.7124,4.1047,-8.4354,1.2763,1.0,1.0,0.00093,0.1567,0.94,0.7888
AT1_to_DK1_seed1,AT1,DK1,1,18,1.2114,0.1181,3.8243,4.3855,-8.4097,1.2932,1.0,1.0,0.000922,0.1801,0.94,0.7847
AT1_to_DK1_seed1,AT1,DK1,1,19,0.9813,0.1137,3.8661,4.126,-8.402,1.2776,1.0,1.0,0.000914,0.2512,0.92,0.7056
AT1_to_DK1_seed1,AT1,DK1,1,20,1.4984,0.1253,4.193,4.178,-8.3757,1.3777,1.0,1.0,0.000905,0.1556,0.95,0.7753
AT1_to_DK1_seed1,AT1,DK1,1,21,1.0351,0.1334,4.013,4.0578,-8.4031,1.234,1.0,1.0,0.000895,0.1773,0.95,0.7689
AT1_to_DK1_seed1,AT1,DK1,1,22,0.713,0.1214,3.9155,3.804,-8.3939,1.266,1.0,1.0,0.000885,0.1834,0.94,0.7749
AT1_to_DK1_seed1,AT1,DK1,1,23,0.9066,0.117,3.8096,4.1453,-8.4073,1.242,1.0,1.0,0.000875,0.2144,0.93,0.7438
AT1_to_DK1_seed1,AT1,DK1,1,24,0.7341,0.1165,3.6253,4.1554,-8.4288,1.2656,1.0,1.0,0.000864,0.1628,0.94,0.7376
AT1_to_DK1_seed1,AT1,DK1,1,25,1.0213,0.1062,3.7775,4.245,-8.4291,1.3217,1.0,1.0,0.000854,0.1437,0.95,0.7916
AT1_to_DK1_seed1,AT1,DK1,1,26,0.422,0.0945,3.4651,3.9586,-8.4162,1.32,1.0,1.0,0.000842,0.2211,0.93,0.7669
AT1_to_DK1_seed1,AT1,DK1,1,27,1.0826,0.0978,3.8477,4.2047,-8.3806,1.3129,1.0,1.0,0.000831,0.1647,0.95,0.7594
AT1_to_DK1_seed1,AT1,DK1,1,28,1.2662,0.0959,3.842,4.367,-8.3831,1.3443,1.0,1.0,0.000819,0.1514,0.95,0.8026
AT1_to_DK1_seed1,AT1,DK1,1,29,0.9524,0.0898,3.8145,4.1294,-8.4123,1.3311,1.0,1.0,0.000806,0.1655,0.94,0.8046
AT1_to_DK1_seed1,AT1,DK1,1,30,0.954,0.083,3.6672,4.2606,-8.3995,1.3427,1.0,1.0,0.000794,0.1985,0.94,0.7655
AT1_to_DK1_seed1,AT1,DK1,1,31,0.4062,0.0808,3.5912,3.846,-8.4365,1.3248,1.0,1.0,0.000781,0.1708,0.94,0.8006
AT1_to_DK1_seed1,AT1,DK1,1,32,0.3791,0.0768,3.563,3.8605,-8.4487,1.3275,1.0,1.0,0.000768,0.1657,0.95,0.7885
AT1_to_DK1_seed1,AT1,DK1,1,33,0.3084,0.0754,3.5501,3.7925,-8.4364,1.3267,1.0,1.0,0.000755,0.1593,0.95,0.7991
AT1_to_DK1_seed1,AT1,DK1,1,34,0.735,0.0812,3.8281,3.9327,-8.4426,1.3356,1.0,1.0,0.000741,0.2154,0.92,0.7617
AT1_to_DK1_seed1,AT1,DK1,1,35,0.0857,0.0726,3.439,3.699,-8.4419,1.317,1.0,1.0,0.000727,0.1135,0.96,0.8442
AT1_to_DK1_seed1,AT1,DK1,1,36,0.1634,0.069,3.4384,3.7799,-8.4278,1.3039,1.0,1.0,0.000713,0.1502,0.95,0.8284
AT1_to_DK1_seed1,AT1,DK1,1,37,0.1088,0.0667,3.3243,3.7795,-8.4042,1.3426,1.0,1.0,0.000699,0.1413,0.95,0.8286
AT1_to_DK1_seed1,AT1,DK1,1,38,-0.3748,0.0635,3.131,3.5196,-8.4018,1.3129,1.0,1.0,0.000684,0.1787,0.95,0.7734
AT1_to_DK1_seed1,AT1,DK1,1,39,-0.5228,0.0582,3.0537,3.4699,-8.419,1.3144,1.0,1.0,0.000669,0.1649,0.95,0.7989
AT1_to_DK1_seed1,AT1,DK1,1,40,-0.6876,0.0558,2.9911,3.4065,-8.4449,1.3041,1.0,1.0,0.000655,0.1667,0.95,0.8162
AT1_to_DK1_seed1,AT1,DK1,1,41,-0.3902,0.0569,2.9953,3.6316,-8.397,1.323,1.0,1.0,0.000639,0.1641,0.96,0.8288
AT1_to_DK1_seed1,AT1,DK1,1,42,-0.3591,0.0566,3.1264,3.5417,-8.4071,1.3233,1.0,1.0,0.000624,0.1555,0.95,0.7977
AT1_to_DK1_seed1,AT1,DK1,1,43,-0.5322,0.0525,3.1543,3.3455,-8.3956,1.311,1.0,1.0,0.000609,0.1808,0.95,0.7976
AT1_to_DK1_seed1,AT1,DK1,1,44,-0.2434,0.0581,3.1707,3.6295,-8.4486,1.3469,1.0,1.0,0.000594,0.1714,0.95,0.8375
AT1_to_DK1_seed1,AT1,DK1,1,45,-0.5264,0.0546,3.2911,3.2482,-8.4158,1.2955,1.0,1.0,0.000578,0.17,0.95,0.8131
AT1_to_DK1_seed1,AT1,DK1,1,46,-0.4625,0.0564,3.4982,3.0883,-8.4059,1.3005,1.0,1.0,0.000563,0.1774,0.95,0.8124
AT1_to_DK1_seed1,AT1,DK1,1,47,-0.6895,0.0575,3.2309,3.1502,-8.4116,1.2835,1.0,1.0,0.000547,0.1833,0.95,0.7982
AT1_to_DK1_seed1,AT1,DK1,1,48,-0.1571,0.0613,3.5374,3.3439,-8.424,1.3243,1.0,1.0,0.000531,0.1833,0.95,0.8144
AT1_to_DK1_seed1,AT1,DK1,1,49,-0.3323,0.0612,3.4149,3.3092,-8.4087,1.291,1.0,1.0,0.000516,0.1842,0.95,0.7824
AT1_to_DK1_seed1,AT1,DK1,1,50,-1.1255,0.051,2.9841,3.0238,-8.4315,1.2472,1.0,1.0,0.0005,0.173,0.95,0.8107
AT1_to_DK1_seed1,AT1,DK1,1,51,-0.7426,0.0513,3.2011,3.104,-8.3829,1.284,1.0,1.0,0.000484,0.2232,0.94,0.7685
AT1_to_DK1_seed1,AT1,DK1,1,52,-0.655,0.0584,3.2157,3.1845,-8.3889,1.2753,1.0,1.0,0.000469,0.1567,0.96,0.8196
AT1_to_DK1_seed1,AT1,DK1,1,53,0.4439,0.0777,3.6224,3.8041,-8.4025,1.3422,1.0,1.0,0.000453,0.1634,0.95,0.8331
AT1_to_DK1_seed1,AT1,DK1,1,54,-0.7393,0.0598,3.1283,3.2295,-8.4074,1.2505,1.0,1.0,0.000437,0.2635,0.92,0.7583
AT1_to_DK1_seed1,AT1,DK1,1,55,-0.5085,0.0537,3.371,3.2079,-8.4089,1.2678,1.0,1.0,0.000422,0.166,0.95,0.8139
AT1_to_DK1_seed1,AT1,DK1,1,56,-0.7085,0.0524,3.2288,3.2348,-8.4551,1.2305,1.0,1.0,0.000406,0.1669,0.96,0.7867
AT1_to_DK1_seed1,AT1,DK1,1,57,-0.5046,0.0518,3.1277,3.4484,-8.3987,1.2662,1.0,1.0,0.000391,0.1787,0.95,0.7921
AT1_to_DK1_seed1,AT1,DK1,1,58,-0.7745,0.0495,3.1681,3.1679,-8.4209,1.261,1.0,1.0,0.000376,0.1792,0.95,0.8091
AT1_to_DK1_seed1,AT1,DK1,1,59,-1.2178,0.0519,2.9498,2.9532,-8.4259,1.2531,1.0,1.0,0.000361,0.1908,0.95,0.7859
AT1_to_DK1_seed1,AT1,DK1,1,60,-1.0741,0.0486,3.0868,2.9515,-8.3898,1.2288,1.0,1.0,0.000345,0.1726,0.95,0.8054
AT1_to_DK1_seed1,AT1,DK1,1,61,-1.3034,0.0429,2.956,2.8818,-8.4105,1.2264,1.0,1.0,0.000331,0.1992,0.95,0.794
AT1_to_DK1_seed1,AT1,DK1,1,62,-1.2663,0.0422,3.0011,2.8921,-8.4126,1.2109,1.0,1.0,0.000316,0.1788,0.95,0.804
AT1_to_DK1_seed1,AT1,DK1,1,63,-1.1879,0.0427,2.9113,3.0546,-8.4201,1.2235,1.0,1.0,0.000301,0.2061,0.95,0.77
AT1_to_DK1_seed1,AT1,DK1,1,64,-1.3617,0.0437,2.97,2.8836,-8.4301,1.1711,1.0,1.0,0.000287,0.2118,0.94,0.7992
AT1_to_DK1_seed1,AT1,DK1,1,65,-1.1244,0.0451,3.0717,2.9766,-8.4096,1.1918,1.0,1.0,0.000273,0.1832,0.95,0.8214
AT1_to_DK1_seed1,AT1,DK1,1,66,-1.3725,0.0397,2.8887,2.9001,-8.3778,1.1769,1.0,1.0,0.000259,0.1818,0.95,0.7922
AT1_to_DK1_seed1,AT1,DK1,1,67,-0.5206,0.0529,3.3641,3.2802,-8.4659,1.2481,1.0,1.0,0.000245,0.2295,0.94,0.7855
AT1_to_DK1_seed1,AT1,DK1,1,68,-0.7469,0.0471,3.2,3.2098,-8.3761,1.1723,1.0,1.0,0.000232,0.1924,0.95,0.8003
AT1_to_DK1_seed1,AT1,DK1,1,69,-0.9878,0.0412,3.159,3.0392,-8.4355,1.2083,1.0,1.0,0.000219,0.2119,0.94,0.7909
AT1_to_DK1_seed1,AT1,DK1,1,70,-0.9129,0.0396,3.1426,3.0681,-8.4014,1.2382,1.0,1.0,0.000206,0.173,0.95,0.807
AT1_to_DK1_seed1,AT1,DK1,1,71,-1.3786,0.0384,2.8599,2.9768,-8.3796,1.1259,1.0,1.0,0.000194,0.1762,0.95,0.815
AT1_to_DK1_seed1,AT1,DK1,1,72,-1.0077,0.0364,3.1377,3.0571,-8.4286,1.1897,1.0,1.0,0.000181,0.2382,0.94,0.7642
AT1_to_DK1_seed1,AT1,DK1,1,73,-0.6408,0.0385,3.2772,3.223,-8.387,1.2073,1.0,1.0,0.000169,0.209,0.95,0.8039
AT1_to_DK1_seed1,AT1,DK1,1,74,-0.9435,0.0379,3.1851,3.1021,-8.4083,1.1397,1.0,1.0,0.000158,0.2079,0.95,0.8102
AT1_to_DK1_seed1,AT1,DK1,1,75,-0.7313,0.0384,3.2627,3.2166,-8.4156,1.1665,1.0,1.0,0.000146,0.2106,0.94,0.7815
AT1_to_DK1_seed1,AT1,DK1,1,76,-0.6086,0.0402,3.1023,3.428,-8.4169,1.2377,1.0,1.0,0.000136,0.2461,0.94,0.7689
AT1_to_DK1_seed1,AT1,DK1,1,77,-0.6236,0.039,3.0526,3.4626,-8.4422,1.2645,1.0,1.0,0.000125,0.2928,0.93,0.7474
AT1_to_DK1_seed1,AT1,DK1,1,78,-0.3404,0.0384,3.2758,3.5284,-8.4049,1.222,1.0,1.0,0.000115,0.2676,0.93,0.7653
AT1_to_DK1_seed1,AT1,DK1,1,79,-0.1098,0.0356,3.2999,3.7374,-8.3898,1.2072,1.0,1.0,0.000105,0.2572,0.93,0.7391
AT1_to_DK1_seed1,AT1,DK1,1,80,0.3796,0.0408,3.3053,4.1843,-8.4325,1.2818,1.0,1.0,9.55e-05,0.2899,0.93,0.7153
AT1_to_DK1_seed1,AT1,DK1,1,81,-0.2225,0.0389,3.1144,3.8123,-8.4113,1.2232,1.0,1.0,8.65e-05,0.2266,0.94,0.7586
AT1_to_DK1_seed1,AT1,DK1,1,82,-0.7319,0.0334,3.0668,3.3779,-8.4023,1.1923,1.0,1.0,7.78e-05,0.19,0.95,0.7989
AT1_to_DK1_seed1,AT1,DK1,1,83,-0.5034,0.0317,3.3151,3.3113,-8.4026,1.2411,1.0,1.0,6.96e-05,0.2145,0.94,0.7844
AT1_to_DK1_seed1,AT1,DK1,1,84,-0.2795,0.0335,3.4179,3.4585,-8.4688,1.2794,1.0,1.0,6.18e-05,0.193,0.95,0.7962
AT1_to_DK1_seed1,AT1,DK1,1,85,-0.6881,0.0296,3.3274,3.1947,-8.4332,1.1935,1.0,1.0,5.45e-05,0.1778,0.96,0.8118
AT1_to_DK1_seed1,AT1,DK1,1,86,-0.7491,0.0273,3.2642,3.1975,-8.4171,1.1791,1.0,1.0,4.76e-05,0.1906,0.95,0.7948
AT1_to_DK1_seed1,AT1,DK1,1,87,-0.6724,0.0264,3.2404,3.3337,-8.4466,1.1738,1.0,1.0,4.11e-05,0.1931,0.95,0.7891
AT1_to_DK1_seed1,AT1,DK1,1,88,-0.4768,0.0268,3.3396,3.3994,-8.4152,1.1725,1.0,1.0,3.51e-05,0.1829,0.95,0.7932
AT1_to_DK1_seed1,AT1,DK1,1,89,-0.3702,0.0266,3.4103,3.4246,-8.4188,1.1871,1.0,1.0,2.96e-05,0.194,0.95,0.7949
AT1_to_DK1_seed1,AT1,DK1,1,90,-0.3882,0.0275,3.362,3.4399,-8.4022,1.1846,1.0,1.0,2.45e-05,0.191,0.95,0.799
AT1_to_DK1_seed1,AT1,DK1,1,91,-0.48,0.0278,3.2881,3.4843,-8.455,1.1748,1.0,1.0,1.99e-05,0.1934,0.95,0.7925
AT1_to_DK1_seed1,AT1,DK1,1,92,-0.5052,0.0282,3.2191,3.4776,-8.3956,1.1655,1.0,1.0,1.57e-05,0.1893,0.95,0.797
AT1_to_DK1_seed1,AT1,DK1,1,93,-0.5286,0.0277,3.2188,3.5032,-8.4382,1.1598,1.0,1.0,1.2e-05,0.1985,0.95,0.8009
AT1_to_DK1_seed1,AT1,DK1,1,94,-0.4768,0.0291,3.2395,3.4984,-8.3999,1.1561,1.0,1.0,8.86e-06,0.1935,0.95,0.8055
AT1_to_DK1_seed1,AT1,DK1,1,95,-0.509,0.0289,3.2274,3.503,-8.4217,1.1534,1.0,1.0,6.16e-06,0.1911,0.95,0.8
AT1_to_DK1_seed1,AT1,DK1,1,96,-0.4965,0.0294,3.2245,3.5023,-8.4039,1.1513,1.0,1.0,3.94e-06,0.1788,0.96,0.8165
AT1_to_DK1_seed1,AT1,DK1,1,97,-0.5121,0.0278,3.2153,3.506,-8.4146,1.1534,1.0,1.0,2.22e-06,0.1933,0.95,0.81
AT1_to_DK1_seed1,AT1,DK1,1,98,-0.5012,0.0292,3.2158,3.4951,-8.3919,1.1507,1.0,1.0,9.87e-07,0.1873,0.95,0.812
AT1_to_DK1_seed1,AT1,DK1,1,99,-0.5012,0.029,3.2171,3.5004,-8.3997,1.1521,1.0,1.0,2.47e-07,0.1946,0.95,0.8062
AT1_to_DK1_seed1,AT1,DK1,1,100,-0.5265,0.0285,3.2271,3.5046,-8.4371,1.1505,1.0,1.0,0.0,0.1911,0.95,0.811
AT1_to_DK1_seed2,AT1,DK1,2,1,7.4226,0.5101,4.5532,5.0694,-3.7884,1.0783,0.997,1.0,0.001,0.2783,0.92,0.5513
AT1_to_DK1_seed2,AT1,DK1,2,2,0.8335,0.2082,3.4053,3.8684,-7.5684,0.92,1.0,1.0,0.000999,0.1982,0.94,0.6284
AT1_to_DK1_seed2,AT1,DK1,2,3,1.282,0.1835,3.9782,3.9141,-8.0757,1.2819,1.0,1.0,0.000998,0.19,0.94,0.6773
AT1_to_DK1_seed2,AT1,DK1,2,4,0.9053,0.1685,3.7405,3.9458,-8.1767,1.2272,1.0,1.0,0.000996,0.2017,0.94,0.6835
AT1_to_DK1_seed2,AT1,DK1,2,5,0.4138,0.1622,3.6287,3.7236,-8.2029,1.1022,1.0,1.0,0.000994,0.222,0.93,0.7125
AT1_to_DK1_seed2,AT1,DK1,2,6,0.918,0.1513,3.8215,3.9668,-8.2309,1.2093,1.0,1.0,0.000991,0.2372,0.93,0.6634
AT1_to_DK1_seed2,AT1,DK1,2,7,0.6784,0.1436,3.8122,3.7608,-8.2661,1.2279,1.0,1.0,0.000988,0.2342,0.93,0.6944
AT1_to_DK1_seed2,AT1,DK1,2,8,0.6735,0.1435,3.7717,3.7859,-8.2511,1.2235,1.0,1.0,0.000984,0.3542,0.9,0.6809
AT1_to_DK1_seed2,AT1,DK1,2,9,0.741,0.1485,3.7389,3.9574,-8.3036,1.1998,1.0,1.0,0.00098,0.2843,0.91,0.69
AT1_to_DK1_seed2,AT1,DK1,2,10,0.5712,0.1391,3.7053,3.8198,-8.3257,1.2326,1.0,1.0,0.000976,0.1883,0.95,0.6892
AT1_to_DK1_seed2,AT1,DK1,2,11,1.7676,0.1515,4.1205,4.5673,-8.3279,1.2562,1.0,1.0,0.00097,0.2698,0.92,0.6719
AT1_to_DK1_seed2,AT1,DK1,2,12,1.5401,0.1363,3.9825,4.5315,-8.3329,1.2227,1.0,1.0,0.000965,0.2217,0.93,0.7584
AT1_to_DK1_seed2,AT1,DK1,2,13,0.5674,0.1354,3.4602,4.0943,-8.3636,1.2411,1.0,1.0,0.000959,0.2426,0.93,0.7076
AT1_to_DK1_seed2,AT1,DK1,2,14,1.0942,0.1345,3.8222,4.1739,-8.3466,1.3102,1.0,1.0,0.000952,0.2545,0.92,0.7098
AT1_to_DK1_seed2,AT1,DK1,2,15,1.3149,0.1306,3.8258,4.3929,-8.3531,1.3187,1.0,1.0,0.000946,0.2805,0.92,0.6176
AT1_to_DK1_seed2,AT1,DK1,2,16,0.6341,0.1203,3.4941,4.1356,-8.3822,1.2663,1.0,1.0,0.000938,0.2388,0.93,0.7061
AT1_to_DK1_seed2,AT1,DK1,2,17,1.3628,0.1258,3.8513,4.4317,-8.4073,1.3614,1.0,1.0,0.00093,0.1897,0.94,0.7845
AT1_to_DK1_seed2,AT1,DK1,2,18,1.2252,0.1204,3.9273,4.2325,-8.3497,1.2946,1.0,1.0,0.000922,0.1612,0.95,0.7768
AT1_to_DK1_seed2,AT1,DK1,2,19,-0.1256,0.1109,3.4813,3.4481,-8.4371,1.2713,1.0,1.0,0.000914,0.1602,0.95,0.81
AT1_to_DK1_seed2,AT1,DK1,2,20,0.2441,0.1083,3.5487,3.7325,-8.3888,1.2433,1.0,1.0,0.000905,0.1265,0.96,0.8016
AT1_to_DK1_seed2,AT1,DK1,2,21,0.2504,0.1052,3.4227,3.8482,-8.3627,1.2371,1.0,1.0,0.000895,0.2729,0.92,0.7422
AT1_to_DK1_seed2,AT1,DK1,2,22,0.0031,0.1103,3.5174,3.5374,-8.3997,1.2377,1.0,1.0,0.000885,0.2902,0.92,0.6333
AT1_to_DK1_seed2,AT1,DK1,2,23,0.6343,0.1155,3.7229,3.9161,-8.4115,1.2913,1.0,1.0,0.000875,0.1402,0.96,0.8405
AT1_to_DK1_seed2,AT1,DK1,2,24,0.0468,0.1084,3.3212,3.8368,-8.4028,1.1833,1.0,1.0,0.000864,0.1393,0.96,0.8331
AT1_to_DK1_seed2,AT1,DK1,2,25,0.4482,0.1196,3.549,3.9254,-8.3524,1.2066,1.0,1.0,0.000854,0.1664,0.95,0.7959
AT1_to_DK1_seed2,AT1,DK1,2,26,1.2162,0.1286,3.771,4.3989,-8.3632,1.2808,1.0,1.0,0.000842,0.2316,0.93,0.7327
AT1_to_DK1_seed2,AT1,DK1,2,27,-0.4507,0.109,3.2686,3.4456,-8.4276,1.1536,1.0,1.0,0.000831,0.2174,0.93,0.7642
AT1_to_DK1_seed2,AT1,DK1,2,28,0.6551,0.1174,3.6747,3.9798,-8.4041,1.2874,1.0,1.0,0.000819,0.2667,0.91,0.778
AT1_to_DK1_seed2,AT1,DK1,2,29,-0.3936,0.1005,3.2116,3.4095,-8.3858,1.2706,1.0,1.0,0.000806,0.122,0.96,0.8597
AT1_to_DK1_seed2,AT1,DK1,2,30,-0.5589,0.0959,3.1612,3.3483,-8.3808,1.2165,1.0,1.0,0.000794,0.1537,0.95,0.8386
AT1_to_DK1_seed2,AT1,DK1,2,31,-0.2538,0.1008,3.1984,3.6056,-8.4022,1.2436,1.0,1.0,0.000781,0.1474,0.95,0.8395
AT1_to_DK1_seed2,AT1,DK1,2,32,-0.2282,0.0923,3.1671,3.625,-8.3743,1.2616,1.0,1.0,0.000768,0.1541,0.95,0.8137
AT1_to_DK1_seed2,AT1,DK1,2,33,-0.3742,0.1,3.1628,3.5231,-8.4171,1.257,1.0,1.0,0.000755,0.1367,0.96,0.8431
AT1_to_DK1_seed2,AT1,DK1,2,34,-0.4956,0.0992,3.2611,3.3114,-8.4209,1.2535,1.0,1.0,0.000741,0.0999,0.97,0.8757
AT1_to_DK1_seed2,AT1,DK1,2,35,-0.0227,0.0936,3.3919,3.6046,-8.3894,1.2766,1.0,1.0,0.000727,0.136,0.96,0.8115
AT1_to_DK1_seed2,AT1,DK1,2,36,0.3804,0.0959,3.6959,3.6951,-8.4102,1.3036,1.0,1.0,0.000713,0.0988,0.97,0.8677
AT1_to_DK1_seed2,AT1,DK1,2,37,-0.5106,0.0805,3.2321,3.3301,-8.3843,1.2309,1.0,1.0,0.000699,0.0955,0.97,0.8628
AT1_to_DK1_seed2,AT1,DK1,2,38,-0.4376,0.0788,3.3319,3.2633,-8.4106,1.2991,1.0,1.0,0.000684,0.1185,0.97,0.8384
AT1_to_DK1_seed2,AT1,DK1,2,39,-0.6971,0.0764,3.0595,3.3061,-8.4305,1.2914,1.0,1.0,0.000669,0.1359,0.96,0.8438
AT1_to_DK1_seed2,AT1,DK1,2,40,-0.3335,0.0862,3.2209,3.4303,-8.3634,1.2924,1.0,1.0,0.000655,0.1269,0.96,0.8311
AT1_to_DK1_seed2,AT1,DK1,2,41,-0.5129,0.081,3.1,3.3937,-8.3746,1.287,1.0,1.0,0.000639,0.1188,0.97,0.8492
AT1_to_DK1_seed2,AT1,DK1,2,42,-0.393,0.0788,3.1862,3.448,-8.4054,1.2993,1.0,1.0,0.000624,0.137,0.96,0.8147
AT1_to_DK1_seed2,AT1,DK1,2,43,-0.674,0.0763,3.1531,3.2286,-8.4139,1.2819,1.0,1.0,0.000609,0.1187,0.96,0.8509
AT1_to_DK1_seed2,AT1,DK1,2,44,-0.7267,0.0712,3.0694,3.223,-8.3906,1.3003,1.0,1.0,0.000594,0.1286,0.96,0.8674
AT1_to_DK1_seed2,AT1,DK1,2,45,-0.6899,0.0694,3.1443,3.1864,-8.3769,1.2869,1.0,1.0,0.000578,0.0844,0.97,0.8689
AT1_to_DK1_seed2,AT1,DK1,2,46,-0.8704,0.0681,3.0918,3.1307,-8.4046,1.2436,1.0,1.0,0.000563,0.1334,0.96,0.8397
AT1_to_DK1_seed2,AT1,DK1,2,47,-0.3501,0.074,3.3245,3.3637,-8.3891,1.2768,1.0,1.0,0.000547,0.1222,0.96,0.8538
AT1_to_DK1_seed2,AT1,DK1,2,48,-0.5193,0.0745,3.2088,3.3487,-8.4087,1.2575,1.0,1.0,0.000531,0.1084,0.97,0.8633
AT1_to_DK1_seed2,AT1,DK1,2,49,-0.8618,0.0699,3.1399,3.0323,-8.3648,1.2607,1.0,1.0,0.000516,0.1013,0.97,0.8573
AT1_to_DK1_seed2,AT1,DK1,2,50,-0.7977,0.0681,3.0656,3.2008,-8.4224,1.2901,1.0,1.0,0.0005,0.1173,0.97,0.8403
AT1_to_DK1_seed2,AT1,DK1,2,51,-1.0629,0.0686,2.9329,3.0924,-8.3969,1.2402,1.0,1.0,0.000484,0.1131,0.97,0.8569
AT1_to_DK1_seed2,AT1,DK1,2,52,-0.9247,0.0657,3.0519,3.1554,-8.4001,1.2023,1.0,1.0,0.000469,0.1174,0.96,0.8427
AT1_to_DK1_seed2,AT1,DK1,2,53,-0.9063,0.0616,3.049,3.1775,-8.3743,1.1799,1.0,1.0,0.000453,0.1081,0.97,0.8669
AT1_to_DK1_seed2,AT1,DK1,2,54,-0.5466,0.0607,3.1262,3.4295,-8.3997,1.2366,1.0,1.0,0.000437,0.0987,0.97,0.836
AT1_to_DK1_seed2,AT1,DK1,2,55,-1.094,0.0581,2.9883,3.0746,-8.3831,1.168,1.0,1.0,0.000422,0.1091,0.97,0.8371
AT1_to_DK1_seed2,AT1,DK1,2,56,-0.7256,0.0538,3.1445,3.2696,-8.3723,1.1788,1.0,1.0,0.000406,0.1164,0.97,0.8674
AT1_to_DK1_seed2,AT1,DK1,2,57,-1.0375,0.0519,3.0295,3.0787,-8.3878,1.1901,1.0,1.0,0.000391,0.1141,0.97,0.8637
AT1_to_DK1_seed2,AT1,DK1,2,58,-0.703,0.0596,3.2365,3.1782,-8.3942,1.2169,1.0,1.0,0.000376,0.1089,0.97,0.8615
AT1_to_DK1_seed2,AT1,DK1,2,59,-0.834,0.0554,3.1767,3.0409,-8.3381,1.231,1.0,1.0,0.000361,0.1408,0.96,0.8296
AT1_to_DK1_seed2,AT1,DK1,2,60,-0.9363,0.0512,3.202,3.0125,-8.4025,1.2006,1.0,1.0,0.000345,0.1106,0.97,0.8476
AT1_to_DK1_seed2,AT1,DK1,2,61,-0.6487,0.0519,3.2496,3.2011,-8.3995,1.2481,1.0,1.0,0.000331,0.122,0.97,0.8527
AT1_to_DK1_seed2,AT1,DK1,2,62,-0.7671,0.0477,3.2107,3.1393,-8.4069,1.2421,1.0,1.0,0.000316,0.121,0.97,0.8748
AT1_to_DK1_seed2,AT1,DK1,2,63,-0.9257,0.0453,3.206,3.0152,-8.4186,1.2264,1.0,1.0,0.000301,0.1349,0.97,0.8527
AT1_to_DK1_seed2,AT1,DK1,2,64,-0.8222,0.0463,3.0377,3.2614,-8.4181,1.2505,1.0,1.0,0.000287,0.1468,0.96,0.8413
AT1_to_DK1_seed2,AT1,DK1,2,65,-0.3259,0.0499,3.3444,3.3724,-8.3722,1.2796,1.0,1.0,0.000273,0.1405,0.96,0.8493
AT1_to_DK1_seed2,AT1,DK1,2,66,-0.775,0.051,3.1319,3.1946,-8.426,1.2736,1.0,1.0,0.000259,0.1172,0.97,0.8499
AT1_to_DK1_seed2,AT1,DK1,2,67,-1.203,0.0396,2.8381,3.0591,-8.4278,1.288,1.0,1.0,0.000245,0.1064,0.97,0.8854
AT1_to_DK1_seed2,AT1,DK1,2,68,-0.9388,0.0381,3.1525,3.0595,-8.4418,1.2529,1.0,1.0,0.000232,0.1057,0.97,0.8844
AT1_to_DK1_seed2,AT1,DK1,2,69,-0.8244,0.0391,3.1977,3.1018,-8.4117,1.2488,1.0,1.0,0.000219,0.1227,0.97,0.8718
AT1_to_DK1_seed2,AT1,DK1,2,70,-1.024,0.0375,3.0782,3.0656,-8.4264,1.221,1.0,1.0,0.000206,0.1057,0.97,0.8688
AT1_to_DK1_seed2,AT1,DK1,2,71,-1.2197,0.0384,2.9641,3.0165,-8.427,1.1883,1.0,1.0,0.000194,0.1041,0.97,0.8645
AT1_to_DK1_seed2,AT1,DK1,2,72,-1.1755,0.0383,3.0738,2.9577,-8.4533,1.208,1.0,1.0,0.000181,0.1104,0.97,0.8731
AT1_to_DK1_seed2,AT1,DK1,2,73,-1.1948,0.0377,3.0085,3.0348,-8.4479,1.172,1.0,1.0,0.000169,0.1249,0.97,0.8562
AT1_to_DK1_seed2,AT1,DK1,2,74,-1.3111,0.036,2.9173,2.9603,-8.3715,1.1467,1.0,1.0,0.000158,0.1453,0.96,0.8295
AT1_to_DK1_seed2,AT1,DK1,2,75,-1.2207,0.0385,3.0258,2.992,-8.4236,1.1467,1.0,1.0,0.000146,0.1287,0.97,0.8681
AT1_to_DK1_seed2,AT1,DK1,2,76,-1.1671,0.0372,3.0592,3.0004,-8.4346,1.1706,1.0,1.0,0.000136,0.1282,0.97,0.8483
AT1_to_DK1_seed2,AT1,DK1,2,77,-0.9455,0.04,3.1406,3.0662,-8.401,1.2087,1.0,1.0,0.000125,0.128,0.97,0.8562
AT1_to_DK1_seed2,AT1,DK1,2,78,-0.6602,0.0402,3.1923,3.2482,-8.4126,1.2717,1.0,1.0,0.000115,0.1254,0.97,0.8576
AT1_to_DK1_seed2,AT1,DK1,2,79,-0.8635,0.0386,3.188,3.1304,-8.4453,1.2247,1.0,1.0,0.000105,0.1261,0.97,0.856
AT1_to_DK1_seed2,AT1,DK1,2,80,-0.9762,0.0367,3.1349,3.0681,-8.4058,1.1899,1.0,1.0,9.55e-05,0.1183,0.97,0.8607
AT1_to_DK1_seed2,AT1,DK1,2,81,-1.2782,0.0325,3.0596,2.9104,-8.4635,1.1828,1.0,1.0,8.65e-05,0.1282,0.97,0.846
AT1_to_DK1_seed2,AT1,DK1,2,82,-1.032,0.0329,3.1009,3.04,-8.4024,1.1966,1.0,1.0,7.78e-05,0.1281,0.97,0.8512
AT1_to_DK1_seed2,AT1,DK1,2,83,-0.5903,0.0344,3.3259,3.2214,-8.4242,1.2522,1.0,1.0,6.96e-05,0.1344,0.96,0.8331
AT1_to_DK1_seed2,AT1,DK1,2,84,-0.3798,0.0353,3.3642,3.3722,-8.4272,1.2758,1.0,1.0,6.18e-05,0.1253,0.97,0.8425
AT1_to_DK1_seed2,AT1,DK1,2,85,-0.4401,0.0341,3.3153,3.3911,-8.4361,1.2555,1.0,1.0,5.45e-05,0.1239,0.97,0.8495
AT1_to_DK1_seed2,AT1,DK1,2,86,-0.7003,0.0307,3.2068,3.2154,-8.3847,1.2315,1.0,1.0,4.76e-05,0.1297,0.97,0.8567
AT1_to_DK1_seed2,AT1,DK1,2,87,-0.7971,0.03,3.1865,3.135,-8.385,1.2365,1.0,1.0,4.11e-05,0.1248,0.97,0.8545
AT1_to_DK1_seed2,AT1,DK1,2,88,-0.891,0.0291,3.1883,3.0812,-8.4231,1.2335,1.0,1.0,3.51e-05,0.131,0.97,0.8554
AT1_to_DK1_seed2,AT1,DK1,2,89,-0.8963,0.0296,3.1746,3.0987,-8.4207,1.2215,1.0,1.0,2.96e-05,0.1237,0.97,0.8557
AT1_to_DK1_seed2,AT1,DK1,2,90,-0.9369,0.0301,3.167,3.075,-8.4204,1.2114,1.0,1.0,2.45e-05,0.1273,0.97,0.8634
AT1_to_DK1_seed2,AT1,DK1,2,91,-0.9449,0.0286,3.1492,3.079,-8.4097,1.2081,1.0,1.0,1.99e-05,0.1226,0.97,0.8739
AT1_to_DK1_seed2,AT1,DK1,2,92,-0.9624,0.0301,3.1088,3.076,-8.3919,1.2146,1.0,1.0,1.57e-05,0.136,0.97,0.8593
AT1_to_DK1_seed2,AT1,DK1,2,93,-1.025,0.0287,3.0779,3.1073,-8.4554,1.2165,1.0,1.0,1.2e-05,0.1286,0.97,0.8718
AT1_to_DK1_seed2,AT1,DK1,2,94,-0.9727,0.0293,3.0738,3.0931,-8.376,1.2072,1.0,1.0,8.86e-06,0.123,0.97,0.8754
AT1_to_DK1_seed2,AT1,DK1,2,95,-1.0258,0.0307,3.061,3.0773,-8.3962,1.2014,1.0,1.0,6.16e-06,0.1257,0.97,0.8747
AT1_to_DK1_seed2,AT1,DK1,2,96,-1.0118,0.0297,3.0605,3.0852,-8.3848,1.1975,1.0,1.0,3.94e-06,0.1241,0.97,0.8713
AT1_to_DK1_seed2,AT1,DK1,2,97,-1.0664,0.0292,3.0495,3.0846,-8.4222,1.1926,1.0,1.0,2.22e-06,0.1314,0.97,0.8682
AT1_to_DK1_seed2,AT1,DK1,2,98,-1.0621,0.0285,3.0465,3.0733,-8.4019,1.1916,1.0,1.0,9.87e-07,0.1345,0.97,0.8708
AT1_to_DK1_seed2,AT1,DK1,2,99,-1.0677,0.0282,3.0476,3.0846,-8.4197,1.1916,1.0,1.0,2.47e-07,0.1283,0.97,0.8689
AT1_to_DK1_seed2,AT1,DK1,2,100,-1.0901,0.0279,3.0472,3.0794,-8.4338,1.1892,1.0,1.0,0.0,0.1271,0.97,0.8741
AT1_to_DK1_seed3,AT1,DK1,3,1,6.0157,0.4708,4.7005,5.1556,-5.2372,0.926,0.997,1.0,0.001,0.304,0.91,0.5556
AT1_to_DK1_seed3,AT1,DK1,3,2,1.6516,0.2216,4.1415,4.1889,-8.0428,1.1423,1.0,1.0,0.000999,0.2011,0.94,0.6425
AT1_to_DK1_seed3,AT1,DK1,3,3,0.2506,0.1827,3.6445,3.5163,-8.2741,1.1812,1.0,1.0,0.000998,0.2401,0.93,0.6374
AT1_to_DK1_seed3,AT1,DK1,3,4,0.7169,0.1755,4.0696,3.6401,-8.297,1.1287,1.0,1.0,0.000996,0.2468,0.93,0.6391
AT1_to_DK1_seed3,AT1,DK1,3,5,0.3983,0.1733,3.7568,3.7073,-8.3047,1.0656,1.0,1.0,0.000994,0.2362,0.92,0.6763
AT1_to_DK1_seed3,AT1,DK1,3,6,-0.1089,0.1569,3.6153,3.3381,-8.3298,1.1105,1.0,1.0,0.000991,0.309,0.91,0.5992
AT1_to_DK1_seed3,AT1,DK1,3,7,2.7277,0.2083,4.5496,5.0549,-8.3215,1.2364,1.0,1.0,0.000988,0.2612,0.92,0.671
AT1_to_DK1_seed3,AT1,DK1,3,8,1.3271,0.1813,3.8545,4.5219,-8.3695,1.139,1.0,1.0,0.000984,0.2291,0.93,0.7317
AT1_to_DK1_seed3,AT1,DK1,3,9,1.2002,0.169,3.7032,4.4815,-8.3744,1.2209,1.0,1.0,0.00098,0.199,0.94,0.7315
AT1_to_DK1_seed3,AT1,DK1,3,10,0.5044,0.1561,3.428,4.174,-8.37,1.1163,1.0,1.0,0.000976,0.1816,0.94,0.7252
AT1_to_DK1_seed3,AT1,DK1,3,11,1.0915,0.1445,3.8054,4.306,-8.3801,1.2157,1.0,1.0,0.00097,0.2047,0.94,0.7354
AT1_to_DK1_seed3,AT1,DK1,3,12,0.7239,0.1353,3.5405,4.2085,-8.3609,1.2005,1.0,1.0,0.000965,0.2792,0.91,0.7316
AT1_to_DK1_seed3,AT1,DK1,3,13,1.022,0.1372,3.7858,4.2471,-8.3826,1.2345,1.0,1.0,0.000959,0.1761,0.95,0.7738
AT1_to_DK1_seed3,AT1,DK1,3,14,1.0352,0.1244,3.9445,4.0799,-8.3523,1.2387,1.0,1.0,0.000952,0.3657,0.89,0.7233
AT1_to_DK1_seed3,AT1,DK1,3,15,1.4945,0.1421,4.2613,4.2182,-8.4054,1.2784,1.0,1.0,0.000946,0.1968,0.94,0.7354
AT1_to_DK1_seed3,AT1,DK1,3,16,0.9997,0.1303,3.8131,4.1659,-8.4358,1.3262,1.0,1.0,0.000938,0.205,0.94,0.7789
AT1_to_DK1_seed3,AT1,DK1,3,17,-0.4092,0.1079,3.0491,3.6705,-8.4251,1.1884,1.0,1.0,0.00093,0.1591,0.95,0.7815
AT1_to_DK1_seed3,AT1,DK1,3,18,1.215,0.1189,4.0691,4.1371,-8.4276,1.3175,1.0,1.0,0.000922,0.1764,0.95,0.7537
AT1_to_DK1_seed3,AT1,DK1,3,19,0.4067,0.1112,3.6701,3.7847,-8.4378,1.2784,1.0,1.0,0.000914,0.1409,0.96,0.8098
AT1_to_DK1_seed3,AT1,DK1,3,20,0.1895,0.1073,3.5002,3.6819,-8.416,1.3161,1.0,1.0,0.000905,0.1465,0.96,0.816
AT1_to_DK1_seed3,AT1,DK1,3,21,-0.008,0.0984,3.3829,3.6323,-8.4069,1.2853,1.0,1.0,0.000895,0.1297,0.96,0.8192
AT1_to_DK1_seed3,AT1,DK1,3,22,-0.0728,0.0917,3.3717,3.5545,-8.409,1.3182,1.0,1.0,0.000885,0.1353,0.96,0.827
AT1_to_DK1_seed3,AT1,DK1,3,23,-0.3952,0.0859,3.1594,3.4598,-8.4003,1.3,1.0,1.0,0.000875,0.1339,0.96,0.8287
AT1_to_DK1_seed3,AT1,DK1,3,24,0.6339,0.0948,3.4899,4.1197,-8.359,1.2884,1.0,1.0,0.000864,0.1488,0.95,0.8449
AT1_to_DK1_seed3,AT1,DK1,3,25,0.3199,0.0902,3.5572,3.7474,-8.4147,1.3398,1.0,1.0,0.000854,0.1239,0.96,0.8387
AT1_to_DK1_seed3,AT1,DK1,3,26,-0.6031,0.0829,2.9635,3.3983,-8.3637,1.316,1.0,1.0,0.000842,0.1157,0.97,0.86
AT1_to_DK1_seed3,AT1,DK1,3,27,-0.0825,0.0833,3.2608,3.7023,-8.4182,1.2895,1.0,1.0,0.000831,0.1108,0.97,0.8511
AT1_to_DK1_seed3,AT1,DK1,3,28,-0.7024,0.0748,2.9859,3.3701,-8.4171,1.284,1.0,1.0,0.000819,0.131,0.96,0.8639
AT1_to_DK1_seed3,AT1,DK1,3,29,-0.153,0.0765,3.3108,3.586,-8.4454,1.3191,1.0,1.0,0.000806,0.1254,0.97,0.8407
AT1_to_DK1_seed3,AT1,DK1,3,30,-0.5808,0.0707,3.1925,3.2762,-8.4173,1.297,1.0,1.0,0.000794,0.131,0.97,0.8315
AT1_to_DK1_seed3,AT1,DK1,3,31,-1.125,0.0665,2.8306,3.1707,-8.417,1.2242,1.0,1.0,0.000781,0.1387,0.96,0.8359
AT1_to_DK1_seed3,AT1,DK1,3,32,-0.7686,0.0646,3.0265,3.255,-8.382,1.2674,1.0,1.0,0.000768,0.1106,0.97,0.8833
AT1_to_DK1_seed3,AT1,DK1,3,33,-0.7287,0.0607,2.958,3.3872,-8.4366,1.302,1.0,1.0,0.000755,0.1355,0.97,0.8262
AT1_to_DK1_seed3,AT1,DK1,3,34,-0.6686,0.0572,2.9839,3.4248,-8.3862,1.2517,1.0,1.0,0.000741,0.1332,0.97,0.8069
AT1_to_DK1_seed3,AT1,DK1,3,35,-0.7134,0.0586,2.955,3.3743,-8.3921,1.2908,1.0,1.0,0.000727,0.1156,0.97,0.8702
AT1_to_DK1_seed3,AT1,DK1,3,36,-0.3135,0.0614,3.2545,3.4933,-8.424,1.3013,1.0,1.0,0.000713,0.15,0.96,0.8437
AT1_to_DK1_seed3,AT1,DK1,3,37,0.2112,0.0703,3.587,3.6281,-8.405,1.3308,1.0,1.0,0.000699,0.1179,0.97,0.8675
AT1_to_DK1_seed3,AT1,DK1,3,38,-0.107,0.0593,3.3577,3.5936,-8.4147,1.297,1.0,1.0,0.000684,0.118,0.97,0.8596
AT1_to_DK1_seed3,AT1,DK1,3,39,-0.2532,0.0608,3.0751,3.6291,-8.3535,1.3352,1.0,1.0,0.000669,0.1277,0.97,0.8714
AT1_to_DK1_seed3,AT1,DK1,3,40,-0.5977,0.0552,3.2399,3.2763,-8.4352,1.2661,1.0,1.0,0.000655,0.1225,0.97,0.8474
AT1_to_DK1_seed3,AT1,DK1,3,41,-0.5567,0.0549,3.276,3.2783,-8.4181,1.2522,1.0,1.0,0.000639,0.1365,0.97,0.8598
AT1_to_DK1_seed3,AT1,DK1,3,42,-0.72,0.0539,3.1614,3.2188,-8.4025,1.2484,1.0,1.0,0.000624,0.1469,0.96,0.8417
AT1_to_DK1_seed3,AT1,DK1,3,43,-0.3118,0.0555,3.4395,3.3698,-8.4292,1.2526,1.0,1.0,0.000609,0.1169,0.97,0.8641
AT1_to_DK1_seed3,AT1,DK1,3,44,0.7663,0.0661,3.7967,3.973,-8.427,1.3575,1.0,1.0,0.000594,0.1189,0.97,0.8753
AT1_to_DK1_seed3,AT1,DK1,3,45,1.1771,0.063,4.01,4.1854,-8.4148,1.3334,1.0,1.0,0.000578,0.1435,0.96,0.844
AT1_to_DK1_seed3,AT1,DK1,3,46,0.5757,0.0675,3.6363,3.9257,-8.3848,1.331,1.0,1.0,0.000563,0.1735,0.95,0.7926
AT1_to_DK1_seed3,AT1,DK1,3,47,0.6515,0.0619,3.8183,3.8757,-8.3929,1.2885,1.0,1.0,0.000547,0.1423,0.96,0.83
AT1_to_DK1_seed3,AT1,DK1,3,48,0.9566,0.0654,4.0819,3.8921,-8.4108,1.328,1.0,1.0,0.000531,0.1566,0.96,0.8107
AT1_to_DK1_seed3,AT1,DK1,3,49,0.7884,0.063,3.9059,3.8944,-8.4189,1.344,1.0,1.0,0.000516,0.1992,0.95,0.8043
AT1_to_DK1_seed3,AT1,DK1,3,50,0.5507,0.0719,3.8941,3.752,-8.4194,1.2521,1.0,1.0,0.0005,0.1707,0.96,0.7871
AT1_to_DK1_seed3,AT1,DK1,3,51,1.0277,0.0738,3.9521,4.0765,-8.4374,1.3626,1.0,1.0,0.000484,0.1933,0.95,0.7857
AT1_to_DK1_seed3,AT1,DK1,3,52,1.1086,0.071,4.0884,4.0355,-8.4263,1.34,1.0,1.0,0.000469,0.1438,0.96,0.8413
AT1_to_DK1_seed3,AT1,DK1,3,53,0.6802,0.0719,4.0348,3.651,-8.4066,1.329,1.0,1.0,0.000453,0.167,0.95,0.8086
AT1_to_DK1_seed3,AT1,DK1,3,54,0.2418,0.07,3.7636,3.4842,-8.3982,1.322,1.0,1.0,0.000437,0.1416,0.96,0.8403
AT1_to_DK1_seed3,AT1,DK1,3,55,-0.3224,0.0643,3.6874,3.0961,-8.4038,1.2335,1.0,1.0,0.000422,0.1473,0.96,0.8397
AT1_to_DK1_seed3,AT1,DK1,3,56,0.6522,0.0621,3.9981,3.6479,-8.3554,1.2995,1.0,1.0,0.000406,0.156,0.96,0.8161
AT1_to_DK1_seed3,AT1,DK1,3,57,0.1188,0.0573,3.7191,3.4956,-8.4286,1.2754,1.0,1.0,0.000391,0.1407,0.97,0.8581
AT1_to_DK1_seed3,AT1,DK1,3,58,0.4678,0.06,3.8599,3.6619,-8.4255,1.3115,1.0,1.0,0.000376,0.1694,0.96,0.8111
AT1_to_DK1_seed3,AT1,DK1,3,59,0.4611,0.0591,3.8493,3.612,-8.3877,1.3283,1.0,1.0,0.000361,0.1387,0.96,0.8459
AT1_to_DK1_seed3,AT1,DK1,3,60,-0.5131,0.0463,3.5974,3.0086,-8.4171,1.2517,1.0,1.0,0.000345,0.1423,0.96,0.8496
AT1_to_DK1_seed3,AT1,DK1,3,61,-0.7101,0.0472,3.4651,3.0008,-8.4311,1.2079,1.0,1.0,0.000331,0.123,0.97,0.8639
AT1_to_DK1_seed3,AT1,DK1,3,62,-0.3543,0.0475,3.6944,3.1188,-8.4246,1.2095,1.0,1.0,0.000316,0.1484,0.96,0.8512
AT1_to_DK1_seed3,AT1,DK1,3,63,-0.371,0.0436,3.6572,3.1222,-8.4393,1.2453,1.0,1.0,0.000301,0.1349,0.97,0.8479
AT1_to_DK1_seed3,AT1,DK1,3,64,-0.3022,0.0437,3.7234,3.1082,-8.4051,1.2277,1.0,1.0,0.000287,0.1464,0.96,0.8327
AT1_to_DK1_seed3,AT1,DK1,3,65,-0.3595,0.0448,3.5968,3.1636,-8.3995,1.2347,1.0,1.0,0.000273,0.1467,0.96,0.8346
AT1_to_DK1_seed3,AT1,DK1,3,66,-0.0737,0.0414,3.6746,3.3608,-8.4513,1.3008,1.0,1.0,0.000259,0.1481,0.96,0.8396
AT1_to_DK1_seed3,AT1,DK1,3,67,0.0636,0.0431,3.5567,3.5404,-8.3668,1.2901,1.0,1.0,0.000245,0.1499,0.96,0.8444
AT1_to_DK1_seed3,AT1,DK1,3,68,0.498,0.0405,3.8436,3.713,-8.3932,1.2941,1.0,1.0,0.000232,0.1915,0.95,0.8101
AT1_to_DK1_seed3,AT1,DK1,3,69,1.2187,0.0577,4.0032,4.2517,-8.4214,1.3274,1.0,1.0,0.000219,0.1632,0.96,0.8368
AT1_to_DK1_seed3,AT1,DK1,3,70,0.1894,0.0415,3.7701,3.5454,-8.4184,1.2508,1.0,1.0,0.000206,0.1602,0.96,0.8553
AT1_to_DK1_seed3,AT1,DK1,3,71,0.6355,0.0449,4.0241,3.6902,-8.42,1.2963,1.0,1.0,0.000194,0.175,0.96,0.8329
AT1_to_DK1_seed3,AT1,DK1,3,72,0.1699,0.0439,3.7795,3.5038,-8.4356,1.2782,1.0,1.0,0.000181,0.1577,0.96,0.8656
AT1_to_DK1_seed3,AT1,DK1,3,73,0.1089,0.0402,3.6792,3.5178,-8.4111,1.2828,1.0,1.0,0.000169,0.1523,0.97,0.8613
AT1_to_DK1_seed3,AT1,DK1,3,74,0.1327,0.0364,3.7485,3.4922,-8.4356,1.2912,1.0,1.0,0.000158,0.166,0.96,0.8459
AT1_to_DK1_seed3,AT1,DK1,3,75,-0.1297,0.035,3.7357,3.2809,-8.4438,1.2625,1.0,1.0,0.000146,0.195,0.95,0.8267
AT1_to_DK1_seed3,AT1,DK1,3,76,0.2848,0.0348,3.7954,3.6626,-8.4772,1.2693,1.0,1.0,0.000136,0.1683,0.96,0.8528
AT1_to_DK1_seed3,AT1,DK1,3,77,-0.0432,0.033,3.7192,3.3637,-8.4202,1.2611,1.0,1.0,0.000125,0.1696,0.96,0.8599
AT1_to_DK1_seed3,AT1,DK1,3,78,-0.1671,0.034,3.5004,3.4641,-8.43,1.2643,1.0,1.0,0.000115,0.1812,0.96,0.8449
AT1_to_DK1_seed3,AT1,DK1,3,79,0.205,0.0308,3.7903,3.511,-8.4036,1.2765,1.0,1.0,0.000105,0.1669,0.96,0.8548
AT1_to_DK1_seed3,AT1,DK1,3,80,0.4466,0.0328,3.7533,3.7403,-8.3986,1.3188,1.0,1.0,9.55e-05,0.165,0.96,0.8513
AT1_to_DK1_seed3,AT1,DK1,3,81,0.5907,0.0317,3.8997,3.7803,-8.4164,1.2952,1.0,1.0,8.65e-05,0.1695,0.96,0.8502
AT1_to_DK1_seed3,AT1,DK1,3,82,0.517,0.0304,3.8758,3.7575,-8.4191,1.2723,1.0,1.0,7.78e-05,0.1693,0.96,0.859
AT1_to_DK1_seed3,AT1,DK1,3,83,0.3155,0.0307,3.7804,3.6398,-8.4054,1.2701,1.0,1.0,6.96e-05,0.1768,0.96,0.8594
AT1_to_DK1_seed3,AT1,DK1,3,84,-0.034,0.0298,3.6837,3.4653,-8.4464,1.2337,1.0,1.0,6.18e-05,0.1664,0.96,0.8591
AT1_to_DK1_seed3,AT1,DK1,3,85,-0.1908,0.0279,3.5997,3.4182,-8.4483,1.2118,1.0,1.0,5.45e-05,0.1696,0.97,0.8725
AT1_to_DK1_seed3,AT1,DK1,3,86,0.0147,0.0261,3.6923,3.4586,-8.3927,1.2305,1.0,1.0,4.76e-05,0.1679,0.97,0.8714
AT1_to_DK1_seed3,AT1,DK1,3,87,0.2453,0.0262,3.848,3.5304,-8.4121,1.2527,1.0,1.0,4.11e-05,0.1723,0.97,0.8509
AT1_to_DK1_seed3,AT1,DK1,3,88,0.2874,0.0264,3.8937,3.5464,-8.4287,1.2496,1.0,1.0,3.51e-05,0.1745,0.96,0.852
AT1_to_DK1_seed3,AT1,DK1,3,89,0.2596,0.0256,3.9061,3.5023,-8.4227,1.2482,1.0,1.0,2.96e-05,0.1845,0.96,0.8422
AT1_to_DK1_seed3,AT1,DK1,3,90,0.3268,0.0264,3.8917,3.5406,-8.3753,1.2434,1.0,1.0,2.45e-05,0.1869,0.96,0.8465
AT1_to_DK1_seed3,AT1,DK1,3,91,0.3093,0.0255,3.8723,3.5993,-8.4275,1.2398,1.0,1.0,1.99e-05,0.1842,0.96,0.8412
AT1_to_DK1_seed3,AT1,DK1,3,92,0.2629,0.0258,3.8752,3.5636,-8.4326,1.2309,1.0,1.0,1.57e-05,0.1771,0.96,0.8524
AT1_to_DK1_seed3,AT1,DK1,3,93,0.2884,0.025,3.8964,3.5585,-8.4232,1.2317,1.0,1.0,1.2e-05,0.1791,0.96,0.8546
AT1_to_DK1_seed3,AT1,DK1,3,94,0.2624,0.0257,3.8806,3.5449,-8.4178,1.229,1.0,1.0,8.86e-06,0.18,0.96,0.8549
AT1_to_DK1_seed3,AT1,DK1,3,95,0.2748,0.0249,3.8796,3.5285,-8.386,1.2277,1.0,1.0,6.16e-06,0.1696,0.96,0.8572
AT1_to_DK1_seed3,AT1,DK1,3,96,0.2868,0.0255,3.8815,3.5272,-8.3779,1.2306,1.0,1.0,3.94e-06,0.1813,0.96,0.8588
AT1_to_DK1_seed3,AT1,DK1,3,97,0.2767,0.0246,3.8822,3.5382,-8.3988,1.2305,1.0,1.0,2.22e-06,0.1789,0.96,0.8555
AT1_to_DK1_seed3,AT1,DK1,3,98,0.2133,0.0244,3.8713,3.5359,-8.4495,1.2312,1.0,1.0,9.87e-07,0.172,0.96,0.8609
AT1_to_DK1_seed3,AT1,DK1,3,99,0.2505,0.024,3.8807,3.5351,-8.4214,1.2321,1.0,1.0,2.47e-07,0.1761,0.96,0.8628
AT1_to_DK1_seed3,AT1,DK1,3,100,0.2696,0.0255,3.8739,3.5534,-8.4143,1.231,1.0,1.0,0.0,0.1735,0.96,0.8587
AT1_to_FR1_seed1,AT1,FR1,1,1,5.1314,0.5244,4.2203,4.9492,-5.36,0.7975,0.997,1.0,0.001,0.2352,0.92,0.61
AT1_to_FR1_seed1,AT1,FR1,1,2,0.0051,0.2188,3.365,3.7943,-8.1142,0.7412,1.0,1.0,0.000999,0.3425,0.88,0.6042
AT1_to_FR1_seed1,AT1,FR1,1,3,1.0539,0.1973,3.9118,4.0892,-8.2871,1.1427,1.0,1.0,0.000998,0.5161,0.84,0.541
AT1_to_FR1_seed1,AT1,FR1,1,4,0.3213,0.1767,3.6623,3.6972,-8.323,1.1081,1.0,1.0,0.000996,0.2809,0.9,0.6929
AT1_to_FR1_seed1,AT1,FR1,1,5,0.3225,0.1642,3.6947,3.6779,-8.367,1.1527,1.0,1.0,0.000994,0.2277,0.93,0.7309
AT1_to_FR1_seed1,AT1,FR1,1,6,-1.2664,0.1461,3.0194,3.1495,-8.408,0.8266,1.0,1.0,0.000991,0.2381,0.92,0.7049
AT1_to_FR1_seed1,AT1,FR1,1,7,1.129,0.1851,4.11,4.0998,-8.3901,1.1242,1.0,1.0,0.000988,0.3529,0.87,0.6199
AT1_to_FR1_seed1,AT1,FR1,1,8,-0.0788,0.1562,3.5738,3.4079,-8.3668,1.1502,1.0,1.0,0.000984,0.1249,0.96,0.8155
AT1_to_FR1_seed1,AT1,FR1,1,9,0.0848,0.1442,3.7768,3.4322,-8.4248,1.1565,1.0,1.0,0.00098,0.1926,0.94,0.7047
AT1_to_FR1_seed1,AT1,FR1,1,10,0.8815,0.1608,4.2269,3.7195,-8.4464,1.2207,1.0,1.0,0.000976,0.2005,0.94,0.7098
AT1_to_FR1_seed1,AT1,FR1,1,11,0.5226,0.1567,3.9753,3.5931,-8.4251,1.2225,1.0,1.0,0.00097,0.301,0.91,0.6342
AT1_to_FR1_seed1,AT1,FR1,1,12,-0.1781,0.1302,3.7515,3.1555,-8.3498,1.1345,1.0,1.0,0.000965,0.2668,0.91,0.633
AT1_to_FR1_seed1,AT1,FR1,1,13,0.3217,0.1428,3.9944,3.3871,-8.426,1.2233,1.0,1.0,0.000959,0.2431,0.9,0.7006
AT1_to_FR1_seed1,AT1,FR1,1,14,0.3129,0.128,3.9932,3.3674,-8.4399,1.2641,1.0,1.0,0.000952,0.2977,0.9,0.6822
AT1_to_FR1_seed1,AT1,FR1,1,15,0.3779,0.1308,3.9183,3.4553,-8.3672,1.2407,1.0,1.0,0.000946,0.4114,0.87,0.6111
AT1_to_FR1_seed1,AT1,FR1,1,16,0.3272,0.1282,3.8865,3.4506,-8.4247,1.2865,1.0,1.0,0.000938,0.2114,0.93,0.7175
AT1_to_FR1_seed1,AT1,FR1,1,17,0.3882,0.1228,4.0619,3.326,-8.437,1.3145,1.0,1.0,0.00093,0.1858,0.93,0.7651
AT1_to_FR1_seed1,AT1,FR1,1,18,-0.2568,0.1152,3.775,3.0558,-8.4286,1.2257,1.0,1.0,0.000922,0.123,0.96,0.7969
AT1_to_FR1_seed1,AT1,FR1,1,19,-0.255,0.1102,3.8112,2.9482,-8.3921,1.2674,1.0,1.0,0.000914,0.2582,0.9,0.7538
AT1_to_FR1_seed1,AT1,FR1,1,20,0.512,0.1171,4.1257,3.341,-8.3758,1.304,1.0,1.0,0.000905,0.3654,0.88,0.7022
AT1_to_FR1_seed1,AT1,FR1,1,21,0.2886,0.1159,4.042,3.2327,-8.4006,1.2986,1.0,1.0,0.000895,0.2065,0.93,0.7774
AT1_to_FR1_seed1,AT1,FR1,1,22,-0.006,0.0996,3.9371,3.0519,-8.3809,1.2863,1.0,1.0,0.000885,0.2756,0.9,0.7111
AT1_to_FR1_seed1,AT1,FR1,1,23,0.1006,0.0985,4.0192,3.1201,-8.4079,1.2707,1.0,1.0,0.000875,0.1791,0.94,0.7845
AT1_to_FR1_seed1,AT1,FR1,1,24,0.2826,0.1026,3.9661,3.3425,-8.431,1.3025,1.0,1.0,0.000864,0.1899,0.93,0.7939
AT1_to_FR1_seed1,AT1,FR1,1,25,0.132,0.0989,3.8932,3.2688,-8.4213,1.2924,1.0,1.0,0.000854,0.185,0.94,0.7757
AT1_to_FR1_seed1,AT1,FR1,1,26,-0.0129,0.0947,3.9301,3.0808,-8.4064,1.2879,1.0,1.0,0.000842,0.1789,0.94,0.7879
AT1_to_FR1_seed1,AT1,FR1,1,27,0.0151,0.0912,3.8871,3.1078,-8.3867,1.3158,1.0,1.0,0.000831,0.2394,0.91,0.7645
AT1_to_FR1_seed1,AT1,FR1,1,28,0.3926,0.0961,4.2053,3.141,-8.3814,1.3316,1.0,1.0,0.000819,0.2579,0.9,0.7473
AT1_to_FR1_seed1,AT1,FR1,1,29,-0.1845,0.093,3.8214,3.0138,-8.4138,1.3011,1.0,1.0,0.000806,0.1643,0.94,0.7743
AT1_to_FR1_seed1,AT1,FR1,1,30,-0.1634,0.0856,3.8839,2.9292,-8.4027,1.3407,1.0,1.0,0.000794,0.2657,0.9,0.748
AT1_to_FR1_seed1,AT1,FR1,1,31,-0.5776,0.0928,3.6766,2.7671,-8.4384,1.3244,1.0,1.0,0.000781,0.2833,0.9,0.7086
AT1_to_FR1_seed1,AT1,FR1,1,32,-0.3926,0.0925,3.7702,2.8606,-8.4556,1.3397,1.0,1.0,0.000768,0.2577,0.91,0.7038
AT1_to_FR1_seed1,AT1,FR1,1,33,-0.8783,0.0818,3.5013,2.6668,-8.4414,1.3132,1.0,1.0,0.000755,0.1666,0.94,0.791
AT1_to_FR1_seed1,AT1,FR1,1,34,-0.6967,0.0837,3.6154,2.7412,-8.4403,1.3034,1.0,1.0,0.000741,0.3973,0.87,0.6782
AT1_to_FR1_seed1,AT1,FR1,1,35,-0.5863,0.0912,3.6603,2.779,-8.4417,1.3249,1.0,1.0,0.000727,0.2282,0.92,0.7401
AT1_to_FR1_seed1,AT1,FR1,1,36,-0.0507,0.09,3.9323,3.0354,-8.4259,1.3175,1.0,1.0,0.000713,0.2395,0.91,0.7442
AT1_to_FR1_seed1,AT1,FR1,1,37,-0.772,0.0733,3.6375,2.5695,-8.3818,1.3295,1.0,1.0,0.000699,0.1996,0.93,0.7988
AT1_to_FR1_seed1,AT1,FR1,1,38,-0.6687,0.0776,3.5558,2.7561,-8.4001,1.3418,1.0,1.0,0.000684,0.2923,0.88,0.7212
AT1_to_FR1_seed1,AT1,FR1,1,39,-1.3027,0.0663,3.1787,2.5304,-8.4085,1.3303,1.0,1.0,0.000669,0.3997,0.86,0.6892
AT1_to_FR1_seed1,AT1,FR1,1,40,-0.9126,0.075,3.37,2.7568,-8.4419,1.3275,1.0,1.0,0.000655,0.2135,0.92,0.7701
AT1_to_FR1_seed1,AT1,FR1,1,41,-1.0824,0.0784,3.4014,2.5364,-8.4096,1.311,1.0,1.0,0.000639,0.5231,0.81,0.6314
AT1_to_FR1_seed1,AT1,FR1,1,42,-1.3784,0.0773,3.2497,2.4103,-8.406,1.2902,1.0,1.0,0.000624,0.1957,0.93,0.7863
AT1_to_FR1_seed1,AT1,FR1,1,43,-1.3492,0.0691,3.2853,2.4209,-8.3925,1.2681,1.0,1.0,0.000609,0.2465,0.92,0.7106
AT1_to_FR1_seed1,AT1,FR1,1,44,-0.913,0.0775,3.4565,2.6659,-8.4427,1.3298,1.0,1.0,0.000594,0.2201,0.92,0.7915
AT1_to_FR1_seed1,AT1,FR1,1,45,-1.3868,0.0648,3.2916,2.376,-8.4227,1.3034,1.0,1.0,0.000578,0.2104,0.92,0.8054
AT1_to_FR1_seed1,AT1,FR1,1,46,-1.2021,0.067,3.4322,2.4191,-8.4088,1.2883,1.0,1.0,0.000563,0.2781,0.88,0.7176
AT1_to_FR1_seed1,AT1,FR1,1,47,-1.1406,0.0738,3.3634,2.5507,-8.4037,1.2752,1.0,1.0,0.000547,0.2655,0.92,0.7396
AT1_to_FR1_seed1,AT1,FR1,1,48,-0.8099,0.0753,3.6407,2.6029,-8.4208,1.292,1.0,1.0,0.000531,0.1963,0.93,0.7567
AT1_to_FR1_seed1,AT1,FR1,1,49,-1.2352,0.0613,3.4112,2.4518,-8.423,1.2635,1.0,1.0,0.000516,0.2079,0.92,0.7969
AT1_to_FR1_seed1,AT1,FR1,1,50,-1.1104,0.0595,3.5238,2.4303,-8.4259,1.302,1.0,1.0,0.0005,0.1925,0.93,0.7771
AT1_to_FR1_seed1,AT1,FR1,1,51,-0.8862,0.0602,3.5556,2.6023,-8.3858,1.2815,1.0,1.0,0.000484,0.2478,0.91,0.773
AT1_to_FR1_seed1,AT1,FR1,1,52,-0.791,0.0638,3.5952,2.6774,-8.3956,1.2681,1.0,1.0,0.000469,0.2024,0.92,0.7633
AT1_to_FR1_seed1,AT1,FR1,1,53,-0.8483,0.0612,3.5951,2.6464,-8.4007,1.2497,1.0,1.0,0.000453,0.2912,0.88,0.7329
AT1_to_FR1_seed1,AT1,FR1,1,54,-0.906,0.0641,3.4458,2.7523,-8.4152,1.247,1.0,1.0,0.000437,0.2797,0.9,0.7761
AT1_to_FR1_seed1,AT1,FR1,1,55,-0.6371,0.0671,3.4636,2.9833,-8.4052,1.254,1.0,1.0,0.000422,0.3213,0.88,0.7343
AT1_to_FR1_seed1,AT1,FR1,1,56,-0.6975,0.0594,3.6348,2.7528,-8.4539,1.3094,1.0,1.0,0.000406,0.3144,0.89,0.7313
AT1_to_FR1_seed1,AT1,FR1,1,57,-1.2276,0.0545,3.4007,2.4377,-8.3995,1.2791,1.0,1.0,0.000391,0.168,0.94,0.807
AT1_to_FR1_seed1,AT1,FR1,1,58,-0.9968,0.0556,3.4453,2.6435,-8.4255,1.2844,1.0,1.0,0.000376,0.3999,0.86,0.7144
AT1_to_FR1_seed1,AT1,FR1,1,59,-1.3197,0.0542,3.3514,2.4466,-8.4327,1.2608,1.0,1.0,0.000361,0.2744,0.9,0.7499
AT1_to_FR1_seed1,AT1,FR1,1,60,-0.5731,0.0591,3.6687,2.7794,-8.3779,1.2976,1.0,1.0,0.000345,0.2645,0.91,0.7512
AT1_to_FR1_seed1,AT1,FR1,1,61,-0.6624,0.0529,3.671,2.7273,-8.4101,1.2965,1.0,1.0,0.000331,0.2899,0.89,0.746
AT1_to_FR1_seed1,AT1,FR1,1,62,-0.8144,0.0507,3.5301,2.7432,-8.4108,1.2723,1.0,1.0,0.000316,0.2557,0.91,0.7427
AT1_to_FR1_seed1,AT1,FR1,1,63,-0.3443,0.0521,3.8258,2.9119,-8.421,1.2869,1.0,1.0,0.000301,0.2555,0.9,0.7448
AT1_to_FR1_seed1,AT1,FR1,1,64,-0.5016,0.054,3.6829,2.9193,-8.4127,1.255,1.0,1.0,0.000287,0.178,0.94,0.7716
AT1_to_FR1_seed1,AT1,FR1,1,65,-0.4528,0.0529,3.7805,2.8074,-8.409,1.3153,1.0,1.0,0.000273,0.1883,0.93,0.7964
AT1_to_FR1_seed1,AT1,FR1,1,66,-0.4335,0.049,3.7937,2.8274,-8.3853,1.2818,1.0,1.0,0.000259,0.242,0.92,0.7498
AT1_to_FR1_seed1,AT1,FR1,1,67,-0.9338,0.0482,3.661,2.5783,-8.4584,1.2371,1.0,1.0,0.000245,0.2587,0.91,0.7669
AT1_to_FR1_seed1,AT1,FR1,1,68,-0.7353,0.0467,3.7348,2.6078,-8.3865,1.2619,1.0,1.0,0.000232,0.2407,0.92,0.7547
AT1_to_FR1_seed1,AT1,FR1,1,69,-0.9699,0.0414,3.6091,2.5863,-8.4472,1.2405,1.0,1.0,0.000219,0.2408,0.92,0.7698
AT1_to_FR1_seed1,AT1,FR1,1,70,-0.7196,0.0398,3.7115,2.6834,-8.4018,1.2475,1.0,1.0,0.000206,0.2081,0.93,0.8037
AT1_to_FR1_seed1,AT1,FR1,1,71,-1.0635,0.039,3.5741,2.4968,-8.3742,1.2008,1.0,1.0,0.000194,0.2029,0.94,0.8055
AT1_to_FR1_seed1,AT1,FR1,1,72,-1.0366,0.0369,3.518,2.6124,-8.4172,1.2133,1.0,1.0,0.000181,0.2051,0.93,0.801
AT1_to_FR1_seed1,AT1,FR1,1,73,-1.1919,0.0356,3.4099,2.5407,-8.3759,1.1978,1.0,1.0,0.000169,0.229,0.92,0.7971
AT1_to_FR1_seed1,AT1,FR1,1,74,-1.2154,0.0372,3.3883,2.5582,-8.3913,1.1922,1.0,1.0,0.000158,0.2711,0.91,0.7742
AT1_to_FR1_seed1,AT1,FR1,1,75,-1.2262,0.0347,3.4202,2.548,-8.417,1.1878,1.0,1.0,0.000146,0.2008,0.94,0.8137
AT1_to_FR1_seed1,AT1,FR1,1,76,-1.3023,0.0333,3.3512,2.5664,-8.4234,1.1702,1.0,1.0,0.000136,0.2356,0.92,0.791
AT1_to_FR1_seed1,AT1,FR1,1,77,-1.083,0.0321,3.4746,2.6615,-8.4527,1.2015,1.0,1.0,0.000125,0.2338,0.92,0.7854
AT1_to_FR1_seed1,AT1,FR1,1,78,-0.9848,0.0326,3.5035,2.6776,-8.3938,1.1954,1.0,1.0,0.000115,0.292,0.9,0.7695
AT1_to_FR1_seed1,AT1,FR1,1,79,-0.7447,0.0353,3.6031,2.7814,-8.3892,1.2248,1.0,1.0,0.000105,0.2727,0.91,0.7575
AT1_to_FR1_seed1,AT1,FR1,1,80,-0.8308,0.0332,3.5254,2.798,-8.4187,1.2313,1.0,1.0,9.55e-05,0.2342,0.92,0.7827
AT1_to_FR1_seed1,AT1,FR1,1,81,-0.7472,0.0339,3.6247,2.7723,-8.4061,1.2281,1.0,1.0,8.65e-05,0.2819,0.91,0.7537
AT1_to_FR1_seed1,AT1,FR1,1,82,-0.6083,0.0377,3.7119,2.804,-8.4032,1.2412,1.0,1.0,7.78e-05,0.2825,0.9,0.7623
AT1_to_FR1_seed1,AT1,FR1,1,83,-0.7751,0.0346,3.626,2.7296,-8.4029,1.2377,1.0,1.0,6.96e-05,0.249,0.92,0.7717
AT1_to_FR1_seed1,AT1,FR1,1,84,-0.9011,0.0308,3.5628,2.7483,-8.462,1.2189,1.0,1.0,6.18e-05,0.2394,0.92,0.7799
AT1_to_FR1_seed1,AT1,FR1,1,85,-0.6786,0.035,3.603,2.9052,-8.4185,1.1966,1.0,1.0,5.45e-05,0.2835,0.9,0.7557
AT1_to_FR1_seed1,AT1,FR1,1,86,-0.7376,0.0315,3.5942,2.8506,-8.3995,1.1856,1.0,1.0,4.76e-05,0.3174,0.89,0.7442
AT1_to_FR1_seed1,AT1,FR1,1,87,-0.8713,0.0308,3.5663,2.8026,-8.4417,1.1706,1.0,1.0,4.11e-05,0.3215,0.89,0.7446
AT1_to_FR1_seed1,AT1,FR1,1,88,-0.8547,0.0293,3.6174,2.7477,-8.4101,1.161,1.0,1.0,3.51e-05,0.3259,0.89,0.7485
AT1_to_FR1_seed1,AT1,FR1,1,89,-0.887,0.0303,3.6079,2.734,-8.4187,1.1595,1.0,1.0,2.96e-05,0.332,0.89,0.737
AT1_to_FR1_seed1,AT1,FR1,1,90,-0.8217,0.0282,3.6132,2.7636,-8.3967,1.17,1.0,1.0,2.45e-05,0.2873,0.9,0.766
AT1_to_FR1_seed1,AT1,FR1,1,91,-0.8348,0.0273,3.6123,2.8115,-8.46,1.1741,1.0,1.0,1.99e-05,0.3254,0.89,0.7466
AT1_to_FR1_seed1,AT1,FR1,1,92,-0.8151,0.0297,3.5913,2.802,-8.4073,1.1692,1.0,1.0,1.57e-05,0.3502,0.89,0.7506
AT1_to_FR1_seed1,AT1,FR1,1,93,-0.8428,0.0287,3.5853,2.8158,-8.438,1.1654,1.0,1.0,1.2e-05,0.3323,0.89,0.7437
AT1_to_FR1_seed1,AT1,FR1,1,94,-0.8116,0.0276,3.5739,2.8204,-8.3975,1.164,1.0,1.0,8.86e-06,0.327,0.89,0.7436
AT1_to_FR1_seed1,AT1,FR1,1,95,-0.8071,0.0276,3.5837,2.8467,-8.4245,1.1594,1.0,1.0,6.16e-06,0.3493,0.89,0.733
AT1_to_FR1_seed1,AT1,FR1,1,96,-0.7946,0.027,3.5861,2.8445,-8.4098,1.1576,1.0,1.0,3.94e-06,0.3355,0.89,0.7399
AT1_to_FR1_seed1,AT1,FR1,1,97,-0.7921,0.0281,3.5791,2.8568,-8.4135,1.1574,1.0,1.0,2.22e-06,0.3516,0.89,0.742
AT1_to_FR1_seed1,AT1,FR1,1,98,-0.7827,0.0287,3.5751,2.8409,-8.3834,1.1559,1.0,1.0,9.87e-07,0.3158,0.9,0.7588
AT1_to_FR1_seed1,AT1,FR1,1,99,-0.8104,0.0275,3.575,2.8324,-8.4008,1.1556,1.0,1.0,2.47e-07,0.3227,0.89,0.7422
AT1_to_FR1_seed1,AT1,FR1,1,100,-0.8455,0.028,3.5736,2.8438,-8.4443,1.1534,1.0,1.0,0.0,0.3242,0.89,0.748
AT1_to_FR1_seed2,AT1,FR1,2,1,4.3095,0.4689,3.5371,4.3555,-4.8925,0.8404,0.997,1.0,0.001,0.2286,0.93,0.5606
AT1_to_FR1_seed2,AT1,FR1,2,2,-0.5576,0.1961,3.0627,3.4069,-7.9647,0.7413,1.0,1.0,0.000999,0.2543,0.92,0.6161
AT1_to_FR1_seed2,AT1,FR1,2,3,0.0732,0.1937,3.2228,4.0036,-8.1811,0.8341,1.0,1.0,0.000998,0.1733,0.95,0.7007
AT1_to_FR1_seed2,AT1,FR1,2,4,0.6767,0.1866,3.8104,3.8361,-8.2276,1.0713,1.0,1.0,0.000996,0.2234,0.93,0.6819
AT1_to_FR1_seed2,AT1,FR1,2,5,0.2846,0.1847,3.4526,3.7119,-8.2046,1.14,1.0,1.0,0.000994,0.2306,0.92,0.6871
AT1_to_FR1_seed2,AT1,FR1,2,6,0.5558,0.1778,3.7001,3.6825,-8.2528,1.2482,1.0,1.0,0.000991,0.221,0.94,0.7081
AT1_to_FR1_seed2,AT1,FR1,2,7,-0.0738,0.156,3.4899,3.372,-8.2907,1.199,1.0,1.0,0.000988,0.1735,0.95,0.7301
AT1_to_FR1_seed2,AT1,FR1,2,8,0.9058,0.1613,3.8092,3.9663,-8.3344,1.3035,1.0,1.0,0.000984,0.2063,0.94,0.6801
AT1_to_FR1_seed2,AT1,FR1,2,9,1.1289,0.1703,4.1925,3.7779,-8.2891,1.2773,1.0,1.0,0.00098,0.4317,0.86,0.5535
AT1_to_FR1_seed2,AT1,FR1,2,10,-0.055,0.1501,3.4105,3.3386,-8.2884,1.3343,1.0,1.0,0.000976,0.1905,0.94,0.7582
AT1_to_FR1_seed2,AT1,FR1,2,11,-0.626,0.1362,3.0947,3.2499,-8.3005,1.1936,1.0,1.0,0.00097,0.1567,0.95,0.7853
AT1_to_FR1_seed2,AT1,FR1,2,12,-0.2749,0.1391,3.2941,3.367,-8.3095,1.2345,1.0,1.0,0.000965,0.1528,0.95,0.7244
AT1_to_FR1_seed2,AT1,FR1,2,13,0.0077,0.1306,3.9078,3.1051,-8.3702,1.2344,1.0,1.0,0.000959,0.2322,0.92,0.713
AT1_to_FR1_seed2,AT1,FR1,2,14,1.0617,0.1537,4.0785,3.9238,-8.3371,1.2428,1.0,1.0,0.000952,0.1809,0.94,0.7368
AT1_to_FR1_seed2,AT1,FR1,2,15,0.8894,0.1578,3.8021,3.939,-8.297,1.2875,1.0,1.0,0.000946,0.2131,0.93,0.7176
AT1_to_FR1_seed2,AT1,FR1,2,16,-0.4013,0.1301,3.3229,3.2712,-8.3378,1.2123,1.0,1.0,0.000938,0.1528,0.95,0.7924
AT1_to_FR1_seed2,AT1,FR1,2,17,0.1714,0.1269,3.6075,3.554,-8.33,1.213,1.0,1.0,0.00093,0.1279,0.96,0.816
AT1_to_FR1_seed2,AT1,FR1,2,18,0.2319,0.1353,3.6017,3.478,-8.2733,1.2902,1.0,1.0,0.000922,0.1291,0.95,0.7914
AT1_to_FR1_seed2,AT1,FR1,2,19,-0.0251,0.1177,3.6726,3.2827,-8.3902,1.292,1.0,1.0,0.000914,0.1485,0.95,0.7751
AT1_to_FR1_seed2,AT1,FR1,2,20,0.1176,0.1143,3.7037,3.3782,-8.3827,1.3041,1.0,1.0,0.000905,0.138,0.95,0.7737
AT1_to_FR1_seed2,AT1,FR1,2,21,-0.2747,0.1042,3.6462,3.0083,-8.3369,1.3036,1.0,1.0,0.000895,0.1236,0.96,0.8465
AT1_to_FR1_seed2,AT1,FR1,2,22,0.4518,0.1133,4.0375,3.339,-8.3387,1.3007,1.0,1.0,0.000885,0.1383,0.95,0.7704
AT1_to_FR1_seed2,AT1,FR1,2,23,0.8693,0.1212,4.0056,3.7481,-8.3176,1.312,1.0,1.0,0.000875,0.1481,0.96,0.8045
AT1_to_FR1_seed2,AT1,FR1,2,24,-0.3168,0.1002,3.6165,3.0437,-8.3744,1.2972,1.0,1.0,0.000864,0.1295,0.96,0.7981
AT1_to_FR1_seed2,AT1,FR1,2,25,-0.1785,0.1017,3.6731,3.0825,-8.3497,1.3141,1.0,1.0,0.000854,0.177,0.95,0.7407
AT1_to_FR1_seed2,AT1,FR1,2,26,-0.5007,0.096,3.5272,2.9213,-8.373,1.3278,1.0,1.0,0.000842,0.1759,0.94,0.7289
AT1_to_FR1_seed2,AT1,FR1,2,27,-0.9264,0.0966,3.3401,2.7837,-8.434,1.2872,1.0,1.0,0.000831,0.1608,0.95,0.752
AT1_to_FR1_seed2,AT1,FR1,2,28,0.2623,0.1047,3.8456,3.3727,-8.3749,1.3142,1.0,1.0,0.000819,0.1482,0.95,0.8055
AT1_to_FR1_seed2,AT1,FR1,2,29,0.2089,0.1002,3.8385,3.3138,-8.3671,1.3234,1.0,1.0,0.000806,0.1597,0.95,0.7789
AT1_to_FR1_seed2,AT1,FR1,2,30,-0.5671,0.0916,3.4821,2.9186,-8.3648,1.3054,1.0,1.0,0.000794,0.1443,0.95,0.7821
AT1_to_FR1_seed2,AT1,FR1,2,31,-0.834,0.088,3.4613,2.7318,-8.378,1.2629,1.0,1.0,0.000781,0.1303,0.96,0.7901
AT1_to_FR1_seed2,AT1,FR1,2,32,0.1917,0.0946,3.897,3.2313,-8.3572,1.3259,1.0,1.0,0.000768,0.1292,0.96,0.8045
AT1_to_FR1_seed2,AT1,FR1,2,33,-0.625,0.0818,3.5573,2.8558,-8.4081,1.2883,1.0,1.0,0.000755,0.1258,0.96,0.8004
AT1_to_FR1_seed2,AT1,FR1,2,34,-0.639,0.091,3.6101,2.7869,-8.4064,1.2794,1.0,1.0,0.000741,0.1159,0.96,0.828
AT1_to_FR1_seed2,AT1,FR1,2,35,-0.2181,0.0847,3.7877,2.9725,-8.3737,1.3108,1.0,1.0,0.000727,0.1156,0.96,0.8303
AT1_to_FR1_seed2,AT1,FR1,2,36,-0.4954,0.0807,3.7017,2.8232,-8.397,1.296,1.0,1.0,0.000713,0.1215,0.96,0.7996
AT1_to_FR1_seed2,AT1,FR1,2,37,-0.3925,0.0819,3.7491,2.8225,-8.3599,1.3139,1.0,1.0,0.000699,0.1429,0.96,0.7955
AT1_to_FR1_seed2,AT1,FR1,2,38,-1.1729,0.0756,3.3818,2.483,-8.4076,1.2943,1.0,1.0,0.000684,0.1037,0.97,0.8456
AT1_to_FR1_seed2,AT1,FR1,2,39,-1.253,0.0718,3.3861,2.414,-8.4103,1.2854,1.0,1.0,0.000669,0.133,0.96,0.793
AT1_to_FR1_seed2,AT1,FR1,2,40,-1.3088,0.0746,3.3025,2.4174,-8.3484,1.2451,1.0,1.0,0.000655,0.1409,0.96,0.7762
AT1_to_FR1_seed2,AT1,FR1,2,41,-1.1194,0.0704,3.4508,2.4247,-8.3548,1.2894,1.0,1.0,0.000639,0.1216,0.96,0.8062
AT1_to_FR1_seed2,AT1,FR1,2,42,-1.4057,0.0669,3.2061,2.4353,-8.3857,1.2716,1.0,1.0,0.000624,0.1288,0.96,0.7978
AT1_to_FR1_seed2,AT1,FR1,2,43,-1.1635,0.0699,3.3447,2.5434,-8.3764,1.2549,1.0,1.0,0.000609,0.1193,0.96,0.8092
AT1_to_FR1_seed2,AT1,FR1,2,44,-1.3612,0.0634,3.1776,2.5383,-8.373,1.2323,1.0,1.0,0.000594,0.1394,0.96,0.8173
AT1_to_FR1_seed2,AT1,FR1,2,45,-1.0146,0.0732,3.384,2.6736,-8.3568,1.2113,1.0,1.0,0.000578,0.1496,0.96,0.7655
AT1_to_FR1_seed2,AT1,FR1,2,46,-0.9011,0.069,3.4949,2.6614,-8.3811,1.2547,1.0,1.0,0.000563,0.1232,0.96,0.835
AT1_to_FR1_seed2,AT1,FR1,2,47,-1.1104,0.0672,3.4537,2.4918,-8.3634,1.2403,1.0,1.0,0.000547,0.1247,0.96,0.8056
AT1_to_FR1_seed2,AT1,FR1,2,48,-0.9726,0.066,3.4398,2.652,-8.3875,1.2571,1.0,1.0,0.000531,0.149,0.96,0.7941
AT1_to_FR1_seed2,AT1,FR1,2,49,-0.6495,0.0624,3.5255,2.8556,-8.3643,1.2712,1.0,1.0,0.000516,0.1389,0.96,0.7642
AT1_to_FR1_seed2,AT1,FR1,2,50,-0.7807,0.0618,3.5507,2.7449,-8.4157,1.2776,1.0,1.0,0.0005,0.1644,0.95,0.7569
AT1_to_FR1_seed2,AT1,FR1,2,51,-1.2047,0.0539,3.3385,2.5206,-8.4005,1.2828,1.0,1.0,0.000484,0.1203,0.96,0.8293
AT1_to_FR1_seed2,AT1,FR1,2,52,-1.3409,0.0575,3.2894,2.453,-8.3937,1.2529,1.0,1.0,0.000469,0.1424,0.96,0.7813
AT1_to_FR1_seed2,AT1,FR1,2,53,-1.6281,0.051,3.2076,2.1899,-8.35,1.2733,1.0,1.0,0.000453,0.1115,0.97,0.8196
AT1_to_FR1_seed2,AT1,FR1,2,54,-1.7009,0.047,3.1135,2.2844,-8.3856,1.2398,1.0,1.0,0.000437,0.1342,0.96,0.8008
AT1_to_FR1_seed2,AT1,FR1,2,55,-1.1589,0.0503,3.3398,2.5761,-8.3577,1.2326,1.0,1.0,0.000422,0.1473,0.96,0.7961
AT1_to_FR1_seed2,AT1,FR1,2,56,-1.4448,0.0452,3.2234,2.4193,-8.3651,1.2324,1.0,1.0,0.000406,0.1246,0.96,0.8063
AT1_to_FR1_seed2,AT1,FR1,2,57,-1.5523,0.0478,3.1917,2.3991,-8.3734,1.1825,1.0,1.0,0.000391,0.1365,0.96,0.8099
AT1_to_FR1_seed2,AT1,FR1,2,58,-1.3208,0.0462,3.2774,2.529,-8.37,1.1967,1.0,1.0,0.000376,0.15,0.96,0.78
AT1_to_FR1_seed2,AT1,FR1,2,59,-1.0731,0.0465,3.3616,2.6157,-8.3191,1.2221,1.0,1.0,0.000361,0.1385,0.96,0.8021
AT1_to_FR1_seed2,AT1,FR1,2,60,-1.1845,0.0446,3.3377,2.6025,-8.3874,1.218,1.0,1.0,0.000345,0.1445,0.96,0.7933
AT1_to_FR1_seed2,AT1,FR1,2,61,-1.3656,0.0424,3.2338,2.517,-8.3964,1.2377,1.0,1.0,0.000331,0.1485,0.96,0.7838
AT1_to_FR1_seed2,AT1,FR1,2,62,-1.6469,0.0411,3.1143,2.3904,-8.4001,1.2073,1.0,1.0,0.000316,0.1461,0.96,0.793
AT1_to_FR1_seed2,AT1,FR1,2,63,-1.7231,0.0378,3.0569,2.418,-8.415,1.1792,1.0,1.0,0.000301,0.1447,0.96,0.7895
AT1_to_FR1_seed2,AT1,FR1,2,64,-1.2946,0.0397,3.3498,2.5557,-8.4029,1.1631,1.0,1.0,0.000287,0.1375,0.96,0.8057
AT1_to_FR1_seed2,AT1,FR1,2,65,-1.2137,0.0399,3.2813,2.66,-8.3798,1.1849,1.0,1.0,0.000273,0.1356,0.96,0.81
AT1_to_FR1_seed2,AT1,FR1,2,66,-1.1278,0.0344,3.3395,2.7239,-8.408,1.1824,1.0,1.0,0.000259,0.1279,0.97,0.8334
AT1_to_FR1_seed2,AT1,FR1,2,67,-1.1499,0.0331,3.3666,2.6251,-8.3974,1.2227,1.0,1.0,0.000245,0.1381,0.96,0.7967
AT1_to_FR1_seed2,AT1,FR1,2,68,-0.8346,0.0353,3.4733,2.8384,-8.4275,1.246,1.0,1.0,0.000232,0.1474,0.96,0.7927
AT1_to_FR1_seed2,AT1,FR1,2,69,-0.8355,0.0355,3.4392,2.8389,-8.3812,1.2321,1.0,1.0,0.000219,0.1384,0.96,0.8
AT1_to_FR1_seed2,AT1,FR1,2,70,-0.9953,0.0311,3.4175,2.7246,-8.4013,1.2329,1.0,1.0,0.000206,0.1468,0.96,0.7922
AT1_to_FR1_seed2,AT1,FR1,2,71,-0.9257,0.0304,3.4528,2.7646,-8.3989,1.2254,1.0,1.0,0.000194,0.149,0.96,0.7789
AT1_to_FR1_seed2,AT1,FR1,2,72,-0.8629,0.031,3.5154,2.824,-8.4467,1.2135,1.0,1.0,0.000181,0.1369,0.96,0.8106
AT1_to_FR1_seed2,AT1,FR1,2,73,-1.001,0.0306,3.4354,2.7802,-8.4378,1.1906,1.0,1.0,0.000169,0.1424,0.96,0.7931
AT1_to_FR1_seed2,AT1,FR1,2,74,-1.1236,0.0269,3.3204,2.7077,-8.3655,1.187,1.0,1.0,0.000158,0.1506,0.96,0.7995
AT1_to_FR1_seed2,AT1,FR1,2,75,-1.243,0.0269,3.2863,2.6728,-8.4013,1.1722,1.0,1.0,0.000146,0.139,0.96,0.8146
AT1_to_FR1_seed2,AT1,FR1,2,76,-1.3289,0.0278,3.276,2.6303,-8.4204,1.1573,1.0,1.0,0.000136,0.15,0.96,0.7928
AT1_to_FR1_seed2,AT1,FR1,2,77,-1.3078,0.026,3.2785,2.6408,-8.3979,1.1448,1.0,1.0,0.000125,0.1459,0.96,0.7968
AT1_to_FR1_seed2,AT1,FR1,2,78,-1.1301,0.0256,3.3409,2.7507,-8.391,1.1437,1.0,1.0,0.000115,0.1579,0.96,0.7938
AT1_to_FR1_seed2,AT1,FR1,2,79,-1.1568,0.0254,3.3574,2.7446,-8.4275,1.1432,1.0,1.0,0.000105,0.1506,0.96,0.7919
AT1_to_FR1_seed2,AT1,FR1,2,80,-1.0586,0.0236,3.366,2.806,-8.3896,1.1354,1.0,1.0,9.55e-05,0.1451,0.96,0.7945
AT1_to_FR1_seed2,AT1,FR1,2,81,-1.1603,0.0223,3.2958,2.8426,-8.4531,1.1321,1.0,1.0,8.65e-05,0.1426,0.96,0.8095
AT1_to_FR1_seed2,AT1,FR1,2,82,-1.1744,0.0235,3.229,2.8355,-8.3964,1.134,1.0,1.0,7.78e-05,0.1469,0.96,0.8074
AT1_to_FR1_seed2,AT1,FR1,2,83,-1.2397,0.0213,3.2029,2.7873,-8.4015,1.1502,1.0,1.0,6.96e-05,0.1553,0.96,0.8122
AT1_to_FR1_seed2,AT1,FR1,2,84,-1.1753,0.0208,3.2558,2.7923,-8.4042,1.16,1.0,1.0,6.18e-05,0.1478,0.96,0.8138
AT1_to_FR1_seed2,AT1,FR1,2,85,-1.1862,0.0197,3.259,2.784,-8.4151,1.1661,1.0,1.0,5.45e-05,0.148,0.96,0.8199
AT1_to_FR1_seed2,AT1,FR1,2,86,-1.1838,0.0193,3.2411,2.7769,-8.3904,1.1693,1.0,1.0,4.76e-05,0.154,0.96,0.8047
AT1_to_FR1_seed2,AT1,FR1,2,87,-1.231,0.0187,3.2056,2.7651,-8.3829,1.1625,1.0,1.0,4.11e-05,0.1533,0.96,0.8147
AT1_to_FR1_seed2,AT1,FR1,2,88,-1.2623,0.0184,3.1995,2.7755,-8.4122,1.1565,1.0,1.0,3.51e-05,0.1617,0.95,0.7967
AT1_to_FR1_seed2,AT1,FR1,2,89,-1.2794,0.0184,3.1883,2.7784,-8.4174,1.1529,1.0,1.0,2.96e-05,0.1469,0.96,0.8047
AT1_to_FR1_seed2,AT1,FR1,2,90,-1.2835,0.0184,3.185,2.7832,-8.4246,1.1545,1.0,1.0,2.45e-05,0.1596,0.96,0.8069
AT1_to_FR1_seed2,AT1,FR1,2,91,-1.2557,0.0174,3.1852,2.784,-8.3972,1.1549,1.0,1.0,1.99e-05,0.1561,0.96,0.8079
AT1_to_FR1_seed2,AT1,FR1,2,92,-1.2216,0.0185,3.1983,2.7819,-8.372,1.1516,1.0,1.0,1.57e-05,0.1529,0.96,0.8035
AT1_to_FR1_seed2,AT1,FR1,2,93,-1.2704,0.0178,3.2034,2.794,-8.4342,1.1486,1.0,1.0,1.2e-05,0.1589,0.96,0.7974
AT1_to_FR1_seed2,AT1,FR1,2,94,-1.1993,0.018,3.2085,2.7986,-8.3687,1.1442,1.0,1.0,8.86e-06,0.154,0.96,0.8046
AT1_to_FR1_seed2,AT1,FR1,2,95,-1.2175,0.018,3.2095,2.7844,-8.3728,1.1434,1.0,1.0,6.16e-06,0.1553,0.96,0.7992
AT1_to_FR1_seed2,AT1,FR1,2,96,-1.2219,0.0177,3.2017,2.7755,-8.3607,1.1439,1.0,1.0,3.94e-06,0.1519,0.96,0.7956
AT1_to_FR1_seed2,AT1,FR1,2,97,-1.2508,0.0174,3.2134,2.7851,-8.4099,1.1432,1.0,1.0,2.22e-06,0.1597,0.96,0.7995
AT1_to_FR1_seed2,AT1,FR1,2,98,-1.2638,0.0174,3.1983,2.7772,-8.4,1.1432,1.0,1.0,9.87e-07,0.1554,0.96,0.8011
AT1_to_FR1_seed2,AT1,FR1,2,99,-1.266,0.0171,3.2101,2.7814,-8.4181,1.1434,1.0,1.0,2.47e-07,0.1558,0.96,0.8018
AT1_to_FR1_seed2,AT1,FR1,2,100,-1.2692,0.0186,3.2077,2.7751,-8.414,1.1435,1.0,1.0,0.0,0.1549,0.96,0.7971
AT1_to_FR2_seed1,AT1,FR2,1,1,3.5665,0.3702,4.0722,4.5241,-6.5068,1.1069,0.998,1.0,0.001,0.1839,0.94,0.669
AT1_to_FR2_seed1,AT1,FR2,1,2,1.2699,0.1869,4.0602,4.1289,-8.2604,1.1544,1.0,1.0,0.000999,0.1748,0.94,0.703
AT1_to_FR2_seed1,AT1,FR2,1,3,0.1379,0.1633,3.5389,3.803,-8.3832,1.0159,1.0,1.0,0.000998,0.1456,0.96,0.7599
AT1_to_FR2_seed1,AT1,FR2,1,4,0.2888,0.1572,3.7295,3.6347,-8.3461,1.1135,1.0,1.0,0.000996,0.1944,0.94,0.6776
AT1_to_FR2_seed1,AT1,FR2,1,5,-0.9803,0.1344,3.1346,3.1467,-8.4102,1.0142,1.0,1.0,0.000994,0.1222,0.96,0.7863
AT1_to_FR2_seed1,AT1,FR2,1,6,-0.8147,0.1322,3.0047,3.3698,-8.3757,1.0543,1.0,1.0,0.000991,0.1984,0.94,0.7562
AT1_to_FR2_seed1,AT1,FR2,1,7,-0.9726,0.1217,2.9989,3.2372,-8.3932,1.0629,1.0,1.0,0.000988,0.1794,0.95,0.7548
AT1_to_FR2_seed1,AT1,FR2,1,8,-0.8219,0.1252,3.0058,3.3716,-8.4301,1.1056,1.0,1.0,0.000984,0.1867,0.94,0.7577
AT1_to_FR2_seed1,AT1,FR2,1,9,-0.2121,0.1219,3.3292,3.5837,-8.4168,1.1699,1.0,1.0,0.00098,0.1179,0.96,0.8172
AT1_to_FR2_seed1,AT1,FR2,1,10,-0.8729,0.109,2.9709,3.2492,-8.3908,1.1888,1.0,1.0,0.000976,0.1624,0.95,0.7704
AT1_to_FR2_seed1,AT1,FR2,1,11,-0.1912,0.1176,3.2277,3.626,-8.3791,1.2166,1.0,1.0,0.00097,0.1492,0.95,0.7884
AT1_to_FR2_seed1,AT1,FR2,1,12,-0.882,0.1073,2.9838,3.2899,-8.4079,1.1449,1.0,1.0,0.000965,0.204,0.94,0.741
AT1_to_FR2_seed1,AT1,FR2,1,13,0.8962,0.121,3.5956,4.3145,-8.4192,1.2843,1.0,1.0,0.000959,0.1309,0.96,0.8066
AT1_to_FR2_seed1,AT1,FR2,1,14,0.7354,0.1116,3.6055,4.17,-8.4306,1.279,1.0,1.0,0.000952,0.1466,0.96,0.8077
AT1_to_FR2_seed1,AT1,FR2,1,15,-0.2715,0.1037,3.2822,3.4866,-8.3971,1.253,1.0,1.0,0.000946,0.1918,0.95,0.7717
AT1_to_FR2_seed1,AT1,FR2,1,16,-0.5984,0.1052,3.0575,3.4081,-8.405,1.2359,1.0,1.0,0.000938,0.1851,0.95,0.7849
AT1_to_FR2_seed1,AT1,FR2,1,17,-1.2445,0.0943,2.6855,3.1349,-8.4398,1.2806,1.0,1.0,0.00093,0.1861,0.95,0.7692
AT1_to_FR2_seed1,AT1,FR2,1,18,-1.2379,0.0925,2.7274,3.1264,-8.3936,1.2093,1.0,1.0,0.000922,0.1713,0.95,0.7648
AT1_to_FR2_seed1,AT1,FR2,1,19,-0.2383,0.1008,3.2078,3.6015,-8.4163,1.2679,1.0,1.0,0.000914,0.1195,0.96,0.8302
AT1_to_FR2_seed1,AT1,FR2,1,20,-1.127,0.0852,2.894,3.0671,-8.4097,1.2364,1.0,1.0,0.000905,0.1623,0.95,0.7988
AT1_to_FR2_seed1,AT1,FR2,1,21,-0.7783,0.0846,3.0957,3.1619,-8.3978,1.2772,1.0,1.0,0.000895,0.1349,0.96,0.8003
AT1_to_FR2_seed1,AT1,FR2,1,22,-0.8708,0.079,3.0451,3.0825,-8.3782,1.3008,1.0,1.0,0.000885,0.1342,0.96,0.8485
AT1_to_FR2_seed1,AT1,FR2,1,23,-0.7066,0.0776,3.198,3.1982,-8.4272,1.2467,1.0,1.0,0.000875,0.1342,0.96,0.8213
AT1_to_FR2_seed1,AT1,FR2,1,24,-0.7007,0.0718,3.1763,3.1812,-8.4111,1.2811,1.0,1.0,0.000864,0.1125,0.97,0.8276
AT1_to_FR2_seed1,AT1,FR2,1,25,-1.0683,0.0678,2.8572,3.1162,-8.4058,1.2963,1.0,1.0,0.000854,0.1229,0.97,0.8573
AT1_to_FR2_seed1,AT1,FR2,1,26,-0.7416,0.069,3.1545,3.1713,-8.4194,1.283,1.0,1.0,0.000842,0.133,0.97,0.8741
AT1_to_FR2_seed1,AT1,FR2,1,27,-0.7383,0.0707,3.129,3.1938,-8.4297,1.298,1.0,1.0,0.000831,0.1198,0.96,0.8349
AT1_to_FR2_seed1,AT1,FR2,1,28,-0.9951,0.0622,2.9641,3.0486,-8.3861,1.3161,1.0,1.0,0.000819,0.1328,0.97,0.8457
AT1_to_FR2_seed1,AT1,FR2,1,29,-0.4317,0.0623,3.1835,3.4027,-8.4107,1.3305,1.0,1.0,0.000806,0.1162,0.97,0.8542
AT1_to_FR2_seed1,AT1,FR2,1,30,-0.7042,0.0551,3.1281,3.2107,-8.4348,1.3367,1.0,1.0,0.000794,0.1146,0.97,0.8558
AT1_to_FR2_seed1,AT1,FR2,1,31,-0.6939,0.0532,3.1694,3.1855,-8.4332,1.3313,1.0,1.0,0.000781,0.1103,0.97,0.8832
AT1_to_FR2_seed1,AT1,FR2,1,32,-0.9618,0.0501,3.106,2.9949,-8.4377,1.3249,1.0,1.0,0.000768,0.1098,0.97,0.8829
AT1_to_FR2_seed1,AT1,FR2,1,33,-0.8659,0.0522,3.0871,3.0636,-8.4009,1.3321,1.0,1.0,0.000755,0.1112,0.97,0.8783
AT1_to_FR2_seed1,AT1,FR2,1,34,-1.1804,0.0482,2.9773,2.9133,-8.4309,1.3116,1.0,1.0,0.000741,0.1369,0.96,0.8609
AT1_to_FR2_seed1,AT1,FR2,1,35,-1.513,0.0481,2.862,2.7071,-8.4197,1.2895,1.0,1.0,0.000727,0.1012,0.97,0.8807
AT1_to_FR2_seed1,AT1,FR2,1,36,-0.8362,0.0486,2.9978,3.2319,-8.4041,1.2896,1.0,1.0,0.000713,0.1083,0.97,0.8697
AT1_to_FR2_seed1,AT1,FR2,1,37,-0.3209,0.0509,3.0595,3.7094,-8.4203,1.2795,1.0,1.0,0.000699,0.1035,0.97,0.8673
AT1_to_FR2_seed1,AT1,FR2,1,38,-0.8296,0.0486,2.8229,3.4604,-8.432,1.2705,1.0,1.0,0.000684,0.1011,0.98,0.9005
AT1_to_FR2_seed1,AT1,FR2,1,39,-1.3049,0.0498,2.8337,2.9847,-8.4373,1.2643,1.0,1.0,0.000669,0.0991,0.97,0.8862
AT1_to_FR2_seed1,AT1,FR2,1,40,-1.0482,0.0495,2.946,3.1094,-8.416,1.2631,1.0,1.0,0.000655,0.1246,0.97,0.8617
AT1_to_FR2_seed1,AT1,FR2,1,41,-1.3177,0.0518,2.7351,3.0951,-8.4018,1.2021,1.0,1.0,0.000639,0.1169,0.97,0.8614
AT1_to_FR2_seed1,AT1,FR2,1,42,-0.8072,0.0525,3.0934,3.2409,-8.454,1.26,1.0,1.0,0.000624,0.155,0.96,0.8405
AT1_to_FR2_seed1,AT1,FR2,1,43,-0.797,0.0482,3.0261,3.2806,-8.3955,1.2437,1.0,1.0,0.000609,0.1076,0.97,0.8705
AT1_to_FR2_seed1,AT1,FR2,1,44,-1.4808,0.0414,2.8569,2.8424,-8.4335,1.2119,1.0,1.0,0.000594,0.1106,0.97,0.8704
AT1_to_FR2_seed1,AT1,FR2,1,45,-1.581,0.0374,2.7992,2.782,-8.4136,1.214,1.0,1.0,0.000578,0.1252,0.97,0.8548
AT1_to_FR2_seed1,AT1,FR2,1,46,-1.7546,0.036,2.6596,2.7359,-8.4232,1.2371,1.0,1.0,0.000563,0.1198,0.97,0.869
AT1_to_FR2_seed1,AT1,FR2,1,47,-1.1777,0.0372,2.9548,3.0086,-8.4255,1.2473,1.0,1.0,0.000547,0.1323,0.96,0.8537
AT1_to_FR2_seed1,AT1,FR2,1,48,-1.2088,0.0353,2.9061,3.0218,-8.4106,1.2386,1.0,1.0,0.000531,0.111,0.97,0.8829
AT1_to_FR2_seed1,AT1,FR2,1,49,-1.0938,0.0357,3.0376,2.9944,-8.4258,1.2643,1.0,1.0,0.000516,0.1487,0.96,0.8404
AT1_to_FR2_seed1,AT1,FR2,1,50,-1.3151,0.0331,2.9185,2.8919,-8.404,1.2454,1.0,1.0,0.0005,0.1133,0.97,0.8781
AT1_to_FR2_seed1,AT1,FR2,1,51,-1.2699,0.0369,2.9012,2.9567,-8.4139,1.2493,1.0,1.0,0.000484,0.1114,0.97,0.8687
AT1_to_FR2_seed1,AT1,FR2,1,52,-1.5178,0.0427,2.7237,2.9457,-8.4415,1.2117,1.0,1.0,0.000469,0.1227,0.97,0.859
AT1_to_FR2_seed1,AT1,FR2,1,53,-1.5775,0.0413,2.7484,2.867,-8.422,1.1878,1.0,1.0,0.000453,0.1079,0.97,0.8843
AT1_to_FR2_seed1,AT1,FR2,1,54,-1.2058,0.0435,2.8586,3.1111,-8.4091,1.1901,1.0,1.0,0.000437,0.114,0.97,0.8726
AT1_to_FR2_seed1,AT1,FR2,1,55,-0.9659,0.041,3.0192,3.173,-8.4092,1.2102,1.0,1.0,0.000422,0.114,0.97,0.8601
AT1_to_FR2_seed1,AT1,FR2,1,56,-1.3352,0.0369,2.8933,2.9595,-8.4281,1.2032,1.0,1.0,0.000406,0.0947,0.98,0.9005
AT1_to_FR2_seed1,AT1,FR2,1,57,-1.6087,0.0319,2.7886,2.797,-8.3988,1.1726,1.0,1.0,0.000391,0.0956,0.97,0.9001
AT1_to_FR2_seed1,AT1,FR2,1,58,-1.1601,0.0338,3.0422,2.9419,-8.4243,1.2462,1.0,1.0,0.000376,0.1076,0.97,0.8861
AT1_to_FR2_seed1,AT1,FR2,1,59,-1.2794,0.0291,2.9797,2.8741,-8.4056,1.2433,1.0,1.0,0.000361,0.1074,0.97,0.8929
AT1_to_FR2_seed1,AT1,FR2,1,60,-1.7195,0.0247,2.8459,2.6449,-8.4237,1.1887,1.0,1.0,0.000345,0.1065,0.97,0.8889
AT1_to_FR2_seed1,AT1,FR2,1,61,-1.7676,0.0243,2.8219,2.646,-8.4245,1.1646,1.0,1.0,0.000331,0.113,0.97,0.8822
AT1_to_FR2_seed1,AT1,FR2,1,62,-1.3863,0.0256,2.9577,2.8622,-8.4214,1.1895,1.0,1.0,0.000316,0.1207,0.97,0.8966
AT1_to_FR2_seed1,AT1,FR2,1,63,-1.4338,0.0238,2.9258,2.8583,-8.4267,1.185,1.0,1.0,0.000301,0.1287,0.97,0.8847
AT1_to_FR2_seed1,AT1,FR2,1,64,-1.8448,0.0284,2.6593,2.7678,-8.4228,1.1226,1.0,1.0,0.000287,0.113,0.97,0.8832
AT1_to_FR2_seed1,AT1,FR2,1,65,-1.6866,0.0254,2.6734,2.85,-8.3992,1.1639,1.0,1.0,0.000273,0.132,0.97,0.8612
AT1_to_FR2_seed1,AT1,FR2,1,66,-1.5979,0.0267,2.7332,2.8761,-8.4082,1.1743,1.0,1.0,0.000259,0.115,0.97,0.88
AT1_to_FR2_seed1,AT1,FR2,1,67,-1.4647,0.0188,2.8111,2.9129,-8.4099,1.2024,1.0,1.0,0.000245,0.1245,0.97,0.868
AT1_to_FR2_seed1,AT1,FR2,1,68,-1.5755,0.0174,2.7641,2.8458,-8.4043,1.2015,1.0,1.0,0.000232,0.1163,0.97,0.8943
AT1_to_FR2_seed1,AT1,FR2,1,69,-1.6921,0.0168,2.73,2.8147,-8.439,1.1853,1.0,1.0,0.000219,0.1187,0.97,0.8907
AT1_to_FR2_seed1,AT1,FR2,1,70,-1.6963,0.0167,2.7795,2.7771,-8.4505,1.181,1.0,1.0,0.000206,0.1281,0.97,0.8791
AT1_to_FR2_seed1,AT1,FR2,1,71,-1.4918,0.0148,2.8588,2.8628,-8.4345,1.2063,1.0,1.0,0.000194,0.1226,0.97,0.8831
AT1_to_FR2_seed1,AT1,FR2,1,72,-1.3912,0.0154,2.8654,2.9558,-8.4159,1.1881,1.0,1.0,0.000181,0.1286,0.97,0.8736
AT1_to_FR2_seed1,AT1,FR2,1,73,-1.355,0.0146,2.8514,3.029,-8.4338,1.1838,1.0,1.0,0.000169,0.1223,0.97,0.8816
AT1_to_FR2_seed1,AT1,FR2,1,74,-1.2967,0.014,2.8638,3.0673,-8.4269,1.185,1.0,1.0,0.000158,0.1375,0.97,0.8566
AT1_to_FR2_seed1,AT1,FR2,1,75,-1.0137,0.0181,2.9281,3.2195,-8.4002,1.2208,1.0,1.0,0.000146,0.135,0.97,0.8703
AT1_to_FR2_seed1,AT1,FR2,1,76,-0.8439,0.0171,2.9667,3.3563,-8.4112,1.2272,1.0,1.0,0.000136,0.1392,0.97,0.8728
AT1_to_FR2_seed1,AT1,FR2,1,77,-0.6661,0.0163,3.0394,3.4277,-8.4036,1.2541,1.0,1.0,0.000125,0.1412,0.97,0.8609
AT1_to_FR2_seed1,AT1,FR2,1,78,-0.366,0.0164,3.0389,3.7377,-8.4559,1.2968,1.0,1.0,0.000115,0.1474,0.97,0.8476
AT1_to_FR2_seed1,AT1,FR2,1,79,-0.2689,0.017,2.9527,3.8661,-8.3913,1.2867,1.0,1.0,0.000105,0.1608,0.97,0.8271
AT1_to_FR2_seed1,AT1,FR2,1,80,-0.0401,0.0175,2.9446,4.1448,-8.4296,1.2826,1.0,1.0,9.55e-05,0.1616,0.97,0.861
AT1_to_FR2_seed1,AT1,FR2,1,81,-0.1333,0.0172,2.9321,4.0727,-8.428,1.2727,1.0,1.0,8.65e-05,0.1488,0.97,0.8463
AT1_to_FR2_seed1,AT1,FR2,1,82,-0.3303,0.0156,2.9542,3.8298,-8.3938,1.2639,1.0,1.0,7.78e-05,0.144,0.97,0.8625
AT1_to_FR2_seed1,AT1,FR2,1,83,-0.4987,0.0137,2.99,3.6384,-8.3943,1.2536,1.0,1.0,6.96e-05,0.1382,0.97,0.8664
AT1_to_FR2_seed1,AT1,FR2,1,84,-0.4132,0.0129,3.0386,3.6992,-8.423,1.259,1.0,1.0,6.18e-05,0.1496,0.97,0.8542
AT1_to_FR2_seed1,AT1,FR2,1,85,-0.4824,0.014,3.1233,3.48,-8.3841,1.2844,1.0,1.0,5.45e-05,0.1467,0.97,0.855
AT1_to_FR2_seed1,AT1,FR2,1,86,-0.7075,0.0129,3.0682,3.3546,-8.433,1.2897,1.0,1.0,4.76e-05,0.1479,0.97,0.8562
AT1_to_FR2_seed1,AT1,FR2,1,87,-0.5196,0.0117,3.1195,3.4776,-8.426,1.2976,1.0,1.0,4.11e-05,0.1458,0.97,0.8603
AT1_to_FR2_seed1,AT1,FR2,1,88,-0.1657,0.0137,3.2251,3.6828,-8.3852,1.298,1.0,1.0,3.51e-05,0.1404,0.97,0.87
AT1_to_FR2_seed1,AT1,FR2,1,89,-0.0253,0.0137,3.2889,3.7819,-8.4152,1.3054,1.0,1.0,2.96e-05,0.1354,0.97,0.8619
AT1_to_FR2_seed1,AT1,FR2,1,90,-0.0011,0.0131,3.2881,3.8005,-8.4104,1.3077,1.0,1.0,2.45e-05,0.1433,0.97,0.8634
AT1_to_FR2_seed1,AT1,FR2,1,91,0.0776,0.0129,3.2972,3.888,-8.425,1.3045,1.0,1.0,1.99e-05,0.1389,0.97,0.8685
AT1_to_FR2_seed1,AT1,FR2,1,92,0.2102,0.0134,3.3005,3.9984,-8.4044,1.3023,1.0,1.0,1.57e-05,0.1457,0.97,0.8579
AT1_to_FR2_seed1,AT1,FR2,1,93,0.2766,0.0142,3.3041,4.1016,-8.4506,1.3073,1.0,1.0,1.2e-05,0.1486,0.97,0.8466
AT1_to_FR2_seed1,AT1,FR2,1,94,0.2686,0.0132,3.2917,4.0559,-8.3952,1.303,1.0,1.0,8.86e-06,0.1369,0.97,0.8533
AT1_to_FR2_seed1,AT1,FR2,1,95,0.2323,0.0134,3.2938,4.055,-8.4327,1.3028,1.0,1.0,6.16e-06,0.1375,0.97,0.8623
AT1_to_FR2_seed1,AT1,FR2,1,96,0.2199,0.0134,3.2893,4.0308,-8.4163,1.3027,1.0,1.0,3.94e-06,0.1425,0.97,0.855
AT1_to_FR2_seed1,AT1,FR2,1,97,0.2309,0.0137,3.2966,4.0283,-8.4112,1.3034,1.0,1.0,2.22e-06,0.1363,0.97,0.8605
AT1_to_FR2_seed1,AT1,FR2,1,98,0.2428,0.0131,3.2881,4.0424,-8.4033,1.3026,1.0,1.0,9.87e-07,0.14,0.97,0.8492
AT1_to_FR2_seed1,AT1,FR2,1,99,0.2193,0.0135,3.2878,4.0248,-8.4091,1.3024,1.0,1.0,2.47e-07,0.1412,0.97,0.8544
AT1_to_FR2_seed1,AT1,FR2,1,100,0.2088,0.0127,3.2811,4.0272,-8.4134,1.3012,1.0,1.0,0.0,0.1419,0.97,0.8596
AT1_to_FR2_seed2,AT1,FR2,2,1,4.3103,0.3552,4.499,4.6204,-6.1638,0.9994,0.998,1.0,0.001,0.328,0.92,0.6
AT1_to_FR2_seed2,AT1,FR2,2,2,1.3672,0.1772,4.2684,3.921,-8.1328,1.1335,1.0,1.0,0.000999,0.3055,0.92,0.6186
AT1_to_FR2_seed2,AT1,FR2,2,3,0.6885,0.1601,3.8228,3.9666,-8.2517,0.9908,1.0,1.0,0.000998,0.1616,0.95,0.7711
AT1_to_FR2_seed2,AT1,FR2,2,4,0.4959,0.1438,3.8504,3.6654,-8.262,1.0983,1.0,1.0,0.000996,0.2122,0.94,0.7172
AT1_to_FR2_seed2,AT1,FR2,2,5,0.4226,0.1312,3.7996,3.7097,-8.3634,1.1455,1.0,1.0,0.000994,0.2404,0.94,0.6907
AT1_to_FR2_seed2,AT1,FR2,2,6,0.9901,0.1353,3.9741,4.0396,-8.3188,1.1598,1.0,1.0,0.000991,0.1777,0.95,0.7814
AT1_to_FR2_seed2,AT1,FR2,2,7,1.4726,0.1385,4.1625,4.2779,-8.2751,1.1687,1.0,1.0,0.000988,0.2138,0.94,0.7533
AT1_to_FR2_seed2,AT1,FR2,2,8,0.8958,0.1248,3.9031,4.0101,-8.3268,1.1846,1.0,1.0,0.000984,0.1394,0.96,0.815
AT1_to_FR2_seed2,AT1,FR2,2,9,0.7518,0.1218,3.9296,3.881,-8.3439,1.1632,1.0,1.0,0.00098,0.1664,0.95,0.7816
AT1_to_FR2_seed2,AT1,FR2,2,10,0.766,0.1114,3.9167,3.8613,-8.3629,1.2394,1.0,1.0,0.000976,0.1649,0.94,0.7307
AT1_to_FR2_seed2,AT1,FR2,2,11,1.089,0.1073,4.0325,4.0666,-8.3742,1.2569,1.0,1.0,0.00097,0.1614,0.94,0.778
AT1_to_FR2_seed2,AT1,FR2,2,12,0.5516,0.0901,3.7854,3.7597,-8.3616,1.278,1.0,1.0,0.000965,0.1122,0.96,0.8518
AT1_to_FR2_seed2,AT1,FR2,2,13,0.7779,0.0896,4.0089,3.7699,-8.377,1.2865,1.0,1.0,0.000959,0.1009,0.97,0.8622
AT1_to_FR2_seed2,AT1,FR2,2,14,0.8414,0.0875,4.0428,3.7741,-8.3755,1.3125,1.0,1.0,0.000952,0.1267,0.96,0.8271
AT1_to_FR2_seed2,AT1,FR2,2,15,0.656,0.0829,3.8998,3.7791,-8.4178,1.312,1.0,1.0,0.000946,0.0965,0.97,0.8527
AT1_to_FR2_seed2,AT1,FR2,2,16,0.821,0.0763,3.9355,3.8749,-8.3808,1.3151,1.0,1.0,0.000938,0.1429,0.96,0.8302
AT1_to_FR2_seed2,AT1,FR2,2,17,0.6077,0.0804,4.0054,3.6049,-8.3844,1.3015,1.0,1.0,0.00093,0.0968,0.97,0.8823
AT1_to_FR2_seed2,AT1,FR2,2,18,0.3677,0.0744,3.7204,3.6811,-8.4205,1.3123,1.0,1.0,0.000922,0.0882,0.97,0.8623
AT1_to_FR2_seed2,AT1,FR2,2,19,-0.164,0.0685,3.3673,3.52,-8.4088,1.2891,1.0,1.0,0.000914,0.1092,0.96,0.8537
AT1_to_FR2_seed2,AT1,FR2,2,20,0.0513,0.0745,3.6325,3.4221,-8.3821,1.3042,1.0,1.0,0.000905,0.0967,0.97,0.8703
AT1_to_FR2_seed2,AT1,FR2,2,21,0.0628,0.079,3.5675,3.5275,-8.3993,1.2881,1.0,1.0,0.000895,0.1379,0.96,0.8739
AT1_to_FR2_seed2,AT1,FR2,2,22,0.6396,0.0769,3.727,3.8906,-8.3935,1.3387,1.0,1.0,0.000885,0.1021,0.97,0.8766
AT1_to_FR2_seed2,AT1,FR2,2,23,-0.1235,0.0677,3.501,3.4033,-8.4195,1.3241,1.0,1.0,0.000875,0.0972,0.97,0.8641
AT1_to_FR2_seed2,AT1,FR2,2,24,-0.5354,0.0573,3.4183,3.0607,-8.3839,1.3121,1.0,1.0,0.000864,0.1063,0.97,0.8672
AT1_to_FR2_seed2,AT1,FR2,2,25,-0.0266,0.0663,3.6969,3.318,-8.399,1.291,1.0,1.0,0.000854,0.1426,0.96,0.8201
AT1_to_FR2_seed2,AT1,FR2,2,26,-0.3451,0.0679,3.3965,3.2919,-8.393,1.2915,1.0,1.0,0.000842,0.0898,0.97,0.8723
AT1_to_FR2_seed2,AT1,FR2,2,27,-0.6197,0.0586,3.2318,3.2047,-8.4198,1.305,1.0,1.0,0.000831,0.1033,0.97,0.8901
AT1_to_FR2_seed2,AT1,FR2,2,28,-0.6363,0.0552,3.2284,3.209,-8.4136,1.2846,1.0,1.0,0.000819,0.091,0.98,0.8983
AT1_to_FR2_seed2,AT1,FR2,2,29,-0.5242,0.0528,3.1678,3.4017,-8.4096,1.2631,1.0,1.0,0.000806,0.1027,0.97,0.8804
AT1_to_FR2_seed2,AT1,FR2,2,30,-0.6085,0.053,3.1583,3.3291,-8.4393,1.2903,1.0,1.0,0.000794,0.0918,0.97,0.9001
AT1_to_FR2_seed2,AT1,FR2,2,31,-0.8779,0.0513,3.1894,3.0134,-8.3968,1.2648,1.0,1.0,0.000781,0.1011,0.97,0.8802
AT1_to_FR2_seed2,AT1,FR2,2,32,-0.4823,0.0563,3.2964,3.3164,-8.4255,1.2741,1.0,1.0,0.000768,0.1079,0.97,0.8727
AT1_to_FR2_seed2,AT1,FR2,2,33,-0.4867,0.054,3.2451,3.35,-8.4089,1.2732,1.0,1.0,0.000755,0.1223,0.97,0.8474
AT1_to_FR2_seed2,AT1,FR2,2,34,-0.6561,0.0445,3.1564,3.2777,-8.412,1.2773,1.0,1.0,0.000741,0.1045,0.97,0.8792
AT1_to_FR2_seed2,AT1,FR2,2,35,-0.4368,0.0471,3.2254,3.3872,-8.3878,1.2913,1.0,1.0,0.000727,0.1077,0.97,0.8689
AT1_to_FR2_seed2,AT1,FR2,2,36,-0.4458,0.0454,3.1934,3.4143,-8.38,1.2811,1.0,1.0,0.000713,0.111,0.97,0.8704
AT1_to_FR2_seed2,AT1,FR2,2,37,-0.5686,0.0422,3.0606,3.4053,-8.376,1.2992,1.0,1.0,0.000699,0.1081,0.97,0.8802
AT1_to_FR2_seed2,AT1,FR2,2,38,-0.7125,0.0384,2.9949,3.3708,-8.4164,1.2998,1.0,1.0,0.000684,0.108,0.97,0.8762
AT1_to_FR2_seed2,AT1,FR2,2,39,-0.4889,0.0433,3.1678,3.4045,-8.3973,1.2928,1.0,1.0,0.000669,0.0944,0.97,0.8816
AT1_to_FR2_seed2,AT1,FR2,2,40,-0.5521,0.0469,3.2171,3.3149,-8.4233,1.2923,1.0,1.0,0.000655,0.0867,0.98,0.9059
AT1_to_FR2_seed2,AT1,FR2,2,41,-0.9335,0.037,3.0752,3.0798,-8.3961,1.2706,1.0,1.0,0.000639,0.1064,0.97,0.8927
AT1_to_FR2_seed2,AT1,FR2,2,42,-0.8192,0.0338,3.084,3.2055,-8.3955,1.253,1.0,1.0,0.000624,0.1015,0.98,0.8982
AT1_to_FR2_seed2,AT1,FR2,2,43,-0.7803,0.0374,3.089,3.1787,-8.3759,1.2904,1.0,1.0,0.000609,0.109,0.97,0.8863
AT1_to_FR2_seed2,AT1,FR2,2,44,-1.3192,0.0329,2.9472,2.8861,-8.3949,1.2096,1.0,1.0,0.000594,0.1137,0.97,0.8711
AT1_to_FR2_seed2,AT1,FR2,2,45,-0.9947,0.0352,2.908,3.1942,-8.3811,1.249,1.0,1.0,0.000578,0.1229,0.97,0.8717
AT1_to_FR2_seed2,AT1,FR2,2,46,-0.9928,0.039,2.9281,3.2086,-8.3893,1.2207,1.0,1.0,0.000563,0.1017,0.97,0.8996
AT1_to_FR2_seed2,AT1,FR2,2,47,-1.2131,0.0396,2.9759,2.9436,-8.406,1.2338,1.0,1.0,0.000547,0.0984,0.97,0.889
AT1_to_FR2_seed2,AT1,FR2,2,48,-1.5593,0.0335,2.8779,2.7359,-8.4196,1.2132,1.0,1.0,0.000531,0.0888,0.98,0.8958
AT1_to_FR2_seed2,AT1,FR2,2,49,-1.03,0.0325,3.1095,2.9828,-8.3968,1.2419,1.0,1.0,0.000516,0.1057,0.97,0.8716
AT1_to_FR2_seed2,AT1,FR2,2,50,-0.4035,0.0335,3.2539,3.4351,-8.4144,1.2885,1.0,1.0,0.0005,0.1212,0.97,0.8707
AT1_to_FR2_seed2,AT1,FR2,2,51,-0.9111,0.0312,3.1055,3.0552,-8.3845,1.2816,1.0,1.0,0.000484,0.0931,0.98,0.8899
AT1_to_FR2_seed2,AT1,FR2,2,52,-1.2307,0.0309,3.0282,2.8393,-8.3929,1.2638,1.0,1.0,0.000469,0.1109,0.97,0.8887
AT1_to_FR2_seed2,AT1,FR2,2,53,-0.621,0.0291,3.1398,3.2869,-8.3852,1.3085,1.0,1.0,0.000453,0.1013,0.98,0.9016
AT1_to_FR2_seed2,AT1,FR2,2,54,-0.4008,0.0283,3.1739,3.5145,-8.3957,1.2783,1.0,1.0,0.000437,0.1115,0.97,0.8839
AT1_to_FR2_seed2,AT1,FR2,2,55,-0.6018,0.0262,3.2271,3.2819,-8.4219,1.2849,1.0,1.0,0.000422,0.1092,0.97,0.8883
AT1_to_FR2_seed2,AT1,FR2,2,56,-0.8338,0.0238,3.104,3.1919,-8.4196,1.2661,1.0,1.0,0.000406,0.1056,0.98,0.9027
AT1_to_FR2_seed2,AT1,FR2,2,57,-0.2416,0.0267,3.5236,3.3464,-8.4219,1.2837,1.0,1.0,0.000391,0.1049,0.97,0.9052
AT1_to_FR2_seed2,AT1,FR2,2,58,-0.6166,0.023,3.2513,3.2625,-8.3914,1.238,1.0,1.0,0.000376,0.1003,0.98,0.904
AT1_to_FR2_seed2,AT1,FR2,2,59,-0.9691,0.0228,3.0799,3.131,-8.406,1.2032,1.0,1.0,0.000361,0.096,0.97,0.895
AT1_to_FR2_seed2,AT1,FR2,2,60,-0.7468,0.0262,3.227,3.1174,-8.3932,1.2759,1.0,1.0,0.000345,0.1035,0.97,0.8957
AT1_to_FR2_seed2,AT1,FR2,2,61,-0.6896,0.0216,3.1659,3.2487,-8.4002,1.2744,1.0,1.0,0.000331,0.1042,0.97,0.8961
AT1_to_FR2_seed2,AT1,FR2,2,62,-0.8527,0.0205,3.1452,3.1241,-8.3851,1.2425,1.0,1.0,0.000316,0.1153,0.97,0.8802
AT1_to_FR2_seed2,AT1,FR2,2,63,-0.1762,0.0212,3.418,3.5116,-8.4147,1.2878,1.0,1.0,0.000301,0.1036,0.98,0.8951
AT1_to_FR2_seed2,AT1,FR2,2,64,-0.2969,0.02,3.3232,3.4532,-8.4123,1.3189,1.0,1.0,0.000287,0.1085,0.98,0.9063
AT1_to_FR2_seed2,AT1,FR2,2,65,-0.378,0.0216,3.2081,3.5078,-8.4062,1.2906,1.0,1.0,0.000273,0.1187,0.97,0.9007
AT1_to_FR2_seed2,AT1,FR2,2,66,0.0687,0.0214,3.3193,3.8592,-8.4244,1.2932,1.0,1.0,0.000259,0.1358,0.97,0.884
AT1_to_FR2_seed2,AT1,FR2,2,67,0.2509,0.02,3.3039,3.9949,-8.4007,1.3328,1.0,1.0,0.000245,0.1213,0.97,0.8924
AT1_to_FR2_seed2,AT1,FR2,2,68,-0.4441,0.0172,3.1992,3.4726,-8.4293,1.2962,1.0,1.0,0.000232,0.1346,0.97,0.8933
AT1_to_FR2_seed2,AT1,FR2,2,69,-0.2513,0.0159,3.232,3.6043,-8.4238,1.3203,1.0,1.0,0.000219,0.1315,0.97,0.8918
AT1_to_FR2_seed2,AT1,FR2,2,70,-0.1378,0.0139,3.3109,3.6437,-8.4178,1.3115,1.0,1.0,0.000206,0.1121,0.98,0.9124
AT1_to_FR2_seed2,AT1,FR2,2,71,-0.2566,0.0128,3.2908,3.5306,-8.4178,1.327,1.0,1.0,0.000194,0.125,0.97,0.9032
AT1_to_FR2_seed2,AT1,FR2,2,72,-0.1369,0.0114,3.3334,3.6072,-8.4018,1.3129,1.0,1.0,0.000181,0.1143,0.98,0.9137
AT1_to_FR2_seed2,AT1,FR2,2,73,-0.0933,0.014,3.3428,3.6541,-8.4259,1.3218,1.0,1.0,0.000169,0.1229,0.97,0.9048
AT1_to_FR2_seed2,AT1,FR2,2,74,-0.4754,0.012,3.2949,3.3104,-8.4055,1.3128,1.0,1.0,0.000158,0.122,0.97,0.9031
AT1_to_FR2_seed2,AT1,FR2,2,75,0.0671,0.0144,3.4997,3.5842,-8.3654,1.3342,1.0,1.0,0.000146,0.1224,0.98,0.893
AT1_to_FR2_seed2,AT1,FR2,2,76,0.2801,0.0147,3.6738,3.671,-8.4031,1.3238,1.0,1.0,0.000136,0.1201,0.97,0.9031
AT1_to_FR2_seed2,AT1,FR2,2,77,0.1931,0.0134,3.6153,3.6706,-8.4146,1.3085,1.0,1.0,0.000125,0.1304,0.98,0.9076
AT1_to_FR2_seed2,AT1,FR2,2,78,0.0569,0.0121,3.5709,3.6162,-8.4352,1.2928,1.0,1.0,0.000115,0.1232,0.98,0.9056
AT1_to_FR2_seed2,AT1,FR2,2,79,0.339,0.0123,3.6717,3.7444,-8.4037,1.3142,1.0,1.0,0.000105,0.1218,0.98,0.9113
AT1_to_FR2_seed2,AT1,FR2,2,80,0.5331,0.0112,3.7249,3.867,-8.3897,1.3197,1.0,1.0,9.55e-05,0.13,0.98,0.9017
AT1_to_FR2_seed2,AT1,FR2,2,81,0.6697,0.0114,3.7511,3.9754,-8.3928,1.3246,1.0,1.0,8.65e-05,0.1311,0.98,0.9096
AT1_to_FR2_seed2,AT1,FR2,2,82,0.3312,0.0114,3.6188,3.7986,-8.3924,1.2949,1.0,1.0,7.78e-05,0.1334,0.98,0.9022
AT1_to_FR2_seed2,AT1,FR2,2,83,0.1065,0.0104,3.5278,3.6941,-8.4085,1.2827,1.0,1.0,6.96e-05,0.1221,0.98,0.9127
AT1_to_FR2_seed2,AT1,FR2,2,84,0.0796,0.0093,3.5387,3.6669,-8.4113,1.276,1.0,1.0,6.18e-05,0.1266,0.98,0.916
AT1_to_FR2_seed2,AT1,FR2,2,85,0.2273,0.0095,3.6086,3.7301,-8.4089,1.288,1.0,1.0,5.45e-05,0.1293,0.98,0.9077
AT1_to_FR2_seed2,AT1,FR2,2,86,0.3365,0.0104,3.6415,3.7934,-8.4083,1.2996,1.0,1.0,4.76e-05,0.1286,0.98,0.9013
AT1_to_FR2_seed2,AT1,FR2,2,87,0.4194,0.0117,3.6521,3.8473,-8.4044,1.3128,1.0,1.0,4.11e-05,0.1286,0.98,0.9072
AT1_to_FR2_seed2,AT1,FR2,2,88,0.4376,0.0109,3.6911,3.8351,-8.4195,1.3201,1.0,1.0,3.51e-05,0.1227,0.98,0.9144
AT1_to_FR2_seed2,AT1,FR2,2,89,0.3381,0.0107,3.66,3.7769,-8.4253,1.3159,1.0,1.0,2.96e-05,0.1257,0.98,0.9176
AT1_to_FR2_seed2,AT1,FR2,2,90,0.1933,0.0106,3.5943,3.6957,-8.4056,1.2984,1.0,1.0,2.45e-05,0.1242,0.98,0.9176
AT1_to_FR2_seed2,AT1,FR2,2,91,0.1034,0.0094,3.5484,3.6469,-8.388,1.2866,1.0,1.0,1.99e-05,0.1263,0.98,0.9037
AT1_to_FR2_seed2,AT1,FR2,2,92,0.048,0.009,3.5498,3.6002,-8.3897,1.2787,1.0,1.0,1.57e-05,0.1252,0.98,0.9149
AT1_to_FR2_seed2,AT1,FR2,2,93,0.0612,0.0085,3.5874,3.6164,-8.4265,1.2755,1.0,1.0,1.2e-05,0.1202,0.98,0.9061
AT1_to_FR2_seed2,AT1,FR2,2,94,0.1447,0.0092,3.6337,3.6529,-8.4285,1.2772,1.0,1.0,8.86e-06,0.1278,0.98,0.9004
AT1_to_FR2_seed2,AT1,FR2,2,95,0.2385,0.0105,3.6798,3.676,-8.4067,1.2789,1.0,1.0,6.16e-06,0.1239,0.98,0.8991
AT1_to_FR2_seed2,AT1,FR2,2,96,0.2295,0.01,3.6756,3.6921,-8.4269,1.2786,1.0,1.0,3.94e-06,0.1268,0.98,0.8984
AT1_to_FR2_seed2,AT1,FR2,2,97,0.2929,0.0104,3.6869,3.7019,-8.3836,1.2773,1.0,1.0,2.22e-06,0.1243,0.98,0.9024
AT1_to_FR2_seed2,AT1,FR2,2,98,0.2913,0.0115,3.6871,3.717,-8.4013,1.2769,1.0,1.0,9.87e-07,0.1252,0.98,0.8987
AT1_to_FR2_seed2,AT1,FR2,2,99,0.2939,0.0111,3.6824,3.7327,-8.4086,1.2762,1.0,1.0,2.47e-07,0.1244,0.98,0.8985
AT1_to_FR2_seed2,AT1,FR2,2,100,0.3073,0.0108,3.6833,3.7361,-8.4,1.277,1.0,1.0,0.0,0.1254,0.98,0.8943
AT1_to_FR2_seed3,AT1,FR2,3,1,4.2175,0.3488,4.5136,4.9779,-6.4065,0.7837,0.998,1.0,0.001,0.1944,0.93,0.659
AT1_to_FR2_seed3,AT1,FR2,3,2,2.0262,0.1842,4.4822,4.4512,-8.2804,1.1889,1.0,1.0,0.000999,0.1833,0.94,0.6812
AT1_to_FR2_seed3,AT1,FR2,3,3,1.6972,0.1649,4.3021,4.3205,-8.3279,1.2377,1.0,1.0,0.000998,0.225,0.93,0.6942
AT1_to_FR2_seed3,AT1,FR2,3,4,1.7375,0.1604,4.3577,4.3661,-8.3923,1.2455,1.0,1.0,0.000996,0.1622,0.95,0.733
AT1_to_FR2_seed3,AT1,FR2,3,5,0.8032,0.1397,3.8817,3.9069,-8.3603,1.2352,1.0,1.0,0.000994,0.1525,0.95,0.7606
AT1_to_FR2_seed3,AT1,FR2,3,6,1.2491,0.1387,4.183,4.0601,-8.38,1.2473,1.0,1.0,0.000991,0.2127,0.94,0.7163
AT1_to_FR2_seed3,AT1,FR2,3,7,0.9297,0.1369,3.9233,3.9908,-8.3901,1.2689,1.0,1.0,0.000988,0.177,0.95,0.7614
AT1_to_FR2_seed3,AT1,FR2,3,8,1.4346,0.1398,4.112,4.3093,-8.3856,1.259,1.0,1.0,0.000984,0.1356,0.96,0.7928
AT1_to_FR2_seed3,AT1,FR2,3,9,0.2587,0.1149,3.3095,3.9026,-8.3866,1.3184,1.0,1.0,0.00098,0.1315,0.96,0.8053
AT1_to_FR2_seed3,AT1,FR2,3,10,-0.0984,0.1039,3.2771,3.5964,-8.3942,1.3184,1.0,1.0,0.000976,0.1662,0.95,0.7864
AT1_to_FR2_seed3,AT1,FR2,3,11,0.2131,0.1054,3.4395,3.7649,-8.3975,1.3008,1.0,1.0,0.00097,0.1575,0.96,0.8127
AT1_to_FR2_seed3,AT1,FR2,3,12,0.4651,0.1169,3.5032,3.9208,-8.4165,1.3407,1.0,1.0,0.000965,0.1644,0.95,0.8118
AT1_to_FR2_seed3,AT1,FR2,3,13,-0.5212,0.0963,2.9423,3.6014,-8.4237,1.2625,1.0,1.0,0.000959,0.1839,0.94,0.7924
AT1_to_FR2_seed3,AT1,FR2,3,14,-0.1303,0.0969,3.271,3.5792,-8.3943,1.3169,1.0,1.0,0.000952,0.1149,0.96,0.8462
AT1_to_FR2_seed3,AT1,FR2,3,15,-0.0518,0.1033,3.5202,3.4561,-8.4375,1.306,1.0,1.0,0.000946,0.124,0.96,0.8598
AT1_to_FR2_seed3,AT1,FR2,3,16,-0.576,0.0883,2.9231,3.5332,-8.435,1.3145,1.0,1.0,0.000938,0.1072,0.97,0.8584
AT1_to_FR2_seed3,AT1,FR2,3,17,-0.9903,0.078,2.7054,3.3447,-8.4115,1.293,1.0,1.0,0.00093,0.1174,0.97,0.8678
AT1_to_FR2_seed3,AT1,FR2,3,18,-0.2912,0.0865,3.2843,3.4638,-8.4176,1.2918,1.0,1.0,0.000922,0.1192,0.96,0.8427
AT1_to_FR2_seed3,AT1,FR2,3,19,-0.3185,0.0909,3.3499,3.3294,-8.3983,1.3095,1.0,1.0,0.000914,0.1189,0.96,0.8188
AT1_to_FR2_seed3,AT1,FR2,3,20,-0.3445,0.0889,3.2089,3.4414,-8.4013,1.3176,1.0,1.0,0.000905,0.1151,0.97,0.8554
AT1_to_FR2_seed3,AT1,FR2,3,21,-0.2712,0.0894,3.4127,3.3571,-8.4209,1.2905,1.0,1.0,0.000895,0.1258,0.96,0.8628
AT1_to_FR2_seed3,AT1,FR2,3,22,-0.3127,0.0874,3.4837,3.2318,-8.4293,1.3136,1.0,1.0,0.000885,0.1419,0.96,0.8452
AT1_to_FR2_seed3,AT1,FR2,3,23,0.4056,0.0879,3.7608,3.6277,-8.404,1.3332,1.0,1.0,0.000875,0.1687,0.95,0.8299
AT1_to_FR2_seed3,AT1,FR2,3,24,0.2911,0.0825,3.5855,3.7375,-8.4192,1.3049,1.0,1.0,0.000864,0.1184,0.97,0.8602
AT1_to_FR2_seed3,AT1,FR2,3,25,0.024,0.0772,3.5265,3.4705,-8.3732,1.323,1.0,1.0,0.000854,0.1287,0.96,0.8269
AT1_to_FR2_seed3,AT1,FR2,3,26,-0.1349,0.0754,3.5435,3.3586,-8.4315,1.3191,1.0,1.0,0.000842,0.115,0.97,0.8696
AT1_to_FR2_seed3,AT1,FR2,3,27,-0.0779,0.0705,3.4967,3.4452,-8.3957,1.3053,1.0,1.0,0.000831,0.1178,0.97,0.8594
AT1_to_FR2_seed3,AT1,FR2,3,28,-0.2422,0.0662,3.4216,3.3782,-8.4263,1.318,1.0,1.0,0.000819,0.117,0.97,0.8811
AT1_to_FR2_seed3,AT1,FR2,3,29,-0.5784,0.0583,3.3788,3.0722,-8.4134,1.3257,1.0,1.0,0.000806,0.1168,0.97,0.8788
AT1_to_FR2_seed3,AT1,FR2,3,30,-0.8768,0.0558,3.1561,2.9975,-8.4161,1.33,1.0,1.0,0.000794,0.1274,0.97,0.8705
AT1_to_FR2_seed3,AT1,FR2,3,31,-0.8407,0.0542,3.2456,2.9405,-8.4154,1.3344,1.0,1.0,0.000781,0.1136,0.97,0.8839
AT1_to_FR2_seed3,AT1,FR2,3,32,-0.9262,0.0546,3.2357,2.8792,-8.4295,1.3338,1.0,1.0,0.000768,0.1147,0.97,0.8867
AT1_to_FR2_seed3,AT1,FR2,3,33,-1.0503,0.046,3.1237,2.8829,-8.4341,1.3312,1.0,1.0,0.000755,0.116,0.97,0.889
AT1_to_FR2_seed3,AT1,FR2,3,34,-1.0593,0.0462,3.1476,2.8453,-8.4244,1.326,1.0,1.0,0.000741,0.1202,0.97,0.869
AT1_to_FR2_seed3,AT1,FR2,3,35,-0.8989,0.0461,3.0979,3.0347,-8.4043,1.3265,1.0,1.0,0.000727,0.1239,0.97,0.8839
AT1_to_FR2_seed3,AT1,FR2,3,36,-0.7561,0.0437,3.198,3.0719,-8.398,1.3283,1.0,1.0,0.000713,0.1235,0.97,0.886
AT1_to_FR2_seed3,AT1,FR2,3,37,-1.0727,0.0431,3.1997,2.7903,-8.4193,1.3135,1.0,1.0,0.000699,0.1174,0.97,0.8774
AT1_to_FR2_seed3,AT1,FR2,3,38,-1.3298,0.0395,3.0219,2.6685,-8.391,1.3313,1.0,1.0,0.000684,0.1244,0.97,0.8892
AT1_to_FR2_seed3,AT1,FR2,3,39,-1.4284,0.0378,2.9472,2.6497,-8.3887,1.3256,1.0,1.0,0.000669,0.135,0.97,0.8698
AT1_to_FR2_seed3,AT1,FR2,3,40,-1.5618,0.0365,2.8109,2.6719,-8.403,1.3218,1.0,1.0,0.000655,0.1578,0.96,0.8473
AT1_to_FR2_seed3,AT1,FR2,3,41,-1.7694,0.0328,2.7413,2.5939,-8.4403,1.3029,1.0,1.0,0.000639,0.1268,0.97,0.886
AT1_to_FR2_seed3,AT1,FR2,3,42,-1.4724,0.0339,2.7897,2.8027,-8.4304,1.3316,1.0,1.0,0.000624,0.1152,0.98,0.9118
AT1_to_FR2_seed3,AT1,FR2,3,43,-1.6047,0.0303,2.7431,2.7412,-8.4339,1.3146,1.0,1.0,0.000609,0.1312,0.97,0.8891
AT1_to_FR2_seed3,AT1,FR2,3,44,-1.8737,0.031,2.7216,2.4868,-8.4058,1.2928,1.0,1.0,0.000594,0.1348,0.97,0.8786
AT1_to_FR2_seed3,AT1,FR2,3,45,-2.2611,0.0296,2.5126,2.3542,-8.4268,1.2694,1.0,1.0,0.000578,0.1499,0.97,0.8815
AT1_to_FR2_seed3,AT1,FR2,3,46,-1.7476,0.0331,2.7911,2.5706,-8.4142,1.2719,1.0,1.0,0.000563,0.1321,0.97,0.8868
DK1_to_AT1_seed1,DK1,AT1,1,1,11.5993,0.8124,4.8901,8.1948,-3.2253,0.9273,0.997,1.0,0.001,0.7563,0.79,0.4613
DK1_to_AT1_seed1,DK1,AT1,1,2,6.0464,0.484,4.5504,6.9682,-7.3708,1.4146,1.0,1.0,0.000999,0.9914,0.72,0.3743
DK1_to_AT1_seed1,DK1,AT1,1,3,4.2402,0.4489,4.0402,6.7226,-8.0893,1.1176,1.0,1.0,0.000998,0.5898,0.84,0.5255
DK1_to_AT1_seed1,DK1,AT1,1,4,3.4779,0.4071,3.8219,6.4272,-8.3407,1.1624,1.0,1.0,0.000996,0.5957,0.83,0.5384
DK1_to_AT1_seed1,DK1,AT1,1,5,4.3712,0.4287,4.083,7.1245,-8.3474,1.0824,1.0,1.0,0.000994,0.6064,0.83,0.5433
DK1_to_AT1_seed1,DK1,AT1,1,6,4.2576,0.3809,4.0521,7.0928,-8.5029,1.2347,1.0,1.0,0.000991,0.7672,0.76,0.491
DK1_to_AT1_seed1,DK1,AT1,1,7,3.8244,0.3833,3.9168,6.7534,-8.5524,1.3233,1.0,1.0,0.000988,0.6969,0.8,0.5345
DK1_to_AT1_seed1,DK1,AT1,1,8,3.6116,0.3719,3.9495,6.5402,-8.614,1.364,1.0,1.0,0.000984,0.6485,0.81,0.5566
DK1_to_AT1_seed1,DK1,AT1,1,9,2.8467,0.3616,3.6101,6.3748,-8.6578,1.1579,1.0,1.0,0.00098,0.4795,0.87,0.615
DK1_to_AT1_seed1,DK1,AT1,1,10,2.7127,0.3459,3.566,6.3066,-8.5976,1.0918,1.0,1.0,0.000976,0.5478,0.84,0.5825
DK1_to_AT1_seed1,DK1,AT1,1,11,2.1489,0.3436,3.4875,5.8541,-8.6781,1.1417,1.0,1.0,0.00097,0.6378,0.82,0.5957
DK1_to_AT1_seed1,DK1,AT1,1,12,2.3491,0.3364,3.5825,6.0163,-8.7184,1.1323,1.0,1.0,0.000965,0.5628,0.84,0.5927
DK1_to_AT1_seed1,DK1,AT1,1,13,1.6063,0.3223,3.3464,5.6257,-8.7745,1.0864,1.0,1.0,0.000959,0.5353,0.85,0.6131
DK1_to_AT1_seed1,DK1,AT1,1,14,1.9515,0.312,3.4046,5.8375,-8.8039,1.2012,1.0,1.0,0.000952,0.539,0.86,0.5971
DK1_to_AT1_seed1,DK1,AT1,1,15,2.11,0.3127,3.6269,5.6967,-8.7404,1.2142,1.0,1.0,0.000946,0.5297,0.86,0.5634
DK1_to_AT1_seed1,DK1,AT1,1,16,1.7426,0.2876,3.4305,5.6386,-8.8337,1.2196,1.0,1.0,0.000938,0.7083,0.81,0.6349
DK1_to_AT1_seed1,DK1,AT1,1,17,1.3509,0.2687,3.2497,5.4721,-8.8454,1.2058,1.0,1.0,0.00093,0.5494,0.85,0.5607
DK1_to_AT1_seed1,DK1,AT1,1,18,1.492,0.261,3.1913,5.6124,-8.7846,1.212,1.0,1.0,0.000922,0.6494,0.83,0.6044
DK1_to_AT1_seed1,DK1,AT1,1,19,2.0529,0.2912,3.6789,5.5917,-8.73,1.2212,1.0,1.0,0.000914,0.595,0.83,0.5316
DK1_to_AT1_seed1,DK1,AT1,1,20,1.0451,0.2755,3.1062,5.2927,-8.8282,1.1989,1.0,1.0,0.000905,0.5395,0.85,0.6456
DK1_to_AT1_seed1,DK1,AT1,1,21,0.7005,0.2501,2.9827,5.0663,-8.8467,1.2482,1.0,1.0,0.000895,0.5431,0.86,0.554
DK1_to_AT1_seed1,DK1,AT1,1,22,0.7828,0.2587,3.0355,5.0739,-8.8242,1.2389,1.0,1.0,0.000885,0.5183,0.85,0.5999
DK1_to_AT1_seed1,DK1,AT1,1,23,1.1438,0.2614,3.2118,5.2592,-8.8046,1.216,1.0,1.0,0.000875,0.6344,0.83,0.5895
DK1_to_AT1_seed1,DK1,AT1,1,24,0.8867,0.2501,3.183,5.0432,-8.8552,1.2656,1.0,1.0,0.000864,0.4923,0.87,0.6143
DK1_to_AT1_seed1,DK1,AT1,1,25,0.9806,0.245,3.1328,5.1931,-8.8357,1.2454,1.0,1.0,0.000854,0.4547,0.87,0.6622
DK1_to_AT1_seed1,DK1,AT1,1,26,1.1654,0.2533,3.3496,5.2088,-8.909,1.2626,1.0,1.0,0.000842,0.4372,0.88,0.669
DK1_to_AT1_seed1,DK1,AT1,1,27,0.5922,0.2306,2.9532,5.0069,-8.8645,1.266,1.0,1.0,0.000831,0.4624,0.87,0.6464
DK1_to_AT1_seed1,DK1,AT1,1,28,0.0996,0.2255,2.9163,4.6708,-8.9638,1.2507,1.0,1.0,0.000819,0.4925,0.87,0.6557
DK1_to_AT1_seed1,DK1,AT1,1,29,0.3809,0.2239,2.9012,4.9278,-8.9546,1.2826,1.0,1.0,0.000806,0.4652,0.86,0.6277
DK1_to_AT1_seed1,DK1,AT1,1,30,0.4797,0.2189,3.056,4.8909,-8.9647,1.2785,1.0,1.0,0.000794,0.4035,0.89,0.6901
DK1_to_AT1_seed1,DK1,AT1,1,31,0.3078,0.2131,3.0712,4.6694,-8.9283,1.2824,1.0,1.0,0.000781,0.4892,0.86,0.6626
DK1_to_AT1_seed1,DK1,AT1,1,32,0.2764,0.2088,2.9971,4.7638,-8.9748,1.2816,1.0,1.0,0.000768,0.4307,0.88,0.6193
DK1_to_AT1_seed1,DK1,AT1,1,33,0.2469,0.205,2.989,4.7502,-8.9723,1.2751,1.0,1.0,0.000755,0.4088,0.89,0.6839
DK1_to_AT1_seed1,DK1,AT1,1,34,0.1654,0.1959,2.9017,4.7929,-8.9639,1.2388,1.0,1.0,0.000741,0.4491,0.87,0.6923
DK1_to_AT1_seed1,DK1,AT1,1,35,0.2704,0.1988,2.8465,4.9015,-8.9589,1.2825,1.0,1.0,0.000727,0.3902,0.9,0.7303
DK1_to_AT1_seed1,DK1,AT1,1,36,0.0737,0.1964,2.9106,4.6565,-8.99,1.3003,1.0,1.0,0.000713,0.3777,0.89,0.6957
DK1_to_AT1_seed1,DK1,AT1,1,37,0.8905,0.1927,3.0666,5.2861,-8.9706,1.3157,1.0,1.0,0.000699,0.4567,0.88,0.6658
DK1_to_AT1_seed1,DK1,AT1,1,38,1.0187,0.1924,2.958,5.517,-8.9686,1.3199,1.0,1.0,0.000684,0.4625,0.88,0.6409
DK1_to_AT1_seed1,DK1,AT1,1,39,0.4623,0.2011,3.0583,4.8461,-8.9501,1.3068,1.0,1.0,0.000669,0.3542,0.9,0.709
DK1_to_AT1_seed1,DK1,AT1,1,40,0.1596,0.1893,2.9124,4.6747,-8.96,1.3433,1.0,1.0,0.000655,0.4679,0.87,0.6754
DK1_to_AT1_seed1,DK1,AT1,1,41,-0.2108,0.1812,2.7495,4.5255,-8.9871,1.3202,1.0,1.0,0.000639,0.4515,0.88,0.6829
DK1_to_AT1_seed1,DK1,AT1,1,42,0.1109,0.1928,2.8281,4.698,-8.9259,1.3179,1.0,1.0,0.000624,0.3903,0.89,0.723
DK1_to_AT1_seed1,DK1,AT1,1,43,-0.4766,0.1792,2.7289,4.295,-9.004,1.3243,1.0,1.0,0.000609,0.4017,0.9,0.6323
DK1_to_AT1_seed1,DK1,AT1,1,44,0.111,0.1832,3.0974,4.4622,-8.9823,1.3505,1.0,1.0,0.000594,0.3859,0.89,0.6294
DK1_to_AT1_seed1,DK1,AT1,1,45,-0.2012,0.1775,2.8045,4.4643,-8.9888,1.3413,1.0,1.0,0.000578,0.406,0.89,0.7088
DK1_to_AT1_seed1,DK1,AT1,1,46,-0.5617,0.165,2.6572,4.2697,-8.9834,1.3298,1.0,1.0,0.000563,0.3972,0.89,0.7374
DK1_to_AT1_seed1,DK1,AT1,1,47,-0.5723,0.1601,2.7207,4.2327,-9.0252,1.3394,1.0,1.0,0.000547,0.3928,0.9,0.6177
DK1_to_AT1_seed1,DK1,AT1,1,48,-0.3836,0.1604,2.8568,4.2616,-9.0002,1.3378,1.0,1.0,0.000531,0.4175,0.89,0.7054
DK1_to_AT1_seed1,DK1,AT1,1,49,-0.5166,0.1578,2.7454,4.2183,-8.9728,1.3346,1.0,1.0,0.000516,0.4318,0.89,0.6328
DK1_to_AT1_seed1,DK1,AT1,1,50,-0.6077,0.1569,2.6462,4.2455,-8.9948,1.3385,1.0,1.0,0.0005,0.3758,0.89,0.7078
DK1_to_AT1_seed1,DK1,AT1,1,51,-0.4962,0.1505,2.748,4.2711,-9.0007,1.3349,1.0,1.0,0.000484,0.3943,0.89,0.7068
DK1_to_AT1_seed1,DK1,AT1,1,52,-0.4366,0.1474,2.8624,4.2293,-8.9963,1.3208,1.0,1.0,0.000469,0.4229,0.88,0.6777
DK1_to_AT1_seed1,DK1,AT1,1,53,-0.3806,0.1476,2.8166,4.3172,-8.9903,1.3281,1.0,1.0,0.000453,0.4533,0.87,0.6698
DK1_to_AT1_seed1,DK1,AT1,1,54,-0.5643,0.145,2.7637,4.2385,-9.0199,1.3084,1.0,1.0,0.000437,0.3976,0.89,0.7165
DK1_to_AT1_seed1,DK1,AT1,1,55,-0.6247,0.1451,2.6604,4.2454,-8.9763,1.3007,1.0,1.0,0.000422,0.424,0.88,0.7222
DK1_to_AT1_seed1,DK1,AT1,1,56,-0.5083,0.1442,2.8196,4.2413,-9.0211,1.3077,1.0,1.0,0.000406,0.4568,0.88,0.6516
DK1_to_AT1_seed1,DK1,AT1,1,57,-0.3978,0.1413,2.9265,4.2216,-8.989,1.3017,1.0,1.0,0.000391,0.484,0.86,0.7008
DK1_to_AT1_seed1,DK1,AT1,1,58,-0.4414,0.1416,2.852,4.2939,-9.0303,1.3014,1.0,1.0,0.000376,0.4805,0.87,0.68
DK1_to_AT1_seed1,DK1,AT1,1,59,-0.5041,0.1378,2.9095,4.194,-9.0264,1.281,1.0,1.0,0.000361,0.5185,0.86,0.6819
DK1_to_AT1_seed1,DK1,AT1,1,60,-0.4382,0.1367,2.8339,4.2867,-8.9748,1.2793,1.0,1.0,0.000345,0.4499,0.88,0.7165
DK1_to_AT1_seed1,DK1,AT1,1,61,-0.4286,0.1326,2.8301,4.3965,-9.0579,1.2701,1.0,1.0,0.000331,0.4399,0.88,0.6834
DK1_to_AT1_seed1,DK1,AT1,1,62,-0.2563,0.131,2.9493,4.3625,-8.9883,1.2891,1.0,1.0,0.000316,0.4792,0.87,0.6889
DK1_to_AT1_seed1,DK1,AT1,1,63,-0.247,0.1305,3.0206,4.2904,-9.003,1.3145,1.0,1.0,0.000301,0.4158,0.88,0.7448
DK1_to_AT1_seed1,DK1,AT1,1,64,-0.2143,0.1308,3.0301,4.3291,-9.0099,1.3056,1.0,1.0,0.000287,0.4019,0.89,0.7261
DK1_to_AT1_seed1,DK1,AT1,1,65,-0.2453,0.1285,2.9405,4.3976,-9.0086,1.2967,1.0,1.0,0.000273,0.4574,0.88,0.6879
DK1_to_AT1_seed1,DK1,AT1,1,66,-0.3103,0.1233,2.8955,4.3901,-9.0093,1.2902,1.0,1.0,0.000259,0.4248,0.89,0.681
DK1_to_AT1_seed1,DK1,AT1,1,67,-0.2717,0.1221,2.9721,4.3502,-8.981,1.265,1.0,1.0,0.000245,0.4955,0.87,0.6848
DK1_to_AT1_seed1,DK1,AT1,1,68,-0.1257,0.1193,3.0587,4.4019,-9.0082,1.3026,1.0,1.0,0.000232,0.4427,0.87,0.7434
DK1_to_AT1_seed1,DK1,AT1,1,69,-0.2301,0.1151,3.0303,4.3114,-8.972,1.2851,1.0,1.0,0.000219,0.4192,0.9,0.7239
DK1_to_AT1_seed1,DK1,AT1,1,70,-0.1219,0.1157,3.0821,4.3827,-8.9992,1.2967,1.0,1.0,0.000206,0.4387,0.88,0.7272
DK1_to_AT1_seed1,DK1,AT1,1,71,-0.2318,0.1131,3.0146,4.3866,-9.0334,1.2873,1.0,1.0,0.000194,0.5018,0.87,0.7219
DK1_to_AT1_seed1,DK1,AT1,1,72,-0.3377,0.1113,2.9303,4.3715,-9.0254,1.2745,1.0,1.0,0.000181,0.4708,0.87,0.7393
DK1_to_AT1_seed1,DK1,AT1,1,73,-0.2663,0.1077,2.9641,4.4034,-9.0025,1.2609,1.0,1.0,0.000169,0.4789,0.87,0.7378
DK1_to_AT1_seed1,DK1,AT1,1,74,-0.2456,0.1096,2.9798,4.4294,-9.0102,1.2458,1.0,1.0,0.000158,0.4363,0.88,0.7337
DK1_to_AT1_seed1,DK1,AT1,1,75,-0.12,0.1095,3.0771,4.4548,-9.014,1.2526,1.0,1.0,0.000146,0.4163,0.89,0.7216
DK1_to_AT1_seed1,DK1,AT1,1,76,-0.068,0.1051,3.0938,4.4761,-8.9891,1.2461,1.0,1.0,0.000136,0.4485,0.88,0.7169
DK1_to_AT1_seed1,DK1,AT1,1,77,-0.0651,0.1039,3.1183,4.4558,-8.9891,1.2459,1.0,1.0,0.000125,0.4577,0.88,0.7036
DK1_to_AT1_seed1,DK1,AT1,1,78,-0.0883,0.1035,3.1822,4.3986,-9.0207,1.2482,1.0,1.0,0.000115,0.4592,0.88,0.6921
DK1_to_AT1_seed1,DK1,AT1,1,79,-0.0598,0.1042,3.1989,4.3918,-9.0025,1.2479,1.0,1.0,0.000105,0.4702,0.88,0.7135
DK1_to_AT1_seed1,DK1,AT1,1,80,0.0073,0.1022,3.2863,4.3893,-9.0188,1.2482,1.0,1.0,9.55e-05,0.4841,0.87,0.6964
DK1_to_AT1_seed1,DK1,AT1,1,81,0.1054,0.1043,3.3002,4.4624,-9.0009,1.2394,1.0,1.0,8.65e-05,0.4867,0.87,0.6924
DK1_to_AT1_seed1,DK1,AT1,1,82,0.1509,0.1126,3.2192,4.615,-9.0536,1.2578,1.0,1.0,7.78e-05,0.4687,0.88,0.7132
DK1_to_AT1_seed1,DK1,AT1,1,83,0.1632,0.1048,3.2138,4.57,-8.9805,1.2552,1.0,1.0,6.96e-05,0.4726,0.88,0.7089
DK1_to_AT1_seed1,DK1,AT1,1,84,0.1612,0.1036,3.2646,4.5637,-9.0184,1.2477,1.0,1.0,6.18e-05,0.4806,0.88,0.6808
DK1_to_AT1_seed1,DK1,AT1,1,85,0.2706,0.1038,3.2932,4.5893,-8.9613,1.2456,1.0,1.0,5.45e-05,0.4576,0.89,0.7084
DK1_to_AT1_seed1,DK1,AT1,1,86,0.1687,0.1025,3.2702,4.5721,-9.0156,1.2396,1.0,1.0,4.76e-05,0.4454,0.89,0.7122
DK1_to_AT1_seed1,DK1,AT1,1,87,0.41,0.1055,3.3259,4.7304,-9.012,1.2602,1.0,1.0,4.11e-05,0.4755,0.88,0.7058
DK1_to_AT1_seed1,DK1,AT1,1,88,0.1322,0.0993,3.2368,4.5767,-9.0003,1.2196,1.0,1.0,3.51e-05,0.4743,0.88,0.7032
DK1_to_AT1_seed1,DK1,AT1,1,89,0.1235,0.1002,3.2405,4.5808,-9.0112,1.2133,1.0,1.0,2.96e-05,0.5113,0.87,0.7101
DK1_to_AT1_seed1,DK1,AT1,1,90,0.1695,0.1004,3.2724,4.5915,-9.0103,1.2155,1.0,1.0,2.45e-05,0.4857,0.87,0.7122
DK1_to_AT1_seed1,DK1,AT1,1,91,0.1987,0.0982,3.2776,4.579,-8.9704,1.2143,1.0,1.0,1.99e-05,0.4464,0.88,0.7135
DK1_to_AT1_seed1,DK1,AT1,1,92,0.1735,0.0981,3.2782,4.5508,-8.9701,1.2165,1.0,1.0,1.57e-05,0.4861,0.87,0.725
DK1_to_AT1_seed1,DK1,AT1,1,93,0.1089,0.0958,3.2631,4.5195,-8.9836,1.214,1.0,1.0,1.2e-05,0.4486,0.88,0.729
DK1_to_AT1_seed1,DK1,AT1,1,94,0.1201,0.0961,3.2688,4.5164,-8.9746,1.2134,1.0,1.0,8.86e-06,0.4838,0.87,0.7231
DK1_to_AT1_seed1,DK1,AT1,1,95,0.0619,0.0959,3.2589,4.5047,-9.0106,1.2129,1.0,1.0,6.16e-06,0.4395,0.88,0.7241
DK1_to_AT1_seed1,DK1,AT1,1,96,0.0477,0.0953,3.273,4.4986,-9.0313,1.2121,1.0,1.0,3.94e-06,0.4467,0.88,0.718
DK1_to_AT1_seed1,DK1,AT1,1,97,0.0339,0.0941,3.276,4.4901,-9.0361,1.2098,1.0,1.0,2.22e-06,0.4992,0.87,0.7143
DK1_to_AT1_seed1,DK1,AT1,1,98,0.0609,0.0952,3.2653,4.4945,-9.0065,1.2123,1.0,1.0,9.87e-07,0.4704,0.88,0.7194
DK1_to_AT1_seed1,DK1,AT1,1,99,0.0308,0.096,3.2725,4.4915,-9.0399,1.2106,1.0,1.0,2.47e-07,0.4955,0.87,0.7098
DK1_to_AT1_seed1,DK1,AT1,1,100,0.1013,0.0946,3.2663,4.4917,-8.963,1.2117,1.0,1.0,0.0,0.4573,0.88,0.7168
DK1_to_AT1_seed2,DK1,AT1,2,1,7.9042,0.7561,3.484,6.7392,-3.6837,0.6087,0.997,1.0,0.001,0.9684,0.74,0.4408
DK1_to_AT1_seed2,DK1,AT1,2,2,4.2219,0.4597,4.2433,6.5636,-8.196,1.1513,1.0,1.0,0.000999,0.7125,0.81,0.479
DK1_to_AT1_seed2,DK1,AT1,2,3,2.3333,0.3945,3.6893,5.9249,-8.7729,1.0975,1.0,1.0,0.000998,0.4996,0.86,0.5716
DK1_to_AT1_seed2,DK1,AT1,2,4,3.0662,0.3724,3.825,6.4664,-8.8157,1.2182,1.0,1.0,0.000996,0.9348,0.77,0.4832
DK1_to_AT1_seed2,DK1,AT1,2,5,3.0254,0.3634,4.1179,6.17,-8.8452,1.2193,1.0,1.0,0.000994,0.6308,0.83,0.523
DK1_to_AT1_seed2,DK1,AT1,2,6,1.7788,0.3236,3.4722,5.6879,-8.911,1.2061,1.0,1.0,0.000991,0.4136,0.88,0.6368
DK1_to_AT1_seed2,DK1,AT1,2,7,1.3202,0.3153,3.2631,5.4999,-8.9193,1.1611,1.0,1.0,0.000988,0.3961,0.89,0.6537
DK1_to_AT1_seed2,DK1,AT1,2,8,1.4466,0.3231,3.4662,5.4708,-8.953,1.1395,1.0,1.0,0.000984,0.4843,0.86,0.6016
DK1_to_AT1_seed2,DK1,AT1,2,9,1.5198,0.3053,3.5517,5.4501,-8.9129,1.1256,1.0,1.0,0.00098,0.5476,0.85,0.5836
DK1_to_AT1_seed2,DK1,AT1,2,10,1.2821,0.2835,3.3433,5.4311,-8.9727,1.1969,1.0,1.0,0.000976,0.4644,0.86,0.6629
DK1_to_AT1_seed2,DK1,AT1,2,11,1.8955,0.293,3.6125,5.7176,-8.9387,1.211,1.0,1.0,0.00097,0.5346,0.85,0.6327
DK1_to_AT1_seed2,DK1,AT1,2,12,2.3466,0.3133,3.7587,5.9604,-8.9269,1.2411,1.0,1.0,0.000965,0.54,0.85,0.5953
DK1_to_AT1_seed2,DK1,AT1,2,13,1.7895,0.311,3.6901,5.5547,-9.0202,1.2539,1.0,1.0,0.000959,0.4632,0.87,0.6798
DK1_to_AT1_seed2,DK1,AT1,2,14,1.613,0.2899,3.5154,5.4994,-8.9961,1.3044,1.0,1.0,0.000952,0.5219,0.85,0.6214
DK1_to_AT1_seed2,DK1,AT1,2,15,0.8507,0.2605,3.0711,5.144,-8.9577,1.3326,1.0,1.0,0.000946,0.5093,0.85,0.6486
DK1_to_AT1_seed2,DK1,AT1,2,16,1.0144,0.252,3.3082,5.1472,-9.012,1.3191,1.0,1.0,0.000938,0.5012,0.86,0.6637
DK1_to_AT1_seed2,DK1,AT1,2,17,1.2246,0.2567,3.4007,5.2115,-8.9829,1.3386,1.0,1.0,0.00093,0.3759,0.89,0.6915
DK1_to_AT1_seed2,DK1,AT1,2,18,0.5254,0.2349,3.1373,4.8241,-8.9944,1.3234,1.0,1.0,0.000922,0.3885,0.89,0.7012
DK1_to_AT1_seed2,DK1,AT1,2,19,0.6398,0.2308,3.2457,4.8325,-8.9947,1.3255,1.0,1.0,0.000914,0.4619,0.87,0.7008
DK1_to_AT1_seed2,DK1,AT1,2,20,0.5959,0.2337,3.2512,4.7921,-9.0311,1.35,1.0,1.0,0.000905,0.3864,0.89,0.6727
DK1_to_AT1_seed2,DK1,AT1,2,21,0.4442,0.2245,3.222,4.6853,-9.0263,1.3387,1.0,1.0,0.000895,0.4213,0.88,0.7065
DK1_to_AT1_seed2,DK1,AT1,2,22,0.4528,0.219,3.1568,4.7613,-9.0082,1.3239,1.0,1.0,0.000885,0.417,0.88,0.6851
DK1_to_AT1_seed2,DK1,AT1,2,23,0.466,0.2168,3.1818,4.7473,-9.013,1.3331,1.0,1.0,0.000875,0.4504,0.88,0.707
DK1_to_AT1_seed2,DK1,AT1,2,24,0.3922,0.2187,3.1876,4.6176,-8.9859,1.3543,1.0,1.0,0.000864,0.4371,0.88,0.7308
DK1_to_AT1_seed2,DK1,AT1,2,25,0.1428,0.2098,3.1524,4.4721,-9.0343,1.3427,1.0,1.0,0.000854,0.439,0.88,0.6712
DK1_to_AT1_seed2,DK1,AT1,2,26,-0.08,0.2072,3.0421,4.3419,-9.0318,1.3606,1.0,1.0,0.000842,0.4279,0.88,0.7264
DK1_to_AT1_seed2,DK1,AT1,2,27,-0.4761,0.1974,2.88,4.1268,-9.0432,1.3629,1.0,1.0,0.000831,0.458,0.88,0.7223
DK1_to_AT1_seed2,DK1,AT1,2,28,0.1262,0.204,3.0992,4.4397,-8.9666,1.3499,1.0,1.0,0.000819,0.4586,0.88,0.7183
DK1_to_AT1_seed2,DK1,AT1,2,29,-0.3148,0.2013,2.8928,4.2453,-9.0211,1.367,1.0,1.0,0.000806,0.4429,0.88,0.6919
DK1_to_AT1_seed2,DK1,AT1,2,30,-0.0932,0.2017,2.876,4.4636,-8.9845,1.35,1.0,1.0,0.000794,0.4262,0.89,0.748
DK1_to_AT1_seed2,DK1,AT1,2,31,-0.2605,0.1909,2.9341,4.2702,-9.0048,1.3491,1.0,1.0,0.000781,0.3679,0.9,0.7707
DK1_to_AT1_seed2,DK1,AT1,2,32,-0.6969,0.1841,2.7557,4.0508,-9.0399,1.3524,1.0,1.0,0.000768,0.4164,0.89,0.7486
DK1_to_AT1_seed2,DK1,AT1,2,33,-0.7722,0.1816,2.6728,4.0209,-9.0045,1.3571,1.0,1.0,0.000755,0.3949,0.9,0.7399
DK1_to_AT1_seed2,DK1,AT1,2,34,-0.6648,0.1822,2.7592,4.0228,-8.9936,1.3646,1.0,1.0,0.000741,0.5043,0.87,0.7192
DK1_to_AT1_seed2,DK1,AT1,2,35,-0.9518,0.1747,2.5416,4.0171,-9.0216,1.3364,1.0,1.0,0.000727,0.445,0.89,0.7433
DK1_to_AT1_seed2,DK1,AT1,2,36,-0.5862,0.1767,2.6441,4.2525,-9.0228,1.3633,1.0,1.0,0.000713,0.6235,0.83,0.6968
DK1_to_AT1_seed2,DK1,AT1,2,37,-0.8416,0.167,2.6877,3.9728,-9.0258,1.3567,1.0,1.0,0.000699,0.5019,0.86,0.7114
DK1_to_AT1_seed2,DK1,AT1,2,38,-0.6973,0.1715,2.7577,4.0482,-9.0113,1.3367,1.0,1.0,0.000684,0.5195,0.86,0.6851
DK1_to_AT1_seed2,DK1,AT1,2,39,-1.0402,0.1615,2.5251,3.9608,-9.031,1.3434,1.0,1.0,0.000669,0.4549,0.88,0.6915
DK1_to_AT1_seed2,DK1,AT1,2,40,-1.1097,0.1636,2.4449,3.9421,-9.0099,1.3496,1.0,1.0,0.000655,0.6029,0.84,0.732
DK1_to_AT1_seed2,DK1,AT1,2,41,-1.3196,0.1482,2.433,3.7556,-9.004,1.3476,1.0,1.0,0.000639,0.4352,0.88,0.7466
DK1_to_AT1_seed2,DK1,AT1,2,42,-1.5465,0.148,2.2972,3.7155,-9.0402,1.333,1.0,1.0,0.000624,0.4181,0.89,0.7347
DK1_to_AT1_seed2,DK1,AT1,2,43,-1.3413,0.1527,2.3557,3.8468,-9.0369,1.3404,1.0,1.0,0.000609,0.6064,0.84,0.6238
DK1_to_AT1_seed2,DK1,AT1,2,44,-1.1642,0.1487,2.4894,3.8854,-9.0282,1.3405,1.0,1.0,0.000594,0.3697,0.91,0.7319
DK1_to_AT1_seed2,DK1,AT1,2,45,-1.2433,0.148,2.3863,3.8984,-9.0387,1.3627,1.0,1.0,0.000578,0.4642,0.88,0.7646
DK1_to_AT1_seed2,DK1,AT1,2,46,-1.3496,0.1514,2.388,3.7485,-9.002,1.3646,1.0,1.0,0.000563,0.5034,0.86,0.7174
DK1_to_AT1_seed2,DK1,AT1,2,47,-1.7665,0.1323,2.1452,3.6667,-9.0404,1.3297,1.0,1.0,0.000547,0.5247,0.86,0.7561
DK1_to_AT1_seed2,DK1,AT1,2,48,-1.2982,0.154,2.4088,3.8615,-9.0429,1.3204,1.0,1.0,0.000531,0.6305,0.83,0.7271
DK1_to_AT1_seed2,DK1,AT1,2,49,-1.3247,0.1447,2.3779,3.8966,-9.0265,1.2826,1.0,1.0,0.000516,0.4799,0.88,0.6989
DK1_to_AT1_seed2,DK1,AT1,2,50,-1.3458,0.1477,2.3939,3.8115,-9.032,1.333,1.0,1.0,0.0005,0.4667,0.88,0.7285
DK1_to_AT1_seed2,DK1,AT1,2,51,-1.3012,0.1392,2.3721,3.9038,-9.0267,1.3105,1.0,1.0,0.000484,0.5152,0.87,0.7279
DK1_to_AT1_seed2,DK1,AT1,2,52,-1.6896,0.132,2.19,3.7456,-9.0384,1.2812,1.0,1.0,0.000469,0.4793,0.88,0.7033
DK1_to_AT1_seed2,DK1,AT1,2,53,-1.5155,0.1339,2.2706,3.7825,-9.0272,1.3247,1.0,1.0,0.000453,0.3887,0.9,0.7584
DK1_to_AT1_seed2,DK1,AT1,2,54,-1.8925,0.1295,2.1181,3.6044,-9.0476,1.303,1.0,1.0,0.000437,0.4158,0.89,0.7928
DK1_to_AT1_seed2,DK1,AT1,2,55,-1.6396,0.1274,2.2745,3.624,-8.993,1.3275,1.0,1.0,0.000422,0.5036,0.87,0.7148
DK1_to_AT1_seed2,DK1,AT1,2,56,-1.8061,0.1203,2.1762,3.6206,-9.0347,1.3115,1.0,1.0,0.000406,0.4637,0.89,0.7254
DK1_to_AT1_seed2,DK1,AT1,2,57,-1.9495,0.1129,2.0785,3.5829,-9.0252,1.3015,1.0,1.0,0.000391,0.4628,0.88,0.7446
DK1_to_AT1_seed2,DK1,AT1,2,58,-1.8317,0.1145,2.1566,3.576,-8.9994,1.3207,1.0,1.0,0.000376,0.5166,0.87,0.7292
DK1_to_AT1_seed2,DK1,AT1,2,59,-1.7966,0.1147,2.1629,3.6706,-9.0363,1.2916,1.0,1.0,0.000361,0.6023,0.85,0.6967
DK1_to_AT1_seed2,DK1,AT1,2,60,-1.7285,0.1143,2.2553,3.635,-9.0586,1.3254,1.0,1.0,0.000345,0.4255,0.9,0.7442
DK1_to_AT1_seed2,DK1,AT1,2,61,-1.9176,0.1089,2.1142,3.5617,-8.9887,1.2863,1.0,1.0,0.000331,0.5017,0.87,0.728
DK1_to_AT1_seed2,DK1,AT1,2,62,-1.9507,0.1076,2.1686,3.5285,-9.0227,1.2673,1.0,1.0,0.000316,0.5368,0.87,0.6816
DK1_to_AT1_seed2,DK1,AT1,2,63,-1.4893,0.1093,2.4852,3.674,-9.0397,1.2818,1.0,1.0,0.000301,0.5152,0.87,0.7226
DK1_to_AT1_seed2,DK1,AT1,2,64,-1.7354,0.1067,2.2547,3.6524,-9.0113,1.262,1.0,1.0,0.000287,0.5788,0.85,0.7251
DK1_to_AT1_seed2,DK1,AT1,2,65,-1.8871,0.1097,2.1852,3.6047,-9.0379,1.2511,1.0,1.0,0.000273,0.5617,0.86,0.7519
DK1_to_AT1_seed2,DK1,AT1,2,66,-1.9204,0.1047,2.2219,3.5427,-9.0329,1.2431,1.0,1.0,0.000259,0.5293,0.87,0.7196
DK1_to_AT1_seed2,DK1,AT1,2,67,-1.7604,0.1054,2.3526,3.5673,-9.038,1.2523,1.0,1.0,0.000245,0.5501,0.86,0.7605
DK1_to_AT1_seed2,DK1,AT1,2,68,-1.7204,0.1024,2.3117,3.6331,-9.028,1.2604,1.0,1.0,0.000232,0.5421,0.86,0.7452
DK1_to_AT1_seed2,DK1,AT1,2,69,-1.622,0.0995,2.3205,3.7661,-9.0528,1.2447,1.0,1.0,0.000219,0.5438,0.87,0.7216
DK1_to_AT1_seed2,DK1,AT1,2,70,-1.3504,0.1031,2.4276,3.8686,-9.0343,1.2846,1.0,1.0,0.000206,0.4804,0.89,0.7338
DK1_to_AT1_seed2,DK1,AT1,2,71,-1.3034,0.0984,2.4609,3.9308,-9.045,1.2515,1.0,1.0,0.000194,0.5019,0.88,0.766
DK1_to_AT1_seed2,DK1,AT1,2,72,-1.2828,0.1003,2.4424,3.935,-9.0239,1.2634,1.0,1.0,0.000181,0.463,0.88,0.7594
DK1_to_AT1_seed2,DK1,AT1,2,73,-1.0283,0.0998,2.6622,3.9296,-8.9914,1.2714,1.0,1.0,0.000169,0.4864,0.88,0.7502
DK1_to_AT1_seed2,DK1,AT1,2,74,-1.0967,0.0941,2.5895,3.9518,-8.9875,1.2554,1.0,1.0,0.000158,0.5,0.88,0.7479
DK1_to_AT1_seed2,DK1,AT1,2,75,-1.0141,0.096,2.6772,3.958,-9.0294,1.2842,1.0,1.0,0.000146,0.4291,0.9,0.7677
DK1_to_AT1_seed2,DK1,AT1,2,76,-1.0516,0.0953,2.5922,4.0317,-9.0455,1.2747,1.0,1.0,0.000136,0.4583,0.89,0.7508
DK1_to_AT1_seed2,DK1,AT1,2,77,-1.3381,0.0891,2.3951,3.9904,-9.0581,1.2454,1.0,1.0,0.000125,0.5075,0.88,0.7294
DK1_to_AT1_seed2,DK1,AT1,2,78,-1.4698,0.0898,2.2177,3.9607,-9.0103,1.2724,1.0,1.0,0.000115,0.4964,0.88,0.7515
DK1_to_AT1_seed2,DK1,AT1,2,79,-1.2282,0.0885,2.462,3.9608,-9.0159,1.2764,1.0,1.0,0.000105,0.5168,0.88,0.7227
DK1_to_AT1_seed2,DK1,AT1,2,80,-1.1147,0.0877,2.6035,3.9582,-9.0362,1.2721,1.0,1.0,9.55e-05,0.4914,0.88,0.7452
DK1_to_AT1_seed2,DK1,AT1,2,81,-1.0796,0.0864,2.6269,3.9964,-9.0495,1.2603,1.0,1.0,8.65e-05,0.5421,0.87,0.7359
DK1_to_AT1_seed2,DK1,AT1,2,82,-0.9848,0.0861,2.7196,3.993,-9.0386,1.2552,1.0,1.0,7.78e-05,0.5303,0.88,0.7479
DK1_to_AT1_seed2,DK1,AT1,2,83,-1.1338,0.087,2.6311,3.9377,-9.0405,1.2508,1.0,1.0,6.96e-05,0.5435,0.88,0.7404
DK1_to_AT1_seed2,DK1,AT1,2,84,-1.2252,0.0837,2.5233,3.9449,-9.0186,1.2414,1.0,1.0,6.18e-05,0.5213,0.88,0.7368
DK1_to_AT1_seed2,DK1,AT1,2,85,-1.2635,0.0804,2.4128,4.0276,-9.0225,1.2383,1.0,1.0,5.45e-05,0.5808,0.86,0.7299
DK1_to_AT1_seed2,DK1,AT1,2,86,-1.1722,0.0801,2.4533,4.0593,-9.0148,1.25,1.0,1.0,4.76e-05,0.6147,0.86,0.7108
DK1_to_AT1_seed2,DK1,AT1,2,87,-1.0021,0.0786,2.5648,4.1181,-9.0274,1.2639,1.0,1.0,4.11e-05,0.6209,0.85,0.7198
DK1_to_AT1_seed2,DK1,AT1,2,88,-0.9823,0.08,2.5794,4.1502,-9.055,1.2631,1.0,1.0,3.51e-05,0.595,0.86,0.714
DK1_to_AT1_seed2,DK1,AT1,2,89,-0.9475,0.0771,2.5737,4.1581,-9.0235,1.267,1.0,1.0,2.96e-05,0.6262,0.86,0.7283
DK1_to_AT1_seed2,DK1,AT1,2,90,-0.9512,0.0795,2.573,4.1534,-9.0276,1.2704,1.0,1.0,2.45e-05,0.561,0.87,0.7235
DK1_to_AT1_seed2,DK1,AT1,2,91,-1.0041,0.0785,2.573,4.1195,-9.0429,1.2677,1.0,1.0,1.99e-05,0.5411,0.87,0.7381
DK1_to_AT1_seed2,DK1,AT1,2,92,-0.9656,0.08,2.5798,4.1365,-9.0336,1.2718,1.0,1.0,1.57e-05,0.5864,0.86,0.7239
DK1_to_AT1_seed2,DK1,AT1,2,93,-0.9273,0.0769,2.599,4.1561,-9.0324,1.2732,1.0,1.0,1.2e-05,0.55,0.87,0.7359
DK1_to_AT1_seed2,DK1,AT1,2,94,-0.9277,0.0776,2.5924,4.1669,-9.0334,1.2689,1.0,1.0,8.86e-06,0.6163,0.86,0.7104
DK1_to_AT1_seed2,DK1,AT1,2,95,-0.9811,0.0762,2.5722,4.1627,-9.0551,1.2629,1.0,1.0,6.16e-06,0.5494,0.87,0.7452
DK1_to_AT1_seed2,DK1,AT1,2,96,-0.989,0.0768,2.578,4.1611,-9.0656,1.2607,1.0,1.0,3.94e-06,0.5966,0.86,0.7305
DK1_to_AT1_seed2,DK1,AT1,2,97,-0.941,0.078,2.5826,4.1744,-9.0363,1.2603,1.0,1.0,2.22e-06,0.5965,0.86,0.7214
DK1_to_AT1_seed2,DK1,AT1,2,98,-0.9587,0.0752,2.5793,4.168,-9.0409,1.2597,1.0,1.0,9.87e-07,0.5942,0.87,0.7303
DK1_to_AT1_seed2,DK1,AT1,2,99,-0.9742,0.075,2.5857,4.163,-9.0561,1.2582,1.0,1.0,2.47e-07,0.5859,0.86,0.7287
DK1_to_AT1_seed2,DK1,AT1,2,100,-0.9416,0.0757,2.5807,4.1656,-9.0222,1.2586,1.0,1.0,0.0,0.5561,0.87,0.7301
DK1_to_FR1_seed1,DK1,FR1,1,1,10.4861,0.7825,4.4329,7.7144,-3.4181,0.9744,0.997,1.0,0.001,0.7569,0.8,0.446
DK1_to_FR1_seed1,DK1,FR1,1,2,3.0622,0.4418,3.0999,5.9169,-7.4051,1.0087,1.0,1.0,0.000999,0.5208,0.86,0.5152
DK1_to_FR1_seed1,DK1,FR1,1,3,2.4571,0.4127,3.0662,6.1832,-8.2716,1.0667,1.0,1.0,0.000998,0.5672,0.84,0.5296
DK1_to_FR1_seed1,DK1,FR1,1,4,2.2999,0.3731,3.1726,6.3355,-8.5672,0.9858,1.0,1.0,0.000996,0.6259,0.81,0.5254
DK1_to_FR1_seed1,DK1,FR1,1,5,1.7302,0.356,2.9304,6.0198,-8.6487,1.0727,1.0,1.0,0.000994,0.5333,0.85,0.5573
DK1_to_FR1_seed1,DK1,FR1,1,6,1.426,0.3457,3.0753,5.7558,-8.7496,0.9989,1.0,1.0,0.000991,0.4364,0.88,0.6124
DK1_to_FR1_seed1,DK1,FR1,1,7,1.4899,0.3305,3.1175,5.6825,-8.7491,1.1084,1.0,1.0,0.000988,0.4843,0.86,0.5856
DK1_to_FR1_seed1,DK1,FR1,1,8,0.8939,0.3078,2.8405,5.4367,-8.7531,1.062,1.0,1.0,0.000984,0.4856,0.86,0.6021
DK1_to_FR1_seed1,DK1,FR1,1,9,1.175,0.3032,3.0295,5.5922,-8.8995,1.1496,1.0,1.0,0.00098,0.4727,0.86,0.6247
DK1_to_FR1_seed1,DK1,FR1,1,10,0.789,0.3023,2.9423,5.3355,-8.9302,1.1391,1.0,1.0,0.000976,0.5097,0.86,0.601
DK1_to_FR1_seed1,DK1,FR1,1,11,0.7611,0.2925,2.8828,5.3433,-8.8784,1.1211,1.0,1.0,0.00097,0.6716,0.81,0.558
DK1_to_FR1_seed1,DK1,FR1,1,12,1.3112,0.3099,3.1542,5.6035,-8.9077,1.1513,1.0,1.0,0.000965,0.4228,0.87,0.6385
DK1_to_FR1_seed1,DK1,FR1,1,13,1.0827,0.2959,3.1993,5.3211,-8.9058,1.1722,1.0,1.0,0.000959,0.5033,0.86,0.5974
DK1_to_FR1_seed1,DK1,FR1,1,14,2.2878,0.3059,3.5405,6.0474,-8.7339,1.1279,1.0,1.0,0.000952,0.545,0.84,0.6542
DK1_to_FR1_seed1,DK1,FR1,1,15,1.205,0.2689,3.4559,5.1796,-8.8866,1.1872,1.0,1.0,0.000946,0.3567,0.9,0.6942
DK1_to_FR1_seed1,DK1,FR1,1,16,0.8449,0.272,3.2911,5.1007,-8.9133,1.0945,1.0,1.0,0.000938,0.3759,0.89,0.6773
DK1_to_FR1_seed1,DK1,FR1,1,17,1.0308,0.2666,3.3868,5.1289,-8.9203,1.1689,1.0,1.0,0.00093,0.4614,0.87,0.6309
DK1_to_FR1_seed1,DK1,FR1,1,18,1.6072,0.2706,3.6899,5.4057,-8.9632,1.2042,1.0,1.0,0.000922,0.7062,0.79,0.5642
DK1_to_FR1_seed1,DK1,FR1,1,19,1.8549,0.2824,4.0226,5.2408,-8.909,1.2181,1.0,1.0,0.000914,0.7136,0.8,0.5189
DK1_to_FR1_seed1,DK1,FR1,1,20,0.7594,0.2453,3.4019,4.849,-8.9759,1.2391,1.0,1.0,0.000905,0.5115,0.86,0.6168
DK1_to_FR1_seed1,DK1,FR1,1,21,1.7974,0.2648,4.032,5.1592,-8.9337,1.2751,1.0,1.0,0.000895,0.5694,0.84,0.6262
DK1_to_FR1_seed1,DK1,FR1,1,22,2.0321,0.2933,4.0242,5.2922,-8.8767,1.2991,1.0,1.0,0.000885,0.4908,0.85,0.6053
DK1_to_FR1_seed1,DK1,FR1,1,23,0.8847,0.2447,3.5542,4.7621,-8.9538,1.2775,1.0,1.0,0.000875,0.3682,0.89,0.6708
DK1_to_FR1_seed1,DK1,FR1,1,24,0.9531,0.2426,3.6341,4.7904,-9.004,1.29,1.0,1.0,0.000864,0.4175,0.88,0.646
DK1_to_FR1_seed1,DK1,FR1,1,25,0.7429,0.2371,3.6062,4.6168,-8.9701,1.2527,1.0,1.0,0.000854,0.5185,0.84,0.6453
DK1_to_FR1_seed1,DK1,FR1,1,26,0.9911,0.2311,3.7172,4.7166,-8.952,1.2782,1.0,1.0,0.000842,0.413,0.89,0.7156
DK1_to_FR1_seed1,DK1,FR1,1,27,1.3769,0.2212,4.0181,4.7813,-8.9413,1.2976,1.0,1.0,0.000831,0.4792,0.86,0.7091
DK1_to_FR1_seed1,DK1,FR1,1,28,1.2945,0.2095,3.9865,4.7385,-8.9573,1.3174,1.0,1.0,0.000819,0.304,0.92,0.7653
DK1_to_FR1_seed1,DK1,FR1,1,29,1.2776,0.2082,3.926,4.7514,-8.9426,1.3347,1.0,1.0,0.000806,0.3377,0.91,0.6932
DK1_to_FR1_seed1,DK1,FR1,1,30,1.0046,0.1957,3.9832,4.4593,-8.9497,1.3161,1.0,1.0,0.000794,0.3391,0.91,0.7523
DK1_to_FR1_seed1,DK1,FR1,1,31,1.0964,0.1911,4.0161,4.5534,-8.9936,1.3295,1.0,1.0,0.000781,0.4125,0.89,0.754
DK1_to_FR1_seed1,DK1,FR1,1,32,1.2483,0.1881,4.0755,4.6532,-8.9896,1.321,1.0,1.0,0.000768,0.3204,0.91,0.7832
DK1_to_FR1_seed1,DK1,FR1,1,33,0.9744,0.1834,3.9777,4.4423,-8.9529,1.3239,1.0,1.0,0.000755,0.4145,0.88,0.7177
DK1_to_FR1_seed1,DK1,FR1,1,34,0.907,0.1783,4.0489,4.3399,-8.9871,1.3271,1.0,1.0,0.000741,0.304,0.92,0.773
DK1_to_FR1_seed1,DK1,FR1,1,35,0.6765,0.1747,3.7521,4.3618,-8.9382,1.3261,1.0,1.0,0.000727,0.3145,0.91,0.7813
DK1_to_FR1_seed1,DK1,FR1,1,36,0.6866,0.1737,3.8146,4.3241,-8.9575,1.3316,1.0,1.0,0.000713,0.334,0.91,0.7857
DK1_to_FR1_seed1,DK1,FR1,1,37,0.9587,0.1729,3.9316,4.4146,-8.898,1.3376,1.0,1.0,0.000699,0.3063,0.92,0.7706
DK1_to_FR1_seed1,DK1,FR1,1,38,1.0479,0.1779,4.0522,4.4201,-8.9354,1.3331,1.0,1.0,0.000684,0.3104,0.91,0.7627
DK1_to_FR1_seed1,DK1,FR1,1,39,0.6486,0.168,3.7478,4.3696,-8.9638,1.327,1.0,1.0,0.000669,0.3254,0.91,0.7572
DK1_to_FR1_seed1,DK1,FR1,1,40,1.2296,0.1709,4.0596,4.5994,-8.9328,1.3324,1.0,1.0,0.000655,0.3707,0.89,0.7573
DK1_to_FR1_seed1,DK1,FR1,1,41,1.0173,0.1614,4.03,4.4814,-8.9769,1.3214,1.0,1.0,0.000639,0.428,0.87,0.7224
DK1_to_FR1_seed1,DK1,FR1,1,42,1.1364,0.157,4.1295,4.4582,-8.9367,1.3284,1.0,1.0,0.000624,0.2907,0.92,0.7769
DK1_to_FR1_seed1,DK1,FR1,1,43,0.9763,0.1521,4.0969,4.3299,-8.9346,1.3321,1.0,1.0,0.000609,0.2941,0.92,0.7613
DK1_to_FR1_seed1,DK1,FR1,1,44,1.0997,0.1504,4.1578,4.3491,-8.888,1.3305,1.0,1.0,0.000594,0.2462,0.93,0.8092
DK1_to_FR1_seed1,DK1,FR1,1,45,0.8853,0.1425,4.0471,4.3223,-8.9497,1.3232,1.0,1.0,0.000578,0.2842,0.92,0.7811
DK1_to_FR1_seed1,DK1,FR1,1,46,1.0375,0.142,4.0966,4.4421,-8.9732,1.33,1.0,1.0,0.000563,0.3481,0.9,0.7658
DK1_to_FR1_seed1,DK1,FR1,1,47,0.8169,0.139,3.9366,4.395,-8.9801,1.3264,1.0,1.0,0.000547,0.3001,0.91,0.7851
DK1_to_FR1_seed1,DK1,FR1,1,48,0.777,0.1406,3.9022,4.3515,-8.9308,1.3134,1.0,1.0,0.000531,0.3076,0.91,0.7707
DK1_to_FR1_seed1,DK1,FR1,1,49,0.9411,0.1401,3.9158,4.4582,-8.8948,1.3218,1.0,1.0,0.000516,0.3209,0.91,0.7512
DK1_to_FR1_seed1,DK1,FR1,1,50,1.1639,0.1351,4.1307,4.49,-8.9037,1.3118,1.0,1.0,0.0005,0.2574,0.93,0.8085
DK1_to_FR1_seed1,DK1,FR1,1,51,1.3583,0.1369,4.2965,4.5283,-8.9205,1.3171,1.0,1.0,0.000484,0.3135,0.92,0.7748
DK1_to_FR1_seed1,DK1,FR1,1,52,1.1389,0.1301,4.1549,4.448,-8.9018,1.3077,1.0,1.0,0.000469,0.2771,0.92,0.7792
DK1_to_FR1_seed1,DK1,FR1,1,53,1.2472,0.1246,4.2065,4.5006,-8.8912,1.3067,1.0,1.0,0.000453,0.2798,0.92,0.7959
DK1_to_FR1_seed1,DK1,FR1,1,54,1.2848,0.1245,4.2373,4.5378,-8.9125,1.2977,1.0,1.0,0.000437,0.2522,0.93,0.8055
DK1_to_FR1_seed1,DK1,FR1,1,55,1.2328,0.1219,4.1408,4.5496,-8.8913,1.3118,1.0,1.0,0.000422,0.2815,0.92,0.8028
DK1_to_FR1_seed1,DK1,FR1,1,56,1.0958,0.1217,4.1145,4.4926,-8.9223,1.2894,1.0,1.0,0.000406,0.28,0.92,0.7971
DK1_to_FR1_seed1,DK1,FR1,1,57,1.0653,0.1142,4.1384,4.423,-8.9018,1.2915,1.0,1.0,0.000391,0.2915,0.92,0.795
DK1_to_FR1_seed1,DK1,FR1,1,58,1.0928,0.1121,4.1622,4.4319,-8.9093,1.2959,1.0,1.0,0.000376,0.2848,0.92,0.8023
DK1_to_FR1_seed1,DK1,FR1,1,59,1.2072,0.111,4.227,4.5194,-8.9524,1.3021,1.0,1.0,0.000361,0.2917,0.92,0.7777
DK1_to_FR1_seed1,DK1,FR1,1,60,1.1765,0.1104,4.2214,4.4706,-8.935,1.3092,1.0,1.0,0.000345,0.2955,0.93,0.7957
DK1_to_FR1_seed1,DK1,FR1,1,61,1.3179,0.1068,4.2496,4.5892,-8.9286,1.3009,1.0,1.0,0.000331,0.2829,0.93,0.8056
DK1_to_FR1_seed1,DK1,FR1,1,62,1.3576,0.1021,4.263,4.5883,-8.9022,1.3065,1.0,1.0,0.000316,0.2874,0.92,0.817
DK1_to_FR1_seed1,DK1,FR1,1,63,1.3037,0.1048,4.2195,4.6265,-8.9296,1.2825,1.0,1.0,0.000301,0.3208,0.91,0.787
DK1_to_FR1_seed1,DK1,FR1,1,64,1.4116,0.1019,4.3208,4.6622,-8.961,1.2877,1.0,1.0,0.000287,0.295,0.92,0.8209
DK1_to_FR1_seed1,DK1,FR1,1,65,1.4281,0.1003,4.2906,4.6992,-8.9524,1.2904,1.0,1.0,0.000273,0.3231,0.91,0.7922
DK1_to_FR1_seed1,DK1,FR1,1,66,1.4422,0.0937,4.2959,4.72,-8.9601,1.2928,1.0,1.0,0.000259,0.3119,0.92,0.8086
DK1_to_FR1_seed1,DK1,FR1,1,67,1.4801,0.0928,4.3424,4.7139,-8.948,1.2789,1.0,1.0,0.000245,0.2828,0.92,0.8007
DK1_to_FR1_seed1,DK1,FR1,1,68,1.4683,0.0907,4.3202,4.7424,-8.9532,1.2682,1.0,1.0,0.000232,0.3645,0.9,0.7858
DK1_to_FR1_seed1,DK1,FR1,1,69,1.3418,0.0901,4.2322,4.6928,-8.9294,1.2561,1.0,1.0,0.000219,0.353,0.9,0.7966
DK1_to_FR1_seed1,DK1,FR1,1,70,1.5694,0.0887,4.3907,4.7235,-8.8868,1.2533,1.0,1.0,0.000206,0.3109,0.92,0.8002
DK1_to_FR1_seed1,DK1,FR1,1,71,1.4392,0.0895,4.3561,4.7012,-8.9757,1.2681,1.0,1.0,0.000194,0.3139,0.92,0.799
DK1_to_FR1_seed1,DK1,FR1,1,72,1.5404,0.0845,4.3952,4.7256,-8.9325,1.2677,1.0,1.0,0.000181,0.3268,0.91,0.7937
DK1_to_FR1_seed1,DK1,FR1,1,73,1.5406,0.0849,4.3551,4.7944,-8.9755,1.2817,1.0,1.0,0.000169,0.3281,0.91,0.7931
DK1_to_FR1_seed1,DK1,FR1,1,74,1.5305,0.0819,4.3148,4.7826,-8.9209,1.2722,1.0,1.0,0.000158,0.3275,0.91,0.7914
DK1_to_FR1_seed1,DK1,FR1,1,75,1.3808,0.0823,4.229,4.758,-8.9515,1.263,1.0,1.0,0.000146,0.3134,0.92,0.8072
DK1_to_FR1_seed1,DK1,FR1,1,76,1.6195,0.0801,4.407,4.7934,-8.9299,1.2687,1.0,1.0,0.000136,0.3285,0.91,0.7921
DK1_to_FR1_seed1,DK1,FR1,1,77,1.4726,0.078,4.3213,4.7431,-8.9278,1.2579,1.0,1.0,0.000125,0.3135,0.92,0.803
DK1_to_FR1_seed1,DK1,FR1,1,78,1.531,0.0795,4.3018,4.8246,-8.9416,1.2666,1.0,1.0,0.000115,0.3072,0.92,0.8055
DK1_to_FR1_seed1,DK1,FR1,1,79,1.4573,0.076,4.2488,4.7906,-8.9201,1.262,1.0,1.0,0.000105,0.3273,0.92,0.798
DK1_to_FR1_seed1,DK1,FR1,1,80,1.3912,0.0733,4.2132,4.7807,-8.932,1.256,1.0,1.0,9.55e-05,0.3265,0.92,0.7977
DK1_to_FR1_seed1,DK1,FR1,1,81,1.4387,0.0741,4.2212,4.8074,-8.9234,1.2594,1.0,1.0,8.65e-05,0.3538,0.91,0.8033
DK1_to_FR1_seed1,DK1,FR1,1,82,1.3917,0.0739,4.2029,4.848,-9.0019,1.2687,1.0,1.0,7.78e-05,0.3228,0.92,0.7999
DK1_to_FR1_seed1,DK1,FR1,1,83,1.4571,0.0722,4.1836,4.839,-8.9031,1.2655,1.0,1.0,6.96e-05,0.3291,0.92,0.8034
DK1_to_FR1_seed1,DK1,FR1,1,84,1.5487,0.0737,4.2764,4.8429,-8.9168,1.2724,1.0,1.0,6.18e-05,0.3137,0.92,0.8148
DK1_to_FR1_seed1,DK1,FR1,1,85,1.5898,0.0725,4.2893,4.8349,-8.8753,1.2685,1.0,1.0,5.45e-05,0.3209,0.92,0.8163
DK1_to_FR1_seed1,DK1,FR1,1,86,1.5142,0.0711,4.3026,4.82,-8.9502,1.2707,1.0,1.0,4.76e-05,0.331,0.92,0.7971
DK1_to_FR1_seed1,DK1,FR1,1,87,1.4441,0.0706,4.2758,4.8076,-8.9759,1.266,1.0,1.0,4.11e-05,0.3404,0.91,0.7973
DK1_to_FR1_seed1,DK1,FR1,1,88,1.4724,0.0701,4.2456,4.813,-8.9338,1.2775,1.0,1.0,3.51e-05,0.3555,0.91,0.7869
DK1_to_FR1_seed1,DK1,FR1,1,89,1.3895,0.0685,4.226,4.7833,-8.9525,1.2642,1.0,1.0,2.96e-05,0.3527,0.91,0.793
DK1_to_FR1_seed1,DK1,FR1,1,90,1.3905,0.0677,4.2337,4.7768,-8.9465,1.2589,1.0,1.0,2.45e-05,0.3557,0.91,0.7931
DK1_to_FR1_seed1,DK1,FR1,1,91,1.352,0.0677,4.2215,4.775,-8.9719,1.2597,1.0,1.0,1.99e-05,0.3554,0.91,0.7897
DK1_to_FR1_seed1,DK1,FR1,1,92,1.3768,0.0668,4.2114,4.7814,-8.9466,1.2639,1.0,1.0,1.57e-05,0.3529,0.91,0.7871
DK1_to_FR1_seed1,DK1,FR1,1,93,1.347,0.0646,4.2034,4.7809,-8.9633,1.2613,1.0,1.0,1.2e-05,0.3439,0.92,0.7994
DK1_to_FR1_seed1,DK1,FR1,1,94,1.3333,0.0667,4.206,4.7685,-8.9719,1.2639,1.0,1.0,8.86e-06,0.3632,0.91,0.7909
DK1_to_FR1_seed1,DK1,FR1,1,95,1.3463,0.0665,4.19,4.7781,-8.9535,1.2651,1.0,1.0,6.16e-06,0.3392,0.92,0.8013
DK1_to_FR1_seed1,DK1,FR1,1,96,1.3252,0.0643,4.1954,4.7529,-8.9588,1.2714,1.0,1.0,3.94e-06,0.3451,0.91,0.7897
DK1_to_FR1_seed1,DK1,FR1,1,97,1.2609,0.0652,4.1924,4.7515,-9.0232,1.275,1.0,1.0,2.22e-06,0.3551,0.91,0.7964
DK1_to_FR1_seed1,DK1,FR1,1,98,1.3187,0.0654,4.1843,4.7507,-8.9541,1.2724,1.0,1.0,9.87e-07,0.3527,0.92,0.8114
DK1_to_FR1_seed1,DK1,FR1,1,99,1.2846,0.0654,4.1879,4.7426,-8.9831,1.2717,1.0,1.0,2.47e-07,0.36,0.91,0.7902
DK1_to_FR1_seed1,DK1,FR1,1,100,1.3362,0.0656,4.1864,4.7599,-8.947,1.2713,1.0,1.0,0.0,0.3443,0.92,0.7946
DK1_to_FR1_seed2,DK1,FR1,2,1,9.258,0.7494,4.2398,7.2453,-3.8687,0.8922,0.997,1.0,0.001,1.7857,0.51,0.2814
DK1_to_FR1_seed2,DK1,FR1,2,2,3.0953,0.4469,3.4683,6.4041,-8.0976,0.8735,1.0,1.0,0.000999,0.6919,0.8,0.4905
DK1_to_FR1_seed2,DK1,FR1,2,3,2.1206,0.4043,3.514,5.8751,-8.7061,1.0332,1.0,1.0,0.000998,0.5172,0.85,0.5755
DK1_to_FR1_seed2,DK1,FR1,2,4,2.0398,0.3864,3.2935,5.9254,-8.6802,1.1147,1.0,1.0,0.000996,0.4886,0.86,0.5623
DK1_to_FR1_seed2,DK1,FR1,2,5,1.9667,0.3814,3.3229,5.8974,-8.7893,1.1543,1.0,1.0,0.000994,0.6843,0.8,0.5536
DK1_to_FR1_seed2,DK1,FR1,2,6,2.1345,0.3679,3.2244,6.1514,-8.7101,1.1009,1.0,1.0,0.000991,0.6306,0.83,0.5053
DK1_to_FR1_seed2,DK1,FR1,2,7,1.477,0.3334,3.2169,5.6834,-8.8784,1.1217,1.0,1.0,0.000988,0.5137,0.85,0.6231
DK1_to_FR1_seed2,DK1,FR1,2,8,1.1087,0.3147,3.164,5.475,-8.9321,1.0872,1.0,1.0,0.000984,0.4743,0.87,0.6384
DK1_to_FR1_seed2,DK1,FR1,2,9,2.0036,0.3359,3.4077,5.9715,-8.8007,1.0893,1.0,1.0,0.00098,0.6558,0.82,0.5433
DK1_to_FR1_seed2,DK1,FR1,2,10,1.448,0.3017,3.2097,5.7167,-8.8949,1.1148,1.0,1.0,0.000976,0.5061,0.86,0.606
DK1_to_FR1_seed2,DK1,FR1,2,11,1.5708,0.3175,3.2577,5.7907,-8.9016,1.1064,1.0,1.0,0.00097,0.5316,0.85,0.6244
DK1_to_FR1_seed2,DK1,FR1,2,12,1.9649,0.3178,3.3823,6.0448,-8.8939,1.1139,1.0,1.0,0.000965,0.7591,0.8,0.4653
DK1_to_FR1_seed2,DK1,FR1,2,13,1.4976,0.3014,3.1942,5.8352,-8.9465,1.1133,1.0,1.0,0.000959,0.6229,0.82,0.6
DK1_to_FR1_seed2,DK1,FR1,2,14,1.5168,0.2935,3.2566,5.7673,-8.9803,1.1798,1.0,1.0,0.000952,0.5594,0.82,0.6177
DK1_to_FR1_seed2,DK1,FR1,2,15,1.1617,0.2891,3.3096,5.333,-8.9285,1.1585,1.0,1.0,0.000946,0.8491,0.77,0.5733
DK1_to_FR1_seed2,DK1,FR1,2,16,1.0805,0.2749,3.186,5.3988,-8.9696,1.1906,1.0,1.0,0.000938,0.6276,0.83,0.6199
DK1_to_FR1_seed2,DK1,FR1,2,17,0.8891,0.2687,3.1236,5.3045,-8.9758,1.1681,1.0,1.0,0.00093,0.6211,0.84,0.6329
DK1_to_FR1_seed2,DK1,FR1,2,18,1.361,0.2743,3.2742,5.5435,-8.9868,1.2558,1.0,1.0,0.000922,0.6301,0.8,0.6186
DK1_to_FR1_seed2,DK1,FR1,2,19,0.9786,0.2551,3.2025,5.2524,-8.973,1.2416,1.0,1.0,0.000914,0.7107,0.79,0.6098
DK1_to_FR1_seed2,DK1,FR1,2,20,1.213,0.2568,3.3157,5.3941,-8.9985,1.245,1.0,1.0,0.000905,0.757,0.74,0.6053
DK1_to_FR1_seed2,DK1,FR1,2,21,0.9806,0.2542,3.3103,5.182,-9.0196,1.2536,1.0,1.0,0.000895,0.4148,0.88,0.719
DK1_to_FR1_seed2,DK1,FR1,2,22,0.4745,0.2466,3.1688,4.8063,-8.9949,1.2478,1.0,1.0,0.000885,0.6196,0.81,0.6343
DK1_to_FR1_seed2,DK1,FR1,2,23,0.627,0.2425,3.198,4.9584,-9.0089,1.237,1.0,1.0,0.000875,0.3546,0.89,0.7557
DK1_to_FR1_seed2,DK1,FR1,2,24,0.569,0.2402,3.2194,4.839,-8.9818,1.2522,1.0,1.0,0.000864,0.5166,0.84,0.6659
DK1_to_FR1_seed2,DK1,FR1,2,25,0.1969,0.2318,3.059,4.7081,-9.0286,1.2265,1.0,1.0,0.000854,0.7389,0.76,0.599
DK1_to_FR1_seed2,DK1,FR1,2,26,0.5319,0.2303,3.2865,4.8175,-9.0132,1.2108,1.0,1.0,0.000842,0.4522,0.87,0.7286
DK1_to_FR1_seed2,DK1,FR1,2,27,0.6662,0.2313,3.1903,5.028,-9.028,1.2446,1.0,1.0,0.000831,0.3654,0.9,0.7443
DK1_to_FR1_seed2,DK1,FR1,2,28,0.7995,0.2255,3.0802,5.1804,-8.9761,1.2895,1.0,1.0,0.000819,0.63,0.81,0.6356
DK1_to_FR1_seed2,DK1,FR1,2,29,0.5073,0.2245,3.0858,4.9497,-9.0022,1.2495,1.0,1.0,0.000806,0.3716,0.89,0.7178
DK1_to_FR1_seed2,DK1,FR1,2,30,0.2617,0.2129,2.9793,4.811,-8.9738,1.2324,1.0,1.0,0.000794,0.3785,0.89,0.7002
DK1_to_FR1_seed2,DK1,FR1,2,31,0.7066,0.2166,3.3081,4.9389,-8.9918,1.2348,1.0,1.0,0.000781,0.4911,0.85,0.6671
DK1_to_FR1_seed2,DK1,FR1,2,32,0.7423,0.221,3.1859,5.0608,-9.0039,1.2784,1.0,1.0,0.000768,0.5471,0.84,0.6411
DK1_to_FR1_seed2,DK1,FR1,2,33,1.1452,0.211,3.4025,5.2753,-9.0148,1.2712,1.0,1.0,0.000755,0.6243,0.82,0.6105
DK1_to_FR1_seed2,DK1,FR1,2,34,1.1127,0.2097,3.5225,5.0846,-8.9715,1.2675,1.0,1.0,0.000741,0.3688,0.9,0.7136
DK1_to_FR1_seed2,DK1,FR1,2,35,1.034,0.2034,3.4751,5.0876,-9.0028,1.2706,1.0,1.0,0.000727,0.2713,0.93,0.7557
DK1_to_FR1_seed2,DK1,FR1,2,36,1.0345,0.1933,3.4628,5.1158,-9.0196,1.2821,1.0,1.0,0.000713,0.4842,0.86,0.6468
DK1_to_FR1_seed2,DK1,FR1,2,37,1.0754,0.1898,3.4009,5.178,-8.9941,1.3009,1.0,1.0,0.000699,0.4108,0.88,0.6859
DK1_to_FR1_seed2,DK1,FR1,2,38,1.2842,0.1908,3.545,5.2305,-9.0009,1.3188,1.0,1.0,0.000684,0.3916,0.89,0.7469
DK1_to_FR1_seed2,DK1,FR1,2,39,0.7917,0.2065,3.2559,5.0921,-9.0182,1.2555,1.0,1.0,0.000669,0.5358,0.84,0.661
DK1_to_FR1_seed2,DK1,FR1,2,40,1.0375,0.2008,3.4318,5.1548,-9.0183,1.2684,1.0,1.0,0.000655,0.4209,0.88,0.6952
DK1_to_FR1_seed2,DK1,FR1,2,41,0.7699,0.185,3.3765,4.9761,-9.0068,1.2392,1.0,1.0,0.000639,0.4921,0.86,0.6573
DK1_to_FR1_seed2,DK1,FR1,2,42,0.8793,0.1929,3.5876,4.9124,-9.042,1.2285,1.0,1.0,0.000624,0.4586,0.87,0.6787
DK1_to_FR1_seed2,DK1,FR1,2,43,0.8219,0.1892,3.5171,4.8791,-9.0376,1.2741,1.0,1.0,0.000609,0.3796,0.9,0.7116
DK1_to_FR1_seed2,DK1,FR1,2,44,0.5515,0.1778,3.3734,4.7633,-9.0319,1.2688,1.0,1.0,0.000594,0.382,0.9,0.699
DK1_to_FR1_seed2,DK1,FR1,2,45,0.8174,0.1743,3.5523,4.8262,-9.02,1.2846,1.0,1.0,0.000578,0.4752,0.86,0.6776
DK1_to_FR1_seed2,DK1,FR1,2,46,1.0059,0.1724,3.6047,4.9324,-8.989,1.2856,1.0,1.0,0.000563,0.4288,0.88,0.6915
DK1_to_FR1_seed2,DK1,FR1,2,47,0.9649,0.1726,3.6106,4.9033,-9.0196,1.2981,1.0,1.0,0.000547,0.5495,0.85,0.6214
DK1_to_FR1_seed2,DK1,FR1,2,48,0.8492,0.1652,3.5689,4.8516,-9.0298,1.2933,1.0,1.0,0.000531,0.452,0.88,0.6713
DK1_to_FR1_seed2,DK1,FR1,2,49,0.7991,0.1673,3.5381,4.8,-9.0002,1.2939,1.0,1.0,0.000516,0.5654,0.84,0.634
DK1_to_FR1_seed2,DK1,FR1,2,50,0.9536,0.1671,3.6075,4.8941,-9.0032,1.2882,1.0,1.0,0.0005,0.4666,0.87,0.6595
DK1_to_FR1_seed2,DK1,FR1,2,51,0.8525,0.1592,3.6103,4.8256,-9.0243,1.2818,1.0,1.0,0.000484,0.4435,0.87,0.6814
DK1_to_FR1_seed2,DK1,FR1,2,52,0.6035,0.1545,3.4701,4.7101,-9.0164,1.2853,1.0,1.0,0.000469,0.4808,0.87,0.6493
DK1_to_FR1_seed2,DK1,FR1,2,53,0.6564,0.1546,3.4633,4.7439,-9.0108,1.3053,1.0,1.0,0.000453,0.3948,0.89,0.7091
DK1_to_FR1_seed2,DK1,FR1,2,54,0.6085,0.1473,3.4427,4.7685,-9.0341,1.2841,1.0,1.0,0.000437,0.4255,0.88,0.6853
DK1_to_FR1_seed2,DK1,FR1,2,55,0.7264,0.1465,3.474,4.7965,-8.9909,1.3003,1.0,1.0,0.000422,0.3118,0.91,0.7664
DK1_to_FR1_seed2,DK1,FR1,2,56,0.5259,0.1412,3.4191,4.722,-9.038,1.2816,1.0,1.0,0.000406,0.3548,0.9,0.7351
DK1_to_FR1_seed2,DK1,FR1,2,57,0.467,0.1392,3.3452,4.7396,-9.0308,1.2738,1.0,1.0,0.000391,0.3944,0.89,0.6963
DK1_to_FR1_seed2,DK1,FR1,2,58,0.4417,0.1362,3.334,4.7038,-9.007,1.2748,1.0,1.0,0.000376,0.4286,0.89,0.7165
DK1_to_FR1_seed2,DK1,FR1,2,59,0.2118,0.135,3.2091,4.6118,-9.0159,1.2718,1.0,1.0,0.000361,0.4453,0.89,0.6935
DK1_to_FR1_seed2,DK1,FR1,2,60,0.4254,0.1325,3.4032,4.6465,-9.0445,1.2876,1.0,1.0,0.000345,0.382,0.9,0.7313
DK1_to_FR1_seed2,DK1,FR1,2,61,0.327,0.1291,3.3276,4.5749,-8.9952,1.2906,1.0,1.0,0.000331,0.4269,0.88,0.7253
DK1_to_FR1_seed2,DK1,FR1,2,62,0.3544,0.1233,3.3462,4.6032,-9.0118,1.2934,1.0,1.0,0.000316,0.4385,0.89,0.7419
DK1_to_FR1_seed2,DK1,FR1,2,63,0.4101,0.1237,3.4239,4.6098,-9.0337,1.2863,1.0,1.0,0.000301,0.3841,0.89,0.7292
DK1_to_FR1_seed2,DK1,FR1,2,64,0.2934,0.1222,3.3017,4.5683,-8.9856,1.2868,1.0,1.0,0.000287,0.3522,0.91,0.7572
DK1_to_FR1_seed2,DK1,FR1,2,65,0.2879,0.1174,3.3041,4.6026,-9.0257,1.2895,1.0,1.0,0.000273,0.3885,0.89,0.73
DK1_to_FR1_seed2,DK1,FR1,2,66,0.284,0.1185,3.3359,4.5744,-9.0409,1.2962,1.0,1.0,0.000259,0.4486,0.88,0.7235
DK1_to_FR1_seed2,DK1,FR1,2,67,0.0989,0.1125,3.2895,4.4563,-9.0329,1.2734,1.0,1.0,0.000245,0.4522,0.88,0.7276
DK1_to_FR1_seed2,DK1,FR1,2,68,0.1619,0.1083,3.2808,4.5151,-9.0378,1.2954,1.0,1.0,0.000232,0.3662,0.91,0.7256
DK1_to_FR1_seed2,DK1,FR1,2,69,0.2591,0.1125,3.3706,4.5178,-9.0315,1.2897,1.0,1.0,0.000219,0.4078,0.9,0.7348
DK1_to_FR1_seed2,DK1,FR1,2,70,0.301,0.1109,3.3641,4.579,-9.0345,1.2815,1.0,1.0,0.000206,0.4053,0.89,0.737
DK1_to_FR1_seed2,DK1,FR1,2,71,0.2735,0.1058,3.3816,4.5537,-9.0502,1.2826,1.0,1.0,0.000194,0.41,0.9,0.7551
DK1_to_FR1_seed2,DK1,FR1,2,72,0.4608,0.1064,3.4568,4.6246,-9.0138,1.2867,1.0,1.0,0.000181,0.366,0.91,0.749
DK1_to_FR1_seed2,DK1,FR1,2,73,0.3529,0.1046,3.4232,4.5631,-9.0163,1.2783,1.0,1.0,0.000169,0.3658,0.91,0.7658
DK1_to_FR1_seed2,DK1,FR1,2,74,0.2524,0.1,3.3197,4.5737,-9.0145,1.2734,1.0,1.0,0.000158,0.3713,0.91,0.7657
DK1_to_FR1_seed2,DK1,FR1,2,75,0.2583,0.0988,3.3353,4.5792,-9.0237,1.2686,1.0,1.0,0.000146,0.3652,0.91,0.7547
DK1_to_FR1_seed2,DK1,FR1,2,76,0.0845,0.0972,3.2331,4.5171,-9.0257,1.2627,1.0,1.0,0.000136,0.3814,0.91,0.7548
DK1_to_FR1_seed2,DK1,FR1,2,77,-0.0025,0.0956,3.162,4.5053,-9.0243,1.2589,1.0,1.0,0.000125,0.3885,0.9,0.7503
DK1_to_FR1_seed2,DK1,FR1,2,78,0.0664,0.0928,3.2236,4.4881,-8.9974,1.2593,1.0,1.0,0.000115,0.4099,0.9,0.7394
DK1_to_FR1_seed2,DK1,FR1,2,79,0.0793,0.0922,3.2327,4.5032,-9.0099,1.2612,1.0,1.0,0.000105,0.398,0.9,0.7525
DK1_to_FR1_seed2,DK1,FR1,2,80,0.0696,0.0893,3.2603,4.4877,-9.0241,1.2564,1.0,1.0,9.55e-05,0.3888,0.9,0.7535
DK1_to_FR1_seed2,DK1,FR1,2,81,0.0345,0.0913,3.2813,4.4657,-9.0595,1.2557,1.0,1.0,8.65e-05,0.4086,0.9,0.7545
DK1_to_FR1_seed2,DK1,FR1,2,82,0.1,0.0868,3.3014,4.4783,-9.0274,1.2609,1.0,1.0,7.78e-05,0.4151,0.9,0.746
DK1_to_FR1_seed2,DK1,FR1,2,83,0.0385,0.0842,3.2808,4.4672,-9.049,1.2552,1.0,1.0,6.96e-05,0.437,0.89,0.7601
DK1_to_FR1_seed2,DK1,FR1,2,84,0.0897,0.0881,3.2514,4.4937,-8.9889,1.2454,1.0,1.0,6.18e-05,0.4016,0.9,0.7602
DK1_to_FR1_seed2,DK1,FR1,2,85,0.0503,0.0837,3.2483,4.4873,-9.0064,1.2375,1.0,1.0,5.45e-05,0.4097,0.9,0.7545
DK1_to_FR1_seed2,DK1,FR1,2,86,0.0334,0.0847,3.2425,4.459,-8.9906,1.2377,1.0,1.0,4.76e-05,0.4208,0.9,0.7558
DK1_to_FR1_seed2,DK1,FR1,2,87,-0.009,0.087,3.2494,4.4434,-9.0268,1.2379,1.0,1.0,4.11e-05,0.4025,0.9,0.7461
DK1_to_FR1_seed2,DK1,FR1,2,88,0.0292,0.085,3.2771,4.4685,-9.0411,1.2397,1.0,1.0,3.51e-05,0.4248,0.89,0.7482
DK1_to_FR1_seed2,DK1,FR1,2,89,0.0425,0.0838,3.2723,4.4552,-9.0038,1.235,1.0,1.0,2.96e-05,0.4332,0.89,0.7337
DK1_to_FR1_seed2,DK1,FR1,2,90,0.0248,0.0838,3.2711,4.4521,-9.013,1.2309,1.0,1.0,2.45e-05,0.4237,0.89,0.7473
DK1_to_FR1_seed2,DK1,FR1,2,91,0.0007,0.0837,3.2612,4.4529,-9.0254,1.2283,1.0,1.0,1.99e-05,0.42,0.9,0.7536
DK1_to_FR1_seed2,DK1,FR1,2,92,0.0141,0.0815,3.2641,4.4501,-9.0089,1.2273,1.0,1.0,1.57e-05,0.4406,0.89,0.7299
DK1_to_FR1_seed2,DK1,FR1,2,93,0.0213,0.083,3.2618,4.4676,-9.0154,1.2244,1.0,1.0,1.2e-05,0.4393,0.89,0.7378
DK1_to_FR1_seed2,DK1,FR1,2,94,0.0185,0.0808,3.2577,4.4672,-9.0112,1.2241,1.0,1.0,8.86e-06,0.4288,0.89,0.7396
DK1_to_FR1_seed2,DK1,FR1,2,95,-0.0368,0.0811,3.2476,4.4604,-9.0472,1.2214,1.0,1.0,6.16e-06,0.4247,0.9,0.7359
DK1_to_FR1_seed2,DK1,FR1,2,96,-0.067,0.0801,3.2537,4.4418,-9.0618,1.2191,1.0,1.0,3.94e-06,0.4231,0.9,0.7469
DK1_to_FR1_seed2,DK1,FR1,2,97,-0.0088,0.0815,3.2414,4.4599,-9.0097,1.2182,1.0,1.0,2.22e-06,0.4292,0.89,0.7407
DK1_to_FR1_seed2,DK1,FR1,2,98,-0.0445,0.0771,3.2457,4.4514,-9.0373,1.2185,1.0,1.0,9.87e-07,0.4175,0.9,0.7495
DK1_to_FR1_seed2,DK1,FR1,2,99,-0.0408,0.08,3.244,4.4451,-9.0274,1.2174,1.0,1.0,2.47e-07,0.413,0.9,0.7536
DK1_to_FR1_seed2,DK1,FR1,2,100,-0.0056,0.08,3.2433,4.448,-8.9934,1.2166,1.0,1.0,0.0,0.4237,0.9,0.7428
DK1_to_FR1_seed3,DK1,FR1,3,1,10.0332,0.7749,4.5667,7.1937,-3.2729,0.7709,0.997,1.0,0.001,0.6004,0.84,0.49
DK1_to_FR1_seed3,DK1,FR1,3,2,4.2763,0.4625,3.5643,6.6019,-7.4873,1.1348,1.0,1.0,0.000999,0.6783,0.82,0.4821
DK1_to_FR1_seed3,DK1,FR1,3,3,2.443,0.399,3.2189,6.1974,-8.4048,1.0326,1.0,1.0,0.000998,0.4671,0.87,0.5817
DK1_to_FR1_seed3,DK1,FR1,3,4,1.7307,0.37,3.22,5.7678,-8.6487,1.0217,1.0,1.0,0.000996,0.7754,0.81,0.5126
DK1_to_FR1_seed3,DK1,FR1,3,5,1.8223,0.3493,3.1082,5.911,-8.6524,1.1062,1.0,1.0,0.000994,1.5801,0.57,0.3239
DK1_to_FR1_seed3,DK1,FR1,3,6,2.1456,0.3607,3.3142,6.0216,-8.6406,1.0897,1.0,1.0,0.000991,0.9165,0.74,0.4841
DK1_to_FR1_seed3,DK1,FR1,3,7,2.3723,0.3465,3.5387,6.1105,-8.7487,1.1253,1.0,1.0,0.000988,0.4247,0.89,0.6055
DK1_to_FR1_seed3,DK1,FR1,3,8,1.6781,0.3125,3.3199,5.7426,-8.8341,1.1372,1.0,1.0,0.000984,0.5423,0.84,0.6082
DK1_to_FR1_seed3,DK1,FR1,3,9,1.3603,0.2915,3.1482,5.6032,-8.823,1.1405,1.0,1.0,0.00098,0.6366,0.82,0.5937
DK1_to_FR2_seed1,DK1,FR2,1,1,7.8901,0.6324,4.5807,6.9999,-5.4103,1.0875,0.998,1.0,0.001,0.8724,0.75,0.4402
DK1_to_FR2_seed1,DK1,FR2,1,2,3.5443,0.4089,3.9105,6.4256,-8.4321,1.2314,1.0,1.0,0.000999,0.4879,0.87,0.5636
DK1_to_FR2_seed1,DK1,FR2,1,3,2.7042,0.3696,3.6206,6.2157,-8.7091,1.2074,1.0,1.0,0.000998,0.5517,0.84,0.5322
DK1_to_FR2_seed1,DK1,FR2,1,4,2.6868,0.3712,3.5472,6.3571,-8.7694,1.1806,1.0,1.0,0.000996,0.5853,0.83,0.5704
DK1_to_FR2_seed1,DK1,FR2,1,5,2.2931,0.3504,3.4014,6.2591,-8.8592,1.1414,1.0,1.0,0.000994,0.4437,0.88,0.5983
DK1_to_FR2_seed1,DK1,FR2,1,6,2.2153,0.3153,3.3956,6.2109,-8.9275,1.221,1.0,1.0,0.000991,0.4317,0.88,0.5843
DK1_to_FR2_seed1,DK1,FR2,1,7,2.7393,0.3093,3.7132,6.3899,-8.9187,1.2457,1.0,1.0,0.000988,0.4139,0.88,0.6767
DK1_to_FR2_seed1,DK1,FR2,1,8,2.1818,0.2712,3.6088,5.9982,-8.9797,1.2833,1.0,1.0,0.000984,0.3786,0.89,0.6709
DK1_to_FR2_seed1,DK1,FR2,1,9,2.7856,0.2673,3.946,6.1683,-8.9544,1.3585,1.0,1.0,0.00098,0.3509,0.91,0.6839
DK1_to_FR2_seed1,DK1,FR2,1,10,1.6958,0.2401,3.5092,5.5903,-9.001,1.3572,1.0,1.0,0.000976,0.4957,0.87,0.6666
DK1_to_FR2_seed1,DK1,FR2,1,11,1.0808,0.2261,3.2136,5.2853,-9.0057,1.3616,1.0,1.0,0.00097,0.3356,0.91,0.7159
DK1_to_FR2_seed1,DK1,FR2,1,12,0.9665,0.221,3.253,5.1591,-9.0218,1.3552,1.0,1.0,0.000965,0.4288,0.89,0.6309
DK1_to_FR2_seed1,DK1,FR2,1,13,0.6819,0.2156,3.2633,4.8798,-9.0336,1.3569,1.0,1.0,0.000959,0.3661,0.9,0.7105
DK1_to_FR2_seed1,DK1,FR2,1,14,0.4814,0.2108,2.9938,4.928,-9.0145,1.3632,1.0,1.0,0.000952,0.4501,0.88,0.6969
DK1_to_FR2_seed1,DK1,FR2,1,15,0.3512,0.196,2.8569,4.9508,-9.0144,1.3618,1.0,1.0,0.000946,0.3316,0.91,0.7484
DK1_to_FR2_seed1,DK1,FR2,1,16,0.175,0.1914,2.8893,4.7737,-9.0419,1.3625,1.0,1.0,0.000938,0.356,0.91,0.7008
DK1_to_FR2_seed1,DK1,FR2,1,17,-0.3876,0.1734,2.6587,4.449,-9.0174,1.3487,1.0,1.0,0.00093,0.3886,0.91,0.6862
DK1_to_FR2_seed1,DK1,FR2,1,18,-0.6846,0.1642,2.4496,4.3794,-9.0297,1.3519,1.0,1.0,0.000922,0.3621,0.91,0.7177
DK1_to_FR2_seed1,DK1,FR2,1,19,-0.8492,0.1535,2.4992,4.1968,-9.052,1.3532,1.0,1.0,0.000914,0.3141,0.92,0.7778
DK1_to_FR2_seed1,DK1,FR2,1,20,-1.0934,0.1548,2.3665,4.0911,-9.0508,1.345,1.0,1.0,0.000905,0.3335,0.92,0.7614
DK1_to_FR2_seed1,DK1,FR2,1,21,-1.1598,0.1499,2.3467,4.0246,-9.015,1.334,1.0,1.0,0.000895,0.386,0.91,0.7479
DK1_to_FR2_seed1,DK1,FR2,1,22,-0.7026,0.1494,2.577,4.2824,-9.044,1.3326,1.0,1.0,0.000885,0.4564,0.9,0.6499
DK1_to_FR2_seed1,DK1,FR2,1,23,-0.1523,0.1602,2.8897,4.505,-9.0429,1.3356,1.0,1.0,0.000875,0.4019,0.9,0.6984
DK1_to_FR2_seed1,DK1,FR2,1,24,-0.2695,0.1508,2.747,4.5432,-9.0412,1.3307,1.0,1.0,0.000864,0.3898,0.91,0.6888
DK1_to_FR2_seed1,DK1,FR2,1,25,0.0266,0.1559,2.8715,4.6873,-9.0372,1.3491,1.0,1.0,0.000854,0.3373,0.92,0.7496
DK1_to_FR2_seed1,DK1,FR2,1,26,0.9797,0.1892,2.9982,5.4657,-9.0319,1.3586,1.0,1.0,0.000842,0.393,0.89,0.6696
DK1_to_FR2_seed1,DK1,FR2,1,27,0.3521,0.1687,2.9306,4.9296,-9.0038,1.327,1.0,1.0,0.000831,0.3767,0.91,0.6954
DK1_to_FR2_seed1,DK1,FR2,1,28,0.6097,0.1731,3.2199,4.9691,-9.0717,1.3194,1.0,1.0,0.000819,0.2906,0.92,0.7199
DK1_to_FR2_seed1,DK1,FR2,1,29,0.1017,0.1562,2.9474,4.7091,-9.0212,1.3102,1.0,1.0,0.000806,0.3982,0.89,0.6898
DK1_to_FR2_seed1,DK1,FR2,1,30,0.2519,0.1492,3.016,4.7984,-9.0272,1.3155,1.0,1.0,0.000794,0.3461,0.91,0.7547
DK1_to_FR2_seed1,DK1,FR2,1,31,-0.1248,0.1343,2.8698,4.5991,-9.0421,1.3141,1.0,1.0,0.000781,0.4202,0.9,0.7402
DK1_to_FR2_seed1,DK1,FR2,1,32,0.0035,0.133,2.8878,4.7292,-9.0719,1.3253,1.0,1.0,0.000768,0.3293,0.91,0.7923
DK1_to_FR2_seed1,DK1,FR2,1,33,0.0026,0.1291,2.8792,4.6954,-9.0418,1.3407,1.0,1.0,0.000755,0.3623,0.91,0.6994
DK1_to_FR2_seed1,DK1,FR2,1,34,-0.2002,0.1211,2.8573,4.5265,-9.0509,1.3458,1.0,1.0,0.000741,0.3588,0.92,0.7567
DK1_to_FR2_seed1,DK1,FR2,1,35,-0.4699,0.1177,2.6953,4.4357,-9.0547,1.3361,1.0,1.0,0.000727,0.3898,0.91,0.7036
DK1_to_FR2_seed1,DK1,FR2,1,36,-0.3735,0.1123,2.7529,4.4701,-9.0434,1.3346,1.0,1.0,0.000713,0.3934,0.91,0.7206
DK1_to_FR2_seed1,DK1,FR2,1,37,-0.0715,0.1095,2.9775,4.5477,-9.0457,1.3396,1.0,1.0,0.000699,0.4197,0.91,0.7223
DK1_to_FR2_seed1,DK1,FR2,1,38,0.2033,0.114,3.1544,4.6459,-9.055,1.344,1.0,1.0,0.000684,0.3913,0.91,0.7316
DK1_to_FR2_seed1,DK1,FR2,1,39,-0.1663,0.0989,2.9541,4.5072,-9.0576,1.3312,1.0,1.0,0.000669,0.4135,0.91,0.7571
DK1_to_FR2_seed1,DK1,FR2,1,40,-0.1179,0.096,2.8419,4.6511,-9.043,1.336,1.0,1.0,0.000655,0.4531,0.9,0.6927
DK1_to_FR2_seed1,DK1,FR2,1,41,-0.3053,0.0901,2.7964,4.5182,-9.0464,1.3363,1.0,1.0,0.000639,0.47,0.9,0.6875
DK1_to_FR2_seed1,DK1,FR2,1,42,-0.2906,0.0863,2.8262,4.492,-9.0344,1.3393,1.0,1.0,0.000624,0.5325,0.89,0.6548
DK1_to_FR2_seed1,DK1,FR2,1,43,-0.4475,0.0825,2.8008,4.3967,-9.0538,1.3262,1.0,1.0,0.000609,0.423,0.9,0.7415
DK1_to_FR2_seed1,DK1,FR2,1,44,-0.3412,0.0806,2.8857,4.4292,-9.0523,1.3156,1.0,1.0,0.000594,0.4548,0.89,0.7131
DK1_to_FR2_seed1,DK1,FR2,1,45,-0.4565,0.0769,2.8887,4.3461,-9.0882,1.32,1.0,1.0,0.000578,0.4219,0.9,0.7213
DK1_to_FR2_seed1,DK1,FR2,1,46,-0.5127,0.0784,2.7444,4.4084,-9.0668,1.323,1.0,1.0,0.000563,0.488,0.89,0.7075
DK1_to_FR2_seed1,DK1,FR2,1,47,-0.7484,0.0724,2.6387,4.2822,-9.0606,1.319,1.0,1.0,0.000547,0.4048,0.91,0.7422
DK1_to_FR2_seed1,DK1,FR2,1,48,-0.6728,0.071,2.6764,4.3297,-9.0732,1.3234,1.0,1.0,0.000531,0.5277,0.89,0.6855
DK1_to_FR2_seed1,DK1,FR2,1,49,-0.6056,0.0689,2.6623,4.3908,-9.0354,1.3079,1.0,1.0,0.000516,0.5039,0.9,0.7116
DK1_to_FR2_seed1,DK1,FR2,1,50,-0.5641,0.0652,2.6711,4.4379,-9.0594,1.3211,1.0,1.0,0.0005,0.468,0.91,0.7356
DK1_to_FR2_seed1,DK1,FR2,1,51,-0.6429,0.0624,2.6546,4.3776,-9.057,1.3194,1.0,1.0,0.000484,0.5122,0.89,0.7109
DK1_to_FR2_seed1,DK1,FR2,1,52,-0.7097,0.0611,2.5922,4.3938,-9.0671,1.3103,1.0,1.0,0.000469,0.4855,0.9,0.7184
DK1_to_FR2_seed1,DK1,FR2,1,53,-0.811,0.0573,2.5366,4.3447,-9.0569,1.3073,1.0,1.0,0.000453,0.4921,0.91,0.681
DK1_to_FR2_seed1,DK1,FR2,1,54,-0.6486,0.0544,2.6223,4.4268,-9.0666,1.3146,1.0,1.0,0.000437,0.4784,0.9,0.7241
DK1_to_FR2_seed1,DK1,FR2,1,55,-0.6358,0.0548,2.6396,4.4058,-9.0446,1.3086,1.0,1.0,0.000422,0.4673,0.91,0.7445
DK1_to_FR2_seed1,DK1,FR2,1,56,-0.663,0.0532,2.617,4.4191,-9.0613,1.309,1.0,1.0,0.000406,0.5072,0.9,0.7451
DK1_to_FR2_seed1,DK1,FR2,1,57,-0.6698,0.0495,2.6275,4.3891,-9.0428,1.307,1.0,1.0,0.000391,0.5158,0.9,0.7272
DK1_to_FR2_seed1,DK1,FR2,1,58,-0.7064,0.0517,2.5781,4.4131,-9.05,1.3007,1.0,1.0,0.000376,0.459,0.91,0.7584
DK1_to_FR2_seed1,DK1,FR2,1,59,-0.6274,0.0479,2.642,4.4288,-9.0546,1.3084,1.0,1.0,0.000361,0.4556,0.91,0.7436
DK1_to_FR2_seed1,DK1,FR2,1,60,-0.631,0.0483,2.6478,4.4297,-9.0607,1.3039,1.0,1.0,0.000345,0.4666,0.91,0.7526
DK1_to_FR2_seed1,DK1,FR2,1,61,-0.7465,0.0465,2.5326,4.4391,-9.0728,1.3081,1.0,1.0,0.000331,0.4851,0.91,0.7274
DK1_to_FR2_seed1,DK1,FR2,1,62,-0.7434,0.0448,2.5026,4.4585,-9.0465,1.2972,1.0,1.0,0.000316,0.5205,0.9,0.7218
DK1_to_FR2_seed1,DK1,FR2,1,63,-0.6559,0.0437,2.6005,4.4656,-9.0581,1.2925,1.0,1.0,0.000301,0.5168,0.91,0.7506
DK1_to_FR2_seed1,DK1,FR2,1,64,-0.7197,0.0428,2.5863,4.43,-9.0706,1.2918,1.0,1.0,0.000287,0.5284,0.91,0.7227
DK1_to_FR2_seed1,DK1,FR2,1,65,-0.8401,0.0407,2.5054,4.3812,-9.0701,1.3027,1.0,1.0,0.000273,0.5256,0.9,0.7251
DK1_to_FR2_seed1,DK1,FR2,1,66,-0.7788,0.0412,2.5461,4.3988,-9.0603,1.2953,1.0,1.0,0.000259,0.5087,0.91,0.7396
DK1_to_FR2_seed1,DK1,FR2,1,67,-0.8674,0.0401,2.4693,4.387,-9.049,1.2852,1.0,1.0,0.000245,0.5575,0.9,0.7524
DK1_to_FR2_seed1,DK1,FR2,1,68,-0.8463,0.0379,2.5111,4.3888,-9.073,1.2889,1.0,1.0,0.000232,0.5501,0.9,0.7475
DK1_to_FR2_seed1,DK1,FR2,1,69,-0.859,0.0375,2.4892,4.3869,-9.049,1.2764,1.0,1.0,0.000219,0.5353,0.9,0.7514
DK1_to_FR2_seed1,DK1,FR2,1,70,-0.768,0.037,2.5912,4.3774,-9.0619,1.2883,1.0,1.0,0.000206,0.5274,0.9,0.7351
DK1_to_FR2_seed1,DK1,FR2,1,71,-0.7937,0.0339,2.5333,4.4194,-9.0753,1.2949,1.0,1.0,0.000194,0.526,0.91,0.7281
DK1_to_FR2_seed1,DK1,FR2,1,72,-0.7927,0.0332,2.5446,4.3907,-9.0457,1.2845,1.0,1.0,0.000181,0.5811,0.9,0.7202
DK1_to_FR2_seed1,DK1,FR2,1,73,-0.7734,0.0324,2.5805,4.3924,-9.0645,1.2857,1.0,1.0,0.000169,0.5847,0.9,0.707
DK1_to_FR2_seed1,DK1,FR2,1,74,-0.714,0.0328,2.6614,4.3854,-9.0674,1.2738,1.0,1.0,0.000158,0.5704,0.9,0.7366
DK1_to_FR2_seed1,DK1,FR2,1,75,-0.8552,0.0312,2.5179,4.3802,-9.0553,1.2708,1.0,1.0,0.000146,0.558,0.89,0.7283
DK1_to_FR2_seed1,DK1,FR2,1,76,-0.836,0.0293,2.5291,4.3943,-9.0564,1.2677,1.0,1.0,0.000136,0.6019,0.89,0.7193
DK1_to_FR2_seed1,DK1,FR2,1,77,-0.8263,0.0294,2.5319,4.3977,-9.0602,1.2749,1.0,1.0,0.000125,0.5965,0.89,0.7123
DK1_to_FR2_seed1,DK1,FR2,1,78,-0.734,0.0315,2.5458,4.4767,-9.074,1.2859,1.0,1.0,0.000115,0.5703,0.9,0.7254
DK1_to_FR2_seed1,DK1,FR2,1,79,-0.7,0.0296,2.5779,4.4497,-9.0447,1.2874,1.0,1.0,0.000105,0.5756,0.9,0.7207
DK1_to_FR2_seed1,DK1,FR2,1,80,-0.6093,0.0295,2.6299,4.5218,-9.0605,1.27,1.0,1.0,9.55e-05,0.5572,0.9,0.7351
DK1_to_FR2_seed1,DK1,FR2,1,81,-0.652,0.0275,2.6064,4.5103,-9.0735,1.2773,1.0,1.0,8.65e-05,0.5954,0.89,0.7211
DK1_to_FR2_seed1,DK1,FR2,1,82,-0.6178,0.027,2.6345,4.536,-9.0866,1.2713,1.0,1.0,7.78e-05,0.5852,0.9,0.7242
DK1_to_FR2_seed1,DK1,FR2,1,83,-0.5568,0.0273,2.6871,4.5346,-9.0654,1.2596,1.0,1.0,6.96e-05,0.5973,0.9,0.7154
DK1_to_FR2_seed1,DK1,FR2,1,84,-0.4826,0.028,2.718,4.5559,-9.0465,1.2619,1.0,1.0,6.18e-05,0.5678,0.9,0.7275
DK1_to_FR2_seed1,DK1,FR2,1,85,-0.5002,0.027,2.7304,4.5399,-9.057,1.2595,1.0,1.0,5.45e-05,0.5955,0.89,0.719
DK1_to_FR2_seed1,DK1,FR2,1,86,-0.5483,0.0275,2.6943,4.5237,-9.0446,1.2508,1.0,1.0,4.76e-05,0.5171,0.91,0.7458
DK1_to_FR2_seed1,DK1,FR2,1,87,-0.5191,0.0285,2.7256,4.5435,-9.064,1.2473,1.0,1.0,4.11e-05,0.581,0.89,0.7223
DK1_to_FR2_seed1,DK1,FR2,1,88,-0.5377,0.0269,2.7507,4.5225,-9.0793,1.2415,1.0,1.0,3.51e-05,0.5574,0.9,0.7325
DK1_to_FR2_seed1,DK1,FR2,1,89,-0.5105,0.0256,2.7762,4.507,-9.0582,1.2388,1.0,1.0,2.96e-05,0.5678,0.9,0.7129
DK1_to_FR2_seed1,DK1,FR2,1,90,-0.5209,0.025,2.7454,4.5214,-9.0523,1.2397,1.0,1.0,2.45e-05,0.6152,0.89,0.7178
DK1_to_FR2_seed1,DK1,FR2,1,91,-0.6165,0.0246,2.6881,4.5015,-9.0763,1.2456,1.0,1.0,1.99e-05,0.5821,0.9,0.7299
DK1_to_FR2_seed1,DK1,FR2,1,92,-0.6152,0.0244,2.6821,4.5027,-9.067,1.2425,1.0,1.0,1.57e-05,0.5932,0.89,0.7251
DK1_to_FR2_seed1,DK1,FR2,1,93,-0.6033,0.0261,2.6738,4.5136,-9.0577,1.241,1.0,1.0,1.2e-05,0.573,0.9,0.7248
DK1_to_FR2_seed1,DK1,FR2,1,94,-0.6438,0.0248,2.6659,4.4906,-9.0616,1.2364,1.0,1.0,8.86e-06,0.597,0.89,0.7374
DK1_to_FR2_seed1,DK1,FR2,1,95,-0.6357,0.0244,2.6777,4.4865,-9.0609,1.2365,1.0,1.0,6.16e-06,0.5781,0.9,0.7325
DK1_to_FR2_seed1,DK1,FR2,1,96,-0.6594,0.0239,2.6879,4.4704,-9.0796,1.2379,1.0,1.0,3.94e-06,0.5748,0.9,0.7237
DK1_to_FR2_seed1,DK1,FR2,1,97,-0.6726,0.0233,2.6815,4.4766,-9.0892,1.2352,1.0,1.0,2.22e-06,0.5928,0.9,0.7328
DK1_to_FR2_seed1,DK1,FR2,1,98,-0.634,0.0243,2.6909,4.489,-9.0718,1.2336,1.0,1.0,9.87e-07,0.5821,0.9,0.723
DK1_to_FR2_seed1,DK1,FR2,1,99,-0.639,0.0236,2.6917,4.4897,-9.0781,1.2342,1.0,1.0,2.47e-07,0.5841,0.9,0.7334
DK1_to_FR2_seed1,DK1,FR2,1,100,-0.6163,0.0246,2.6869,4.4946,-9.0567,1.2343,1.0,1.0,0.0,0.5888,0.9,0.7289
DK1_to_FR2_seed2,DK1,FR2,2,1,6.5986,0.5804,4.5593,6.3132,-5.9034,1.0492,0.998,1.0,0.001,0.644,0.81,0.5021
DK1_to_FR2_seed2,DK1,FR2,2,2,3.1782,0.4004,3.9484,6.4074,-8.6844,1.1063,1.0,1.0,0.000999,0.41,0.88,0.6145
DK1_to_FR2_seed2,DK1,FR2,2,3,3.78,0.3709,4.375,6.6542,-8.8309,1.2109,1.0,1.0,0.000998,0.4536,0.88,0.5891
DK1_to_FR2_seed2,DK1,FR2,2,4,3.9168,0.3363,4.6592,6.5394,-8.871,1.2529,1.0,1.0,0.000996,0.4635,0.87,0.6083
DK1_to_FR2_seed2,DK1,FR2,2,5,3.2733,0.2994,4.5787,6.0361,-8.9203,1.2794,1.0,1.0,0.000994,0.6467,0.8,0.6153
DK1_to_FR2_seed2,DK1,FR2,2,6,2.809,0.28,4.3922,5.7674,-8.939,1.3084,1.0,1.0,0.000991,0.4558,0.86,0.6369
DK1_to_FR2_seed2,DK1,FR2,2,7,2.406,0.2724,4.3134,5.4333,-8.9084,1.2954,1.0,1.0,0.000988,0.4714,0.85,0.6221
DK1_to_FR2_seed2,DK1,FR2,2,8,2.1235,0.2484,4.2927,5.2274,-8.9713,1.3263,1.0,1.0,0.000984,0.395,0.88,0.7004
DK1_to_FR2_seed2,DK1,FR2,2,9,1.8931,0.2363,4.1326,5.1407,-8.961,1.3446,1.0,1.0,0.00098,0.4224,0.87,0.6903
DK1_to_FR2_seed2,DK1,FR2,2,10,1.5195,0.2278,4.0052,4.9269,-8.9747,1.3342,1.0,1.0,0.000976,0.3962,0.89,0.7054
DK1_to_FR2_seed2,DK1,FR2,2,11,1.6197,0.2237,4.1148,4.93,-8.9793,1.3305,1.0,1.0,0.00097,0.4123,0.88,0.6982
DK1_to_FR2_seed2,DK1,FR2,2,12,1.201,0.2063,3.8767,4.7917,-9.01,1.3365,1.0,1.0,0.000965,0.2836,0.93,0.7949
DK1_to_FR2_seed2,DK1,FR2,2,13,1.6219,0.2104,4.1577,4.8913,-8.9688,1.3313,1.0,1.0,0.000959,0.3822,0.89,0.7297
DK1_to_FR2_seed2,DK1,FR2,2,14,2.0616,0.2176,4.3474,5.1216,-8.9501,1.3251,1.0,1.0,0.000952,0.6097,0.82,0.6485
DK1_to_FR2_seed2,DK1,FR2,2,15,1.8549,0.2073,4.2644,5.0068,-8.9539,1.3304,1.0,1.0,0.000946,0.2963,0.92,0.7406
DK1_to_FR2_seed2,DK1,FR2,2,16,1.673,0.1979,4.1886,4.951,-8.9917,1.3271,1.0,1.0,0.000938,0.3577,0.9,0.767
DK1_to_FR2_seed2,DK1,FR2,2,17,1.856,0.1914,4.3214,4.9713,-8.951,1.323,1.0,1.0,0.00093,0.6395,0.82,0.6791
DK1_to_FR2_seed2,DK1,FR2,2,18,1.8687,0.205,4.2664,5.0322,-8.9592,1.3244,1.0,1.0,0.000922,0.4811,0.87,0.7282
DK1_to_FR2_seed2,DK1,FR2,2,19,1.4801,0.1896,4.1095,4.835,-8.9676,1.3137,1.0,1.0,0.000914,0.4437,0.88,0.7241
DK1_to_FR2_seed2,DK1,FR2,2,20,1.5227,0.1836,4.1433,4.854,-8.9746,1.3163,1.0,1.0,0.000905,0.4323,0.89,0.7211
DK1_to_FR2_seed2,DK1,FR2,2,21,1.521,0.1873,4.2138,4.8037,-9.0046,1.3207,1.0,1.0,0.000895,0.4245,0.88,0.7062
DK1_to_FR2_seed2,DK1,FR2,2,22,1.1888,0.1863,4.0262,4.6494,-8.979,1.3059,1.0,1.0,0.000885,0.481,0.88,0.7363
DK1_to_FR2_seed2,DK1,FR2,2,23,1.6965,0.1972,4.183,4.9586,-8.9626,1.3202,1.0,1.0,0.000875,0.4102,0.89,0.7446
DK1_to_FR2_seed2,DK1,FR2,2,24,1.3916,0.1795,4.0963,4.7688,-8.9624,1.3093,1.0,1.0,0.000864,0.5146,0.87,0.6944
DK1_to_FR2_seed2,DK1,FR2,2,25,1.4696,0.1746,4.0442,4.9073,-8.958,1.3014,1.0,1.0,0.000854,0.5837,0.86,0.6966
DK1_to_FR2_seed2,DK1,FR2,2,26,1.5925,0.1683,4.1419,4.9526,-8.9808,1.3105,1.0,1.0,0.000842,0.4169,0.89,0.7295
DK1_to_FR2_seed2,DK1,FR2,2,27,1.3618,0.1663,4.0882,4.7897,-8.9975,1.3152,1.0,1.0,0.000831,0.4484,0.89,0.7059
DK1_to_FR2_seed2,DK1,FR2,2,28,1.3046,0.1601,4.0125,4.7958,-8.9746,1.3108,1.0,1.0,0.000819,0.6852,0.85,0.6751
DK1_to_FR2_seed2,DK1,FR2,2,29,1.0771,0.1472,3.8653,4.7372,-9.0022,1.3296,1.0,1.0,0.000806,0.4926,0.89,0.6948
DK1_to_FR2_seed2,DK1,FR2,2,30,1.0654,0.1425,3.8944,4.6806,-8.9654,1.3134,1.0,1.0,0.000794,0.5468,0.87,0.6873
DK1_to_FR2_seed2,DK1,FR2,2,31,0.8517,0.1399,3.7263,4.6481,-8.9953,1.3326,1.0,1.0,0.000781,0.4384,0.89,0.7175
DK1_to_FR2_seed2,DK1,FR2,2,32,0.6587,0.1412,3.6742,4.5089,-8.9886,1.323,1.0,1.0,0.000768,0.4555,0.89,0.7453
DK1_to_FR2_seed2,DK1,FR2,2,33,0.3061,0.1315,3.4129,4.4254,-8.968,1.3044,1.0,1.0,0.000755,0.4703,0.89,0.7394
DK1_to_FR2_seed2,DK1,FR2,2,34,0.5673,0.1291,3.646,4.4285,-8.9557,1.3193,1.0,1.0,0.000741,0.5662,0.87,0.7055
DK1_to_FR2_seed2,DK1,FR2,2,35,0.4169,0.1197,3.5074,4.4557,-8.9958,1.3299,1.0,1.0,0.000727,0.6041,0.87,0.6954
DK1_to_FR2_seed2,DK1,FR2,2,36,0.1753,0.1146,3.3274,4.4069,-9.0034,1.3298,1.0,1.0,0.000713,0.4469,0.9,0.7519
DK1_to_FR2_seed2,DK1,FR2,2,37,0.3702,0.1144,3.5149,4.4042,-8.9877,1.3243,1.0,1.0,0.000699,0.4645,0.9,0.6985
DK1_to_FR2_seed2,DK1,FR2,2,38,0.2412,0.1088,3.4479,4.364,-9.0049,1.3254,1.0,1.0,0.000684,0.4698,0.9,0.7413
DK1_to_FR2_seed2,DK1,FR2,2,39,0.0402,0.1031,3.3592,4.2788,-9.024,1.3232,1.0,1.0,0.000669,0.4742,0.9,0.7541
DK1_to_FR2_seed2,DK1,FR2,2,40,0.0062,0.0973,3.3047,4.2579,-8.9841,1.3303,1.0,1.0,0.000655,0.5617,0.88,0.6983
DK1_to_FR2_seed2,DK1,FR2,2,41,0.0504,0.096,3.3546,4.2929,-9.0115,1.3183,1.0,1.0,0.000639,0.5197,0.89,0.7173
DK1_to_FR2_seed2,DK1,FR2,2,42,-0.1653,0.0888,3.2843,4.1802,-9.0314,1.3129,1.0,1.0,0.000624,0.5299,0.89,0.7364
DK1_to_FR2_seed2,DK1,FR2,2,43,-0.0768,0.0852,3.3281,4.2,-8.9972,1.3072,1.0,1.0,0.000609,0.4461,0.91,0.7655
DK1_to_FR2_seed2,DK1,FR2,2,44,-0.1327,0.0835,3.3096,4.1496,-8.9987,1.3233,1.0,1.0,0.000594,0.4807,0.9,0.7642
DK1_to_FR2_seed2,DK1,FR2,2,45,-0.273,0.0776,3.2482,4.1017,-9.0173,1.3168,1.0,1.0,0.000578,0.4194,0.91,0.7643
DK1_to_FR2_seed2,DK1,FR2,2,46,-0.3726,0.0793,3.1775,4.0809,-9.0242,1.3138,1.0,1.0,0.000563,0.5086,0.89,0.7138
DK1_to_FR2_seed2,DK1,FR2,2,47,-0.5944,0.0717,3.0329,4.0063,-9.0129,1.3076,1.0,1.0,0.000547,0.4628,0.9,0.7422
DK1_to_FR2_seed2,DK1,FR2,2,48,-0.1555,0.0742,3.1768,4.2971,-9.0132,1.3096,1.0,1.0,0.000531,0.5345,0.88,0.7454
DK1_to_FR2_seed2,DK1,FR2,2,49,-0.1865,0.0704,3.2629,4.1707,-9.0153,1.3247,1.0,1.0,0.000516,0.4785,0.91,0.7713
DK1_to_FR2_seed2,DK1,FR2,2,50,-0.2963,0.0658,3.2118,4.1166,-9.0099,1.3194,1.0,1.0,0.0005,0.5034,0.9,0.7492
DK1_to_FR2_seed2,DK1,FR2,2,51,-0.3238,0.0639,3.2592,4.059,-9.0241,1.3182,1.0,1.0,0.000484,0.5341,0.89,0.7441
DK1_to_FR2_seed2,DK1,FR2,2,52,-0.3743,0.062,3.1938,4.0691,-9.0051,1.3058,1.0,1.0,0.000469,0.6836,0.87,0.7132
DK1_to_FR2_seed2,DK1,FR2,2,53,-0.2503,0.0625,3.2397,4.1481,-9.0124,1.3118,1.0,1.0,0.000453,0.5338,0.89,0.7451
DK1_to_FR2_seed2,DK1,FR2,2,54,-0.1562,0.0576,3.2695,4.1937,-9.0001,1.323,1.0,1.0,0.000437,0.6257,0.88,0.7004
DK1_to_FR2_seed2,DK1,FR2,2,55,-0.177,0.0565,3.2216,4.2139,-9.0043,1.3352,1.0,1.0,0.000422,0.6142,0.88,0.7309
DK1_to_FR2_seed2,DK1,FR2,2,56,-0.1675,0.052,3.2139,4.2492,-8.9996,1.317,1.0,1.0,0.000406,0.5669,0.89,0.728
DK1_to_FR2_seed2,DK1,FR2,2,57,-0.1156,0.0534,3.2904,4.242,-9.0218,1.3205,1.0,1.0,0.000391,0.6243,0.89,0.7274
DK1_to_FR2_seed2,DK1,FR2,2,58,-0.0132,0.0505,3.2975,4.3161,-9.0093,1.3319,1.0,1.0,0.000376,0.5244,0.9,0.7585
DK1_to_FR2_seed2,DK1,FR2,2,59,-0.0897,0.0516,3.2385,4.2817,-8.9984,1.337,1.0,1.0,0.000361,0.5221,0.9,0.7437
DK1_to_FR2_seed2,DK1,FR2,2,60,-0.0586,0.0448,3.3188,4.275,-9.0245,1.3273,1.0,1.0,0.000345,0.5918,0.88,0.7378
DK1_to_FR2_seed2,DK1,FR2,2,61,0.0563,0.0471,3.3613,4.3553,-9.0207,1.3133,1.0,1.0,0.000331,0.622,0.88,0.7308
DK1_to_FR2_seed2,DK1,FR2,2,62,-0.0304,0.045,3.2778,4.3381,-9.0151,1.3239,1.0,1.0,0.000316,0.5459,0.89,0.7402
DK1_to_FR2_seed2,DK1,FR2,2,63,-0.185,0.0432,3.1851,4.2941,-9.0247,1.3174,1.0,1.0,0.000301,0.6189,0.88,0.7231
DK1_to_FR2_seed2,DK1,FR2,2,64,0.0001,0.043,3.2941,4.3425,-9.0017,1.3223,1.0,1.0,0.000287,0.6457,0.88,0.7294
DK1_to_FR2_seed2,DK1,FR2,2,65,-0.1393,0.0416,3.2063,4.3104,-9.0131,1.3154,1.0,1.0,0.000273,0.6052,0.88,0.7295
DK1_to_FR2_seed2,DK1,FR2,2,66,-0.1592,0.0402,3.2154,4.289,-9.0208,1.3169,1.0,1.0,0.000259,0.5914,0.89,0.7262
DK1_to_FR2_seed2,DK1,FR2,2,67,-0.3098,0.0402,3.1098,4.2585,-9.0334,1.3151,1.0,1.0,0.000245,0.6941,0.87,0.7152
DK1_to_FR2_seed2,DK1,FR2,2,68,-0.2716,0.0371,3.1536,4.2424,-9.0197,1.3151,1.0,1.0,0.000232,0.6945,0.87,0.7147
DK1_to_FR2_seed2,DK1,FR2,2,69,-0.1947,0.0359,3.2163,4.2847,-9.047,1.3154,1.0,1.0,0.000219,0.5784,0.89,0.7299
DK1_to_FR2_seed2,DK1,FR2,2,70,-0.2705,0.0366,3.1661,4.2528,-9.0339,1.3078,1.0,1.0,0.000206,0.5898,0.89,0.7247
DK1_to_FR2_seed2,DK1,FR2,2,71,-0.2522,0.0354,3.1517,4.2806,-9.029,1.3092,1.0,1.0,0.000194,0.6053,0.89,0.7279
DK1_to_FR2_seed2,DK1,FR2,2,72,-0.0788,0.0328,3.2389,4.3475,-9.02,1.322,1.0,1.0,0.000181,0.5967,0.89,0.7229
DK1_to_FR2_seed2,DK1,FR2,2,73,-0.066,0.0346,3.2109,4.3737,-9.0066,1.3214,1.0,1.0,0.000169,0.6162,0.89,0.7489
DK1_to_FR2_seed2,DK1,FR2,2,74,-0.176,0.0315,3.1481,4.3618,-9.0257,1.3083,1.0,1.0,0.000158,0.5486,0.9,0.7589
DK1_to_FR2_seed2,DK1,FR2,2,75,-0.1886,0.0325,3.1387,4.3655,-9.0304,1.3052,1.0,1.0,0.000146,0.6336,0.89,0.7116
DK1_to_FR2_seed2,DK1,FR2,2,76,-0.1331,0.0309,3.208,4.3688,-9.034,1.2932,1.0,1.0,0.000136,0.6613,0.88,0.7184
DK1_to_FR2_seed2,DK1,FR2,2,77,-0.1751,0.0302,3.2092,4.329,-9.0377,1.2943,1.0,1.0,0.000125,0.6273,0.89,0.7409
DK1_to_FR2_seed2,DK1,FR2,2,78,-0.097,0.0292,3.2275,4.347,-9.0001,1.2994,1.0,1.0,0.000115,0.5771,0.9,0.7322
DK1_to_FR2_seed2,DK1,FR2,2,79,-0.0585,0.0299,3.2503,4.3739,-9.012,1.2996,1.0,1.0,0.000105,0.6456,0.88,0.7201
DK1_to_FR2_seed2,DK1,FR2,2,80,-0.0463,0.0309,3.2338,4.4081,-9.0141,1.295,1.0,1.0,9.55e-05,0.6475,0.88,0.7328
DK1_to_FR2_seed2,DK1,FR2,2,81,0.0519,0.0294,3.3069,4.4283,-9.0156,1.3029,1.0,1.0,8.65e-05,0.6673,0.88,0.7172
DK1_to_FR2_seed2,DK1,FR2,2,82,-0.0601,0.0289,3.2459,4.4054,-9.0326,1.2923,1.0,1.0,7.78e-05,0.658,0.88,0.7139
DK1_to_FR2_seed2,DK1,FR2,2,83,-0.0314,0.0271,3.2408,4.4301,-9.0295,1.3001,1.0,1.0,6.96e-05,0.6294,0.89,0.7307
DK1_to_FR2_seed2,DK1,FR2,2,84,0.0503,0.0269,3.3055,4.4219,-9.0203,1.3163,1.0,1.0,6.18e-05,0.671,0.89,0.7239
DK1_to_FR2_seed2,DK1,FR2,2,85,0.1377,0.0278,3.3591,4.4567,-9.0218,1.3158,1.0,1.0,5.45e-05,0.6875,0.88,0.7
DK1_to_FR2_seed2,DK1,FR2,2,86,0.1606,0.0271,3.3556,4.4828,-9.0152,1.3103,1.0,1.0,4.76e-05,0.7279,0.88,0.708
DK1_to_FR2_seed2,DK1,FR2,2,87,0.1945,0.0277,3.3721,4.5161,-9.0313,1.3099,1.0,1.0,4.11e-05,0.7764,0.87,0.6909
DK1_to_FR2_seed2,DK1,FR2,2,88,0.2579,0.0281,3.3989,4.5419,-9.0229,1.3119,1.0,1.0,3.51e-05,0.7058,0.88,0.7134
DK1_to_FR2_seed2,DK1,FR2,2,89,0.1933,0.026,3.3734,4.4984,-9.0116,1.3071,1.0,1.0,2.96e-05,0.6903,0.88,0.7129
DK1_to_FR2_seed2,DK1,FR2,2,90,0.1719,0.0259,3.3574,4.4921,-9.0114,1.3079,1.0,1.0,2.45e-05,0.6725,0.88,0.7143
DK1_to_FR2_seed2,DK1,FR2,2,91,0.1591,0.0267,3.3548,4.4833,-9.0136,1.3078,1.0,1.0,1.99e-05,0.7482,0.87,0.714
DK1_to_FR2_seed2,DK1,FR2,2,92,0.1394,0.026,3.3497,4.4869,-9.0312,1.308,1.0,1.0,1.57e-05,0.7474,0.87,0.7089
DK1_to_FR2_seed2,DK1,FR2,2,93,0.1284,0.0248,3.3559,4.4749,-9.0359,1.3087,1.0,1.0,1.2e-05,0.7048,0.88,0.721
DK1_to_FR2_seed2,DK1,FR2,2,94,0.1672,0.0261,3.3693,4.481,-9.0163,1.307,1.0,1.0,8.86e-06,0.7636,0.87,0.7035
DK1_to_FR2_seed2,DK1,FR2,2,95,0.1345,0.0253,3.3634,4.4757,-9.038,1.308,1.0,1.0,6.16e-06,0.6921,0.88,0.7218
DK1_to_FR2_seed2,DK1,FR2,2,96,0.1121,0.025,3.3621,4.4719,-9.0518,1.305,1.0,1.0,3.94e-06,0.7311,0.87,0.7139
DK1_to_FR2_seed2,DK1,FR2,2,97,0.1654,0.0255,3.359,4.4845,-9.009,1.3053,1.0,1.0,2.22e-06,0.695,0.88,0.7057
DK1_to_FR2_seed2,DK1,FR2,2,98,0.1472,0.0246,3.3672,4.4772,-9.0254,1.3036,1.0,1.0,9.87e-07,0.7316,0.88,0.7112
DK1_to_FR2_seed2,DK1,FR2,2,99,0.1262,0.0235,3.3606,4.4722,-9.0344,1.3043,1.0,1.0,2.47e-07,0.7404,0.87,0.7106
DK1_to_FR2_seed2,DK1,FR2,2,100,0.1736,0.0249,3.3631,4.4706,-8.9889,1.3039,1.0,1.0,0.0,0.7348,0.88,0.7213
DK1_to_FR2_seed3,DK1,FR2,3,1,6.7797,0.598,4.3798,6.1603,-5.2522,0.8939,0.998,1.0,0.001,0.508,0.86,0.5304
DK1_to_FR2_seed3,DK1,FR2,3,2,2.7962,0.3871,3.838,5.9058,-8.4889,1.1542,1.0,1.0,0.000999,0.7645,0.79,0.5427
DK1_to_FR2_seed3,DK1,FR2,3,3,2.8982,0.3731,3.7679,6.3043,-8.7074,1.1603,1.0,1.0,0.000998,0.6682,0.81,0.5624
DK1_to_FR2_seed3,DK1,FR2,3,4,3.0387,0.3449,3.7692,6.4785,-8.7613,1.2074,1.0,1.0,0.000996,0.4605,0.88,0.625
DK1_to_FR2_seed3,DK1,FR2,3,5,3.3446,0.3223,4.0247,6.5491,-8.8405,1.2891,1.0,1.0,0.000994,0.5107,0.86,0.6231
DK1_to_FR2_seed3,DK1,FR2,3,6,2.8175,0.2862,3.8272,6.2493,-8.8788,1.3335,1.0,1.0,0.000991,0.5973,0.84,0.5905
DK1_to_FR2_seed3,DK1,FR2,3,7,2.2405,0.2533,3.7357,5.8412,-8.9245,1.3348,1.0,1.0,0.000988,0.4524,0.89,0.6881
DK1_to_FR2_seed3,DK1,FR2,3,8,2.1841,0.2492,3.6767,5.7958,-8.9141,1.3765,1.0,1.0,0.000984,0.5639,0.85,0.6135
DK1_to_FR2_seed3,DK1,FR2,3,9,1.3024,0.2276,3.3953,5.2492,-8.9372,1.3675,1.0,1.0,0.00098,0.4408,0.88,0.6544
DK1_to_FR2_seed3,DK1,FR2,3,10,0.909,0.211,3.3002,4.9803,-8.9543,1.3717,1.0,1.0,0.000976,0.525,0.86,0.6532
DK1_to_FR2_seed3,DK1,FR2,3,11,0.7138,0.2051,3.1873,4.9193,-8.9709,1.373,1.0,1.0,0.00097,0.4419,0.89,0.691
DK1_to_FR2_seed3,DK1,FR2,3,12,0.1584,0.1965,2.9742,4.6074,-8.9905,1.3707,1.0,1.0,0.000965,0.4231,0.89,0.6934
DK1_to_FR2_seed3,DK1,FR2,3,13,0.0168,0.1889,2.9271,4.5368,-8.9983,1.3623,1.0,1.0,0.000959,0.4042,0.9,0.6646
DK1_to_FR2_seed3,DK1,FR2,3,14,-0.2626,0.1795,2.7896,4.3837,-8.977,1.3616,1.0,1.0,0.000952,0.4149,0.9,0.6843
DK1_to_FR2_seed3,DK1,FR2,3,15,-0.229,0.1878,2.7547,4.4677,-8.9928,1.3536,1.0,1.0,0.000946,0.3249,0.92,0.724
DK1_to_FR2_seed3,DK1,FR2,3,16,-0.4602,0.1817,2.672,4.335,-8.9963,1.3474,1.0,1.0,0.000938,0.4388,0.89,0.7062
DK1_to_FR2_seed3,DK1,FR2,3,17,-0.3465,0.1801,2.725,4.4166,-9.0127,1.3444,1.0,1.0,0.00093,0.3652,0.91,0.7173
DK1_to_FR2_seed3,DK1,FR2,3,18,-0.1858,0.1731,2.731,4.5573,-8.9874,1.3402,1.0,1.0,0.000922,0.3457,0.91,0.7523
DK1_to_FR2_seed3,DK1,FR2,3,19,-0.2727,0.169,2.7171,4.4744,-8.968,1.3349,1.0,1.0,0.000914,0.3324,0.92,0.7289
DK1_to_FR2_seed3,DK1,FR2,3,20,-0.3083,0.1733,2.6726,4.5082,-8.9927,1.3303,1.0,1.0,0.000905,0.3753,0.91,0.7094
DK1_to_FR2_seed3,DK1,FR2,3,21,0.1986,0.185,2.9678,4.763,-9.0092,1.292,1.0,1.0,0.000895,0.3795,0.91,0.7421
DK1_to_FR2_seed3,DK1,FR2,3,22,-0.0291,0.1764,2.9088,4.6233,-9.0233,1.2857,1.0,1.0,0.000885,0.5655,0.87,0.6152
DK1_to_FR2_seed3,DK1,FR2,3,23,0.2753,0.1974,2.992,4.83,-9.0208,1.2767,1.0,1.0,0.000875,0.5303,0.87,0.6131
DK1_to_FR2_seed3,DK1,FR2,3,24,0.8719,0.2084,3.0114,5.3241,-8.9937,1.3216,1.0,1.0,0.000864,0.5066,0.87,0.6313
DK1_to_FR2_seed3,DK1,FR2,3,25,0.4977,0.1802,2.8964,5.0926,-9.0129,1.3414,1.0,1.0,0.000854,0.4076,0.9,0.6787
DK1_to_FR2_seed3,DK1,FR2,3,26,-0.13,0.1579,2.6291,4.7694,-9.0193,1.333,1.0,1.0,0.000842,0.5012,0.89,0.6746
DK1_to_FR2_seed3,DK1,FR2,3,27,-0.2836,0.1522,2.6729,4.5726,-9.0147,1.3334,1.0,1.0,0.000831,0.4303,0.9,0.6916
DK1_to_FR2_seed3,DK1,FR2,3,28,-0.3556,0.1467,2.6727,4.5162,-8.9895,1.2984,1.0,1.0,0.000819,0.4084,0.9,0.7126
DK1_to_FR2_seed3,DK1,FR2,3,29,-0.1931,0.1423,2.8343,4.5529,-9.0134,1.2909,1.0,1.0,0.000806,0.434,0.9,0.6779
DK1_to_FR2_seed3,DK1,FR2,3,30,-0.1498,0.1415,2.7755,4.6529,-9.0342,1.3145,1.0,1.0,0.000794,0.5514,0.86,0.6519
DK1_to_FR2_seed3,DK1,FR2,3,31,-0.7588,0.1309,2.5254,4.3227,-9.021,1.2831,1.0,1.0,0.000781,0.422,0.91,0.7232
DK1_to_FR2_seed3,DK1,FR2,3,32,-0.7264,0.1277,2.5615,4.3346,-9.0233,1.2731,1.0,1.0,0.000768,0.4996,0.89,0.7299
DK1_to_FR2_seed3,DK1,FR2,3,33,-0.838,0.1186,2.4926,4.3146,-9.0379,1.2741,1.0,1.0,0.000755,0.425,0.91,0.7332
DK1_to_FR2_seed3,DK1,FR2,3,34,-0.6224,0.117,2.6222,4.3738,-9.0175,1.2821,1.0,1.0,0.000741,0.5173,0.88,0.7073
DK1_to_FR2_seed3,DK1,FR2,3,35,-0.7742,0.1114,2.5724,4.3095,-9.0478,1.2803,1.0,1.0,0.000727,0.5066,0.89,0.7103
DK1_to_FR2_seed3,DK1,FR2,3,36,-0.5462,0.1101,2.6799,4.4033,-9.0154,1.2757,1.0,1.0,0.000713,0.4952,0.89,0.7298
DK1_to_FR2_seed3,DK1,FR2,3,37,-0.5006,0.1069,2.6147,4.538,-9.0507,1.2904,1.0,1.0,0.000699,0.5487,0.88,0.6757
DK1_to_FR2_seed3,DK1,FR2,3,38,-0.9468,0.0992,2.4216,4.2592,-9.0169,1.2902,1.0,1.0,0.000684,0.4657,0.89,0.7404
DK1_to_FR2_seed3,DK1,FR2,3,39,-1.0966,0.0936,2.3835,4.1756,-9.0257,1.2765,1.0,1.0,0.000669,0.4689,0.91,0.699
DK1_to_FR2_seed3,DK1,FR2,3,40,-1.0129,0.0946,2.4071,4.2361,-9.0339,1.2831,1.0,1.0,0.000655,0.5453,0.88,0.7172
DK1_to_FR2_seed3,DK1,FR2,3,41,-1.057,0.0883,2.3848,4.2476,-9.0331,1.2554,1.0,1.0,0.000639,0.5122,0.89,0.6871
DK1_to_FR2_seed3,DK1,FR2,3,42,-1.045,0.0847,2.4336,4.1711,-8.9991,1.2647,1.0,1.0,0.000624,0.5391,0.89,0.7193
DK1_to_FR2_seed3,DK1,FR2,3,43,-1.0086,0.0815,2.5198,4.174,-9.0478,1.2639,1.0,1.0,0.000609,0.5472,0.88,0.6901
DK1_to_FR2_seed3,DK1,FR2,3,44,-1.1658,0.0775,2.4832,4.1054,-9.0673,1.2355,1.0,1.0,0.000594,0.6867,0.86,0.7034
DK1_to_FR2_seed3,DK1,FR2,3,45,-0.9828,0.0758,2.5511,4.1931,-9.0409,1.2381,1.0,1.0,0.000578,0.5067,0.89,0.7178
DK1_to_FR2_seed3,DK1,FR2,3,46,-1.0283,0.0724,2.5041,4.1841,-9.0298,1.241,1.0,1.0,0.000563,0.6597,0.86,0.7103
DK1_to_FR2_seed3,DK1,FR2,3,47,-1.1343,0.072,2.4148,4.1628,-9.027,1.2431,1.0,1.0,0.000547,0.6262,0.88,0.6755
DK1_to_FR2_seed3,DK1,FR2,3,48,-1.1685,0.0673,2.3905,4.1851,-9.0385,1.2272,1.0,1.0,0.000531,0.5664,0.88,0.7157
DK1_to_FR2_seed3,DK1,FR2,3,49,-1.172,0.0678,2.3978,4.1957,-9.0527,1.2194,1.0,1.0,0.000516,0.5148,0.89,0.7156
DK1_to_FR2_seed3,DK1,FR2,3,50,-1.2084,0.062,2.4722,4.1131,-9.0564,1.2006,1.0,1.0,0.0005,0.6136,0.88,0.7274
DK1_to_FR2_seed3,DK1,FR2,3,51,-1.1879,0.0623,2.4749,4.1304,-9.0597,1.2041,1.0,1.0,0.000484,0.5745,0.88,0.7164
DK1_to_FR2_seed3,DK1,FR2,3,52,-1.2903,0.0578,2.4018,4.0724,-9.0097,1.1874,1.0,1.0,0.000469,0.6615,0.88,0.7022
DK1_to_FR2_seed3,DK1,FR2,3,53,-1.1598,0.0575,2.5262,4.0994,-9.0276,1.1848,1.0,1.0,0.000453,0.6052,0.89,0.745
DK1_to_FR2_seed3,DK1,FR2,3,54,-1.0653,0.0591,2.5594,4.1435,-9.0133,1.186,1.0,1.0,0.000437,0.6242,0.87,0.7245
DK1_to_FR2_seed3,DK1,FR2,3,55,-1.1349,0.0548,2.4585,4.1726,-9.0254,1.2046,1.0,1.0,0.000422,0.562,0.9,0.7288
DK1_to_FR2_seed3,DK1,FR2,3,56,-1.1144,0.0533,2.5177,4.132,-9.0294,1.2121,1.0,1.0,0.000406,0.7068,0.87,0.7268
DK1_to_FR2_seed3,DK1,FR2,3,57,-1.1476,0.0512,2.5269,4.11,-9.0377,1.2021,1.0,1.0,0.000391,0.664,0.88,0.7261
DK1_to_FR2_seed3,DK1,FR2,3,58,-1.0592,0.0474,2.533,4.1925,-9.0399,1.2078,1.0,1.0,0.000376,0.6385,0.89,0.7267
DK1_to_FR2_seed3,DK1,FR2,3,59,-1.2758,0.0477,2.4407,4.1027,-9.0515,1.1845,1.0,1.0,0.000361,0.7172,0.86,0.7015
DK1_to_FR2_seed3,DK1,FR2,3,60,-1.2384,0.047,2.4115,4.1486,-9.0219,1.1763,1.0,1.0,0.000345,0.6964,0.87,0.7243
DK1_to_FR2_seed3,DK1,FR2,3,61,-1.2141,0.0463,2.4037,4.1819,-9.0479,1.2018,1.0,1.0,0.000331,0.8512,0.84,0.6938
DK1_to_FR2_seed3,DK1,FR2,3,62,-1.2132,0.045,2.4084,4.1546,-9.0298,1.2087,1.0,1.0,0.000316,0.844,0.85,0.7052
DK1_to_FR2_seed3,DK1,FR2,3,63,-1.3285,0.042,2.4008,4.0787,-9.0383,1.1883,1.0,1.0,0.000301,0.7584,0.86,0.713
DK1_to_FR2_seed3,DK1,FR2,3,64,-1.3632,0.0414,2.4035,4.0478,-9.034,1.1781,1.0,1.0,0.000287,0.7424,0.86,0.7143
DK1_to_FR2_seed3,DK1,FR2,3,65,-1.3172,0.041,2.417,4.0731,-9.0326,1.1844,1.0,1.0,0.000273,0.8041,0.86,0.7044
DK1_to_FR2_seed3,DK1,FR2,3,66,-1.2091,0.0387,2.478,4.1342,-9.0332,1.1732,1.0,1.0,0.000259,0.8406,0.85,0.6931
DK1_to_FR2_seed3,DK1,FR2,3,67,-1.1161,0.0391,2.4711,4.2437,-9.0445,1.1746,1.0,1.0,0.000245,0.8984,0.84,0.6878
DK1_to_FR2_seed3,DK1,FR2,3,68,-1.2435,0.037,2.4299,4.1799,-9.0563,1.1661,1.0,1.0,0.000232,0.813,0.85,0.7066
DK1_to_FR2_seed3,DK1,FR2,3,69,-1.3188,0.0343,2.4089,4.1153,-9.0191,1.1418,1.0,1.0,0.000219,0.7317,0.87,0.715
DK1_to_FR2_seed3,DK1,FR2,3,70,-1.4257,0.0357,2.3308,4.1337,-9.0542,1.1282,1.0,1.0,0.000206,0.7288,0.88,0.7177
DK1_to_FR2_seed3,DK1,FR2,3,71,-1.4421,0.0336,2.3096,4.1418,-9.0602,1.1331,1.0,1.0,0.000194,0.67,0.89,0.7205
DK1_to_FR2_seed3,DK1,FR2,3,72,-1.3865,0.0329,2.3705,4.1215,-9.0444,1.133,1.0,1.0,0.000181,0.7265,0.88,0.7314
DK1_to_FR2_seed3,DK1,FR2,3,73,-1.3661,0.031,2.417,4.0987,-9.0484,1.1356,1.0,1.0,0.000169,0.8762,0.85,0.7018
DK1_to_FR2_seed3,DK1,FR2,3,74,-1.4559,0.0307,2.3993,4.0294,-9.0598,1.1446,1.0,1.0,0.000158,0.7621,0.88,0.7295
DK1_to_FR2_seed3,DK1,FR2,3,75,-1.3731,0.029,2.4499,4.0716,-9.0556,1.132,1.0,1.0,0.000146,0.8536,0.86,0.7057
DK1_to_FR2_seed3,DK1,FR2,3,76,-1.2486,0.0276,2.5311,4.1005,-9.0432,1.1354,1.0,1.0,0.000136,0.7943,0.87,0.7054
DK1_to_FR2_seed3,DK1,FR2,3,77,-1.2442,0.0291,2.5241,4.1337,-9.0551,1.124,1.0,1.0,0.000125,0.8192,0.87,0.7171
DK1_to_FR2_seed3,DK1,FR2,3,78,-1.325,0.0292,2.4781,4.1086,-9.053,1.112,1.0,1.0,0.000115,0.8386,0.86,0.7043
DK1_to_FR2_seed3,DK1,FR2,3,79,-1.3417,0.0262,2.4311,4.1334,-9.0442,1.1118,1.0,1.0,0.000105,0.8626,0.86,0.7023
DK1_to_FR2_seed3,DK1,FR2,3,80,-1.2784,0.0252,2.4538,4.174,-9.0468,1.1155,1.0,1.0,9.55e-05,0.9523,0.85,0.6921
DK1_to_FR2_seed3,DK1,FR2,3,81,-1.2339,0.0266,2.4856,4.1639,-9.0388,1.1287,1.0,1.0,8.65e-05,0.8157,0.87,0.722
DK1_to_FR2_seed3,DK1,FR2,3,82,-1.1616,0.0264,2.542,4.1756,-9.048,1.1424,1.0,1.0,7.78e-05,0.9043,0.86,0.7105
DK1_to_FR2_seed3,DK1,FR2,3,83,-1.139,0.0262,2.5652,4.1714,-9.0449,1.1431,1.0,1.0,6.96e-05,0.7717,0.88,0.7183
DK1_to_FR2_seed3,DK1,FR2,3,84,-1.1574,0.0251,2.5529,4.1809,-9.0522,1.1359,1.0,1.0,6.18e-05,0.8616,0.87,0.7098
DK1_to_FR2_seed3,DK1,FR2,3,85,-1.2237,0.0241,2.5154,4.1701,-9.0693,1.136,1.0,1.0,5.45e-05,0.8129,0.87,0.7211
DK1_to_FR2_seed3,DK1,FR2,3,86,-1.1792,0.0247,2.5058,4.1721,-9.0174,1.1355,1.0,1.0,4.76e-05,0.8624,0.86,0.6896
DK1_to_FR2_seed3,DK1,FR2,3,87,-1.2128,0.0237,2.4988,4.1872,-9.0525,1.1301,1.0,1.0,4.11e-05,0.8085,0.87,0.6966
DK1_to_FR2_seed3,DK1,FR2,3,88,-1.1563,0.0225,2.5158,4.2038,-9.0277,1.1293,1.0,1.0,3.51e-05,0.7871,0.88,0.7004
DK1_to_FR2_seed3,DK1,FR2,3,89,-1.1635,0.0228,2.5241,4.2107,-9.0461,1.1251,1.0,1.0,2.96e-05,0.7782,0.88,0.7073
DK1_to_FR2_seed3,DK1,FR2,3,90,-1.1288,0.0235,2.5327,4.2299,-9.0373,1.1224,1.0,1.0,2.45e-05,0.8035,0.87,0.708
DK1_to_FR2_seed3,DK1,FR2,3,91,-1.1739,0.022,2.5242,4.2164,-9.0561,1.1196,1.0,1.0,1.99e-05,0.8247,0.87,0.7148
DK1_to_FR2_seed3,DK1,FR2,3,92,-1.1476,0.0222,2.537,4.2186,-9.0462,1.1208,1.0,1.0,1.57e-05,0.8819,0.86,0.6903
DK1_to_FR2_seed3,DK1,FR2,3,93,-1.1592,0.0215,2.5313,4.2167,-9.0483,1.1195,1.0,1.0,1.2e-05,0.7727,0.87,0.7076
DK1_to_FR2_seed3,DK1,FR2,3,94,-1.1766,0.0221,2.5287,4.2323,-9.0769,1.1172,1.0,1.0,8.86e-06,0.7653,0.88,0.7144
DK1_to_FR2_seed3,DK1,FR2,3,95,-1.1245,0.0225,2.5336,4.2253,-9.0235,1.1176,1.0,1.0,6.16e-06,0.8564,0.86,0.705
DK1_to_FR2_seed3,DK1,FR2,3,96,-1.1563,0.0217,2.5295,4.2199,-9.046,1.1187,1.0,1.0,3.94e-06,0.8141,0.87,0.7159
DK1_to_FR2_seed3,DK1,FR2,3,97,-1.1328,0.0222,2.5409,4.2283,-9.0437,1.1195,1.0,1.0,2.22e-06,0.8571,0.86,0.6979
DK1_to_FR2_seed3,DK1,FR2,3,98,-1.1304,0.0239,2.5433,4.2285,-9.0438,1.1176,1.0,1.0,9.87e-07,0.8072,0.87,0.7045
DK1_to_FR2_seed3,DK1,FR2,3,99,-1.1299,0.0226,2.5399,4.2246,-9.0361,1.1191,1.0,1.0,2.47e-07,0.7918,0.87,0.7175
DK1_to_FR2_seed3,DK1,FR2,3,100,-1.1658,0.0218,2.5359,4.2186,-9.0596,1.1175,1.0,1.0,0.0,0.9336,0.85,0.6949
FR1_to_AT1_seed1,FR1,AT1,1,1,6.8162,0.5408,4.2795,5.4075,-4.4396,1.028,0.998,1.0,0.001,0.4923,0.86,0.4759
FR1_to_AT1_seed1,FR1,AT1,1,2,0.9543,0.2758,3.3483,4.3497,-8.0084,0.9888,1.0,1.0,0.000999,0.3593,0.9,0.5416
FR1_to_AT1_seed1,FR1,AT1,1,3,-0.3499,0.2409,2.895,3.8941,-8.3576,0.9777,1.0,1.0,0.000998,0.3528,0.9,0.5434
FR1_to_AT1_seed1,FR1,AT1,1,4,0.2498,0.2274,3.3959,3.9326,-8.4329,1.1267,1.0,1.0,0.000996,0.5041,0.85,0.5191
FR1_to_AT1_seed1,FR1,AT1,1,5,0.5506,0.2519,3.2611,4.4812,-8.468,1.0243,1.0,1.0,0.000994,0.3342,0.91,0.5496
FR1_to_AT1_seed1,FR1,AT1,1,6,1.1336,0.2427,3.3692,4.7787,-8.4675,1.2105,1.0,1.0,0.000991,0.6004,0.83,0.472
FR1_to_AT1_seed1,FR1,AT1,1,7,0.7426,0.2389,3.2139,4.6082,-8.5314,1.2129,1.0,1.0,0.000988,0.525,0.86,0.5098
FR1_to_AT1_seed1,FR1,AT1,1,8,0.172,0.2232,3.236,4.1319,-8.5346,1.1155,1.0,1.0,0.000984,0.3947,0.89,0.5881
FR1_to_AT1_seed1,FR1,AT1,1,9,0.273,0.2228,3.2547,4.1799,-8.545,1.1605,1.0,1.0,0.00098,0.3431,0.9,0.5773
FR1_to_AT1_seed1,FR1,AT1,1,10,0.0235,0.2096,3.0287,4.0924,-8.543,1.2358,1.0,1.0,0.000976,0.7758,0.81,0.4223
FR1_to_AT1_seed1,FR1,AT1,1,11,0.9863,0.2323,3.3847,4.6592,-8.5974,1.3075,1.0,1.0,0.00097,0.3402,0.91,0.5891
FR1_to_AT1_seed1,FR1,AT1,1,12,0.0542,0.2182,2.9283,4.2881,-8.5771,1.1967,1.0,1.0,0.000965,0.496,0.87,0.5159
FR1_to_AT1_seed1,FR1,AT1,1,13,0.3462,0.2182,3.2982,4.2548,-8.603,1.178,1.0,1.0,0.000959,0.4775,0.86,0.5375
FR1_to_AT1_seed1,FR1,AT1,1,14,-0.9156,0.1849,2.9343,3.4229,-8.6117,1.154,1.0,1.0,0.000952,0.4839,0.87,0.5263
FR1_to_AT1_seed1,FR1,AT1,1,15,-0.5185,0.1907,2.9172,3.7498,-8.5852,1.209,1.0,1.0,0.000946,0.3151,0.92,0.5894
FR1_to_AT1_seed1,FR1,AT1,1,16,-0.6451,0.188,2.932,3.6331,-8.6223,1.2242,1.0,1.0,0.000938,0.3195,0.92,0.5864
FR1_to_AT1_seed1,FR1,AT1,1,17,-1.0223,0.1753,2.8701,3.3857,-8.5968,1.1435,1.0,1.0,0.00093,0.375,0.9,0.5472
FR1_to_AT1_seed1,FR1,AT1,1,18,-0.4737,0.1749,2.96,3.6995,-8.5532,1.245,1.0,1.0,0.000922,0.4039,0.89,0.5252
FR1_to_AT1_seed1,FR1,AT1,1,19,0.3654,0.1759,3.5249,3.9984,-8.6126,1.2789,1.0,1.0,0.000914,0.3344,0.91,0.555
FR1_to_AT1_seed1,FR1,AT1,1,20,-0.3517,0.1656,3.0278,3.7604,-8.6071,1.3015,1.0,1.0,0.000905,0.3649,0.9,0.5502
FR1_to_AT1_seed1,FR1,AT1,1,21,-0.1052,0.1611,3.1648,3.8863,-8.6096,1.2922,1.0,1.0,0.000895,0.3915,0.9,0.5344
FR1_to_AT1_seed1,FR1,AT1,1,22,0.0693,0.1649,3.5289,3.6769,-8.6015,1.3001,1.0,1.0,0.000885,0.2877,0.92,0.59
FR1_to_AT1_seed1,FR1,AT1,1,23,-0.1691,0.1582,3.2863,3.7387,-8.6479,1.2955,1.0,1.0,0.000875,0.3373,0.91,0.5672
FR1_to_AT1_seed1,FR1,AT1,1,24,-0.0042,0.1603,3.3523,3.7894,-8.6271,1.321,1.0,1.0,0.000864,0.3725,0.9,0.5371
FR1_to_AT1_seed1,FR1,AT1,1,25,-0.3747,0.1536,3.1475,3.6545,-8.6474,1.3172,1.0,1.0,0.000854,0.3145,0.91,0.5899
FR1_to_AT1_seed1,FR1,AT1,1,26,0.1025,0.1589,3.2367,3.9929,-8.6177,1.3317,1.0,1.0,0.000842,0.3801,0.89,0.5609
FR1_to_AT1_seed1,FR1,AT1,1,27,-0.3242,0.1472,2.9628,3.8835,-8.6287,1.311,1.0,1.0,0.000831,0.3041,0.91,0.5675
FR1_to_AT1_seed1,FR1,AT1,1,28,-0.3467,0.1458,3.0215,3.7916,-8.6007,1.2951,1.0,1.0,0.000819,0.319,0.91,0.5773
FR1_to_AT1_seed1,FR1,AT1,1,29,-0.0881,0.1423,3.2636,3.8393,-8.6249,1.2916,1.0,1.0,0.000806,0.2952,0.91,0.614
FR1_to_AT1_seed1,FR1,AT1,1,30,-0.0874,0.1405,3.172,3.9338,-8.5978,1.264,1.0,1.0,0.000794,0.2827,0.92,0.5839
FR1_to_AT1_seed1,FR1,AT1,1,31,-0.1106,0.1424,3.1277,3.9714,-8.6314,1.2793,1.0,1.0,0.000781,0.2842,0.92,0.61
FR1_to_AT1_seed1,FR1,AT1,1,32,-0.0716,0.1398,3.3264,3.8294,-8.6481,1.281,1.0,1.0,0.000768,0.3224,0.91,0.5999
FR1_to_AT1_seed1,FR1,AT1,1,33,-0.0368,0.1358,3.2745,3.873,-8.6369,1.3168,1.0,1.0,0.000755,0.2996,0.91,0.6554
FR1_to_AT1_seed1,FR1,AT1,1,34,0.0412,0.1367,3.1758,4.0292,-8.6109,1.3105,1.0,1.0,0.000741,0.4629,0.87,0.5722
FR1_to_AT1_seed1,FR1,AT1,1,35,-0.2566,0.1274,3.1199,3.8084,-8.6226,1.3103,1.0,1.0,0.000727,0.3378,0.91,0.5795
FR1_to_AT1_seed1,FR1,AT1,1,36,-0.6175,0.1287,3.009,3.5798,-8.6427,1.3078,1.0,1.0,0.000713,0.2734,0.93,0.6351
FR1_to_AT1_seed1,FR1,AT1,1,37,-0.4737,0.124,2.9418,3.761,-8.6089,1.3083,1.0,1.0,0.000699,0.2711,0.93,0.5997
FR1_to_AT1_seed1,FR1,AT1,1,38,-0.2831,0.1235,3.1047,3.8174,-8.6226,1.2939,1.0,1.0,0.000684,0.3281,0.91,0.5998
FR1_to_AT1_seed1,FR1,AT1,1,39,-0.9079,0.123,2.8548,3.4313,-8.6073,1.2902,1.0,1.0,0.000669,0.3071,0.92,0.5992
FR1_to_AT1_seed1,FR1,AT1,1,40,-1.074,0.1287,2.6837,3.5065,-8.6189,1.226,1.0,1.0,0.000655,0.3861,0.89,0.6339
FR1_to_AT1_seed1,FR1,AT1,1,41,-1.1693,0.1358,2.5833,3.5041,-8.6313,1.2388,1.0,1.0,0.000639,0.3322,0.9,0.5692
FR1_to_AT1_seed1,FR1,AT1,1,42,-0.2215,0.1386,3.1743,3.7995,-8.617,1.2831,1.0,1.0,0.000624,0.3298,0.91,0.6079
FR1_to_AT1_seed1,FR1,AT1,1,43,0.1508,0.1314,3.389,3.9719,-8.6209,1.2793,1.0,1.0,0.000609,0.3743,0.9,0.6178
FR1_to_AT1_seed1,FR1,AT1,1,44,-0.2074,0.1252,3.2662,3.6989,-8.6097,1.3119,1.0,1.0,0.000594,0.3828,0.9,0.5923
FR1_to_AT1_seed1,FR1,AT1,1,45,0.3409,0.1231,3.3941,4.1426,-8.6281,1.3093,1.0,1.0,0.000578,0.3893,0.9,0.5859
FR1_to_AT1_seed1,FR1,AT1,1,46,0.3857,0.1196,3.3587,4.2301,-8.6452,1.3225,1.0,1.0,0.000563,0.4206,0.88,0.6064
FR1_to_AT1_seed1,FR1,AT1,1,47,-0.1331,0.1164,3.14,3.9547,-8.6547,1.3105,1.0,1.0,0.000547,0.4561,0.88,0.6093
FR1_to_AT1_seed1,FR1,AT1,1,48,-0.3269,0.1079,2.9868,3.9056,-8.6364,1.3093,1.0,1.0,0.000531,0.446,0.88,0.6047
FR1_to_AT1_seed1,FR1,AT1,1,49,-0.2252,0.1097,3.0776,3.9103,-8.6371,1.3144,1.0,1.0,0.000516,0.3439,0.91,0.6229
FR1_to_AT1_seed1,FR1,AT1,1,50,-0.755,0.1062,2.8536,3.6204,-8.6322,1.297,1.0,1.0,0.0005,0.3272,0.91,0.6304
FR1_to_AT1_seed1,FR1,AT1,1,51,-0.6158,0.1022,2.9579,3.63,-8.6184,1.3125,1.0,1.0,0.000484,0.3773,0.9,0.5993
FR1_to_AT1_seed1,FR1,AT1,1,52,-0.8702,0.0976,2.8035,3.5608,-8.6403,1.3082,1.0,1.0,0.000469,0.4049,0.88,0.6353
FR1_to_AT1_seed1,FR1,AT1,1,53,-1.0418,0.0976,2.7369,3.4799,-8.6345,1.2783,1.0,1.0,0.000453,0.3668,0.9,0.6061
FR1_to_AT1_seed1,FR1,AT1,1,54,-1.007,0.0959,2.7557,3.4794,-8.6477,1.3096,1.0,1.0,0.000437,0.3358,0.91,0.6457
FR1_to_AT1_seed1,FR1,AT1,1,55,-0.9603,0.0924,2.7273,3.5275,-8.6078,1.3003,1.0,1.0,0.000422,0.3434,0.91,0.6097
FR1_to_AT1_seed1,FR1,AT1,1,56,-0.999,0.0903,2.7339,3.5098,-8.6358,1.3027,1.0,1.0,0.000406,0.4015,0.89,0.6044
FR1_to_AT1_seed1,FR1,AT1,1,57,-1.2179,0.0901,2.6722,3.3796,-8.6535,1.2936,1.0,1.0,0.000391,0.3462,0.91,0.6298
FR1_to_AT1_seed1,FR1,AT1,1,58,-1.3614,0.0889,2.5982,3.3116,-8.6432,1.2831,1.0,1.0,0.000376,0.358,0.91,0.6212
FR1_to_AT1_seed1,FR1,AT1,1,59,-1.3407,0.0881,2.5681,3.3648,-8.6451,1.2835,1.0,1.0,0.000361,0.3545,0.9,0.6383
FR1_to_AT1_seed1,FR1,AT1,1,60,-1.4875,0.086,2.4993,3.2626,-8.6,1.2645,1.0,1.0,0.000345,0.3169,0.92,0.6474
FR1_to_AT1_seed1,FR1,AT1,1,61,-1.0346,0.0873,2.804,3.459,-8.6679,1.2829,1.0,1.0,0.000331,0.333,0.92,0.6169
FR1_to_AT1_seed1,FR1,AT1,1,62,-0.5936,0.0879,2.921,3.6901,-8.6086,1.316,1.0,1.0,0.000316,0.297,0.92,0.6295
FR1_to_AT1_seed1,FR1,AT1,1,63,-0.6143,0.0849,2.9578,3.7132,-8.6715,1.3013,1.0,1.0,0.000301,0.3266,0.92,0.6282
FR1_to_AT1_seed1,FR1,AT1,1,64,-0.5284,0.0824,2.9672,3.7803,-8.6457,1.2874,1.0,1.0,0.000287,0.3751,0.9,0.6211
FR1_to_AT1_seed1,FR1,AT1,1,65,-0.859,0.083,2.8191,3.622,-8.6504,1.2674,1.0,1.0,0.000273,0.3235,0.92,0.6271
FR1_to_AT1_seed1,FR1,AT1,1,66,-0.8335,0.0823,2.8329,3.6295,-8.6347,1.2565,1.0,1.0,0.000259,0.3285,0.92,0.6224
FR1_to_AT1_seed1,FR1,AT1,1,67,-0.8978,0.0808,2.8404,3.5479,-8.6153,1.2484,1.0,1.0,0.000245,0.3492,0.91,0.6089
FR1_to_AT1_seed1,FR1,AT1,1,68,-0.5957,0.0796,2.9255,3.7026,-8.5857,1.2823,1.0,1.0,0.000232,0.3324,0.91,0.6491
FR1_to_AT1_seed1,FR1,AT1,1,69,-0.6976,0.0771,2.9409,3.6113,-8.6118,1.285,1.0,1.0,0.000219,0.3665,0.91,0.626
FR1_to_AT1_seed1,FR1,AT1,1,70,-1.011,0.0782,2.8263,3.4556,-8.6218,1.2507,1.0,1.0,0.000206,0.3334,0.92,0.6089
FR1_to_AT1_seed1,FR1,AT1,1,71,-0.9596,0.0756,2.8897,3.4638,-8.6189,1.2301,1.0,1.0,0.000194,0.3263,0.92,0.6119
FR1_to_AT1_seed1,FR1,AT1,1,72,-0.9098,0.0721,2.9298,3.5009,-8.622,1.2093,1.0,1.0,0.000181,0.3216,0.92,0.6203
FR1_to_AT1_seed1,FR1,AT1,1,73,-1.1113,0.0721,2.8479,3.3815,-8.6181,1.2053,1.0,1.0,0.000169,0.3269,0.92,0.6205
FR1_to_AT1_seed1,FR1,AT1,1,74,-1.0457,0.0701,2.833,3.4654,-8.6306,1.2164,1.0,1.0,0.000158,0.304,0.92,0.6355
FR1_to_AT1_seed1,FR1,AT1,1,75,-1.1083,0.0696,2.8038,3.4476,-8.6118,1.1825,1.0,1.0,0.000146,0.3417,0.91,0.6237
FR1_to_AT1_seed1,FR1,AT1,1,76,-1.263,0.067,2.7607,3.3743,-8.6501,1.1852,1.0,1.0,0.000136,0.3898,0.9,0.6061
FR1_to_AT1_seed1,FR1,AT1,1,77,-1.1435,0.0644,2.7636,3.4572,-8.6279,1.1992,1.0,1.0,0.000125,0.3583,0.91,0.6222
FR1_to_AT1_seed1,FR1,AT1,1,78,-1.1812,0.0636,2.7695,3.4195,-8.6432,1.2093,1.0,1.0,0.000115,0.386,0.9,0.6318
FR1_to_AT1_seed1,FR1,AT1,1,79,-1.0242,0.0648,2.837,3.5242,-8.6538,1.2037,1.0,1.0,0.000105,0.366,0.91,0.6253
FR1_to_AT1_seed1,FR1,AT1,1,80,-0.9499,0.0623,2.8511,3.5546,-8.6167,1.1988,1.0,1.0,9.55e-05,0.3639,0.91,0.6281
FR1_to_AT1_seed1,FR1,AT1,1,81,-0.9199,0.061,2.8754,3.5422,-8.6066,1.2082,1.0,1.0,8.65e-05,0.3747,0.91,0.621
FR1_to_AT1_seed1,FR1,AT1,1,82,-1.006,0.0606,2.8777,3.5021,-8.6498,1.2034,1.0,1.0,7.78e-05,0.3887,0.9,0.6264
FR1_to_AT1_seed1,FR1,AT1,1,83,-0.9525,0.0598,2.8893,3.546,-8.6527,1.205,1.0,1.0,6.96e-05,0.3517,0.91,0.6298
FR1_to_AT1_seed1,FR1,AT1,1,84,-1.037,0.059,2.8252,3.5003,-8.6223,1.2008,1.0,1.0,6.18e-05,0.3719,0.91,0.6181
FR1_to_AT1_seed1,FR1,AT1,1,85,-1.1221,0.0578,2.7833,3.5349,-8.6918,1.1937,1.0,1.0,5.45e-05,0.3871,0.9,0.6283
FR1_to_AT1_seed1,FR1,AT1,1,86,-0.9357,0.0592,2.8318,3.6324,-8.6583,1.1991,1.0,1.0,4.76e-05,0.3725,0.91,0.6299
FR1_to_AT1_seed1,FR1,AT1,1,87,-0.9835,0.0588,2.8016,3.6081,-8.6374,1.1854,1.0,1.0,4.11e-05,0.3778,0.91,0.6349
FR1_to_AT1_seed1,FR1,AT1,1,88,-0.8552,0.0604,2.8307,3.6847,-8.6067,1.1758,1.0,1.0,3.51e-05,0.4073,0.9,0.6235
FR1_to_AT1_seed1,FR1,AT1,1,89,-0.981,0.0581,2.7541,3.6859,-8.6474,1.1683,1.0,1.0,2.96e-05,0.4183,0.89,0.6087
FR1_to_AT1_seed1,FR1,AT1,1,90,-1.041,0.0583,2.683,3.6701,-8.6213,1.1691,1.0,1.0,2.45e-05,0.4172,0.9,0.6274
FR1_to_AT1_seed1,FR1,AT1,1,91,-0.9795,0.058,2.6772,3.729,-8.6197,1.176,1.0,1.0,1.99e-05,0.3744,0.91,0.6301
FR1_to_AT1_seed1,FR1,AT1,1,92,-0.919,0.0581,2.7039,3.7543,-8.6145,1.1792,1.0,1.0,1.57e-05,0.4306,0.89,0.6136
FR1_to_AT1_seed1,FR1,AT1,1,93,-0.8809,0.058,2.74,3.7841,-8.6447,1.1817,1.0,1.0,1.2e-05,0.4158,0.9,0.6133
FR1_to_AT1_seed1,FR1,AT1,1,94,-0.8691,0.0588,2.7349,3.8098,-8.6419,1.1693,1.0,1.0,8.86e-06,0.4031,0.9,0.6251
FR1_to_AT1_seed1,FR1,AT1,1,95,-0.907,0.0576,2.7427,3.7751,-8.6457,1.1633,1.0,1.0,6.16e-06,0.4097,0.9,0.6168
FR1_to_AT1_seed1,FR1,AT1,1,96,-0.8844,0.0557,2.7478,3.7527,-8.6055,1.1649,1.0,1.0,3.94e-06,0.4187,0.9,0.623
FR1_to_AT1_seed1,FR1,AT1,1,97,-0.9007,0.058,2.747,3.759,-8.6291,1.1644,1.0,1.0,2.22e-06,0.429,0.89,0.6144
FR1_to_AT1_seed1,FR1,AT1,1,98,-0.865,0.0576,2.7484,3.7632,-8.5966,1.1625,1.0,1.0,9.87e-07,0.4253,0.9,0.615
FR1_to_AT1_seed1,FR1,AT1,1,99,-0.9139,0.0575,2.7441,3.7593,-8.636,1.1612,1.0,1.0,2.47e-07,0.4091,0.9,0.6188
FR1_to_AT1_seed1,FR1,AT1,1,100,-0.8965,0.0589,2.7454,3.7535,-8.617,1.1627,1.0,1.0,0.0,0.4089,0.9,0.6131
FR1_to_AT1_seed2,FR1,AT1,2,1,2.5616,0.4712,2.811,4.12,-5.2643,0.4237,0.998,1.0,0.001,0.595,0.86,0.4054
FR1_to_AT1_seed2,FR1,AT1,2,2,1.9552,0.2882,3.6517,5.121,-8.1379,1.0322,1.0,1.0,0.000999,0.5058,0.86,0.5224
FR1_to_AT1_seed2,FR1,AT1,2,3,0.8798,0.2432,3.338,4.7453,-8.4588,1.012,1.0,1.0,0.000998,0.4653,0.88,0.534
FR1_to_AT1_seed2,FR1,AT1,2,4,1.5762,0.2481,3.7488,4.9007,-8.4797,1.1583,1.0,1.0,0.000996,0.3215,0.92,0.5457
FR1_to_AT1_seed2,FR1,AT1,2,5,1.4774,0.2449,3.7885,4.7257,-8.5329,1.2511,1.0,1.0,0.000994,0.338,0.9,0.5244
FR1_to_AT1_seed2,FR1,AT1,2,6,0.6759,0.2245,3.4872,4.272,-8.5084,1.2006,1.0,1.0,0.000991,0.3777,0.9,0.5285
FR1_to_AT1_seed2,FR1,AT1,2,7,0.9846,0.2279,3.6468,4.4532,-8.5388,1.1955,1.0,1.0,0.000988,0.4983,0.86,0.4838
FR1_to_AT1_seed2,FR1,AT1,2,8,0.8374,0.2191,3.4661,4.5032,-8.5775,1.2266,1.0,1.0,0.000984,0.3942,0.9,0.5427
FR1_to_AT1_seed2,FR1,AT1,2,9,0.7821,0.2063,3.5402,4.3901,-8.5883,1.2338,1.0,1.0,0.00098,0.4,0.89,0.5349
FR1_to_AT1_seed2,FR1,AT1,2,10,0.5277,0.1996,3.4256,4.2366,-8.5986,1.2644,1.0,1.0,0.000976,0.3018,0.92,0.6023
FR1_to_AT1_seed2,FR1,AT1,2,11,0.5509,0.1959,3.382,4.2715,-8.5666,1.268,1.0,1.0,0.00097,0.2904,0.92,0.5749
FR1_to_AT1_seed2,FR1,AT1,2,12,0.4032,0.1957,3.4291,4.1242,-8.6295,1.2837,1.0,1.0,0.000965,0.3485,0.9,0.5798
FR1_to_AT1_seed2,FR1,AT1,2,13,-0.2237,0.1792,3.0853,3.8661,-8.6155,1.2612,1.0,1.0,0.000959,0.2878,0.92,0.5725
FR1_to_AT1_seed2,FR1,AT1,2,14,0.4798,0.1814,3.344,4.2411,-8.5815,1.2948,1.0,1.0,0.000952,0.2852,0.92,0.5832
FR1_to_AT1_seed2,FR1,AT1,2,15,-0.306,0.1688,3.1172,3.7043,-8.5899,1.2936,1.0,1.0,0.000946,0.2895,0.92,0.6333
FR1_to_AT1_seed2,FR1,AT1,2,16,-0.474,0.1656,3.0585,3.6349,-8.611,1.2779,1.0,1.0,0.000938,0.2576,0.93,0.5992
FR1_to_AT1_seed2,FR1,AT1,2,17,0.2984,0.1643,3.2686,4.1868,-8.6088,1.2874,1.0,1.0,0.00093,0.3178,0.91,0.5897
FR1_to_AT1_seed2,FR1,AT1,2,18,0.8777,0.1682,3.601,4.4419,-8.6203,1.2869,1.0,1.0,0.000922,0.3283,0.91,0.6075
FR1_to_AT1_seed2,FR1,AT1,2,19,0.1339,0.1618,3.3155,3.972,-8.6179,1.3025,1.0,1.0,0.000914,0.2838,0.93,0.6382
FR1_to_AT1_seed2,FR1,AT1,2,20,-0.0597,0.1579,3.2237,3.8478,-8.5939,1.3047,1.0,1.0,0.000905,0.3492,0.9,0.594
FR1_to_AT1_seed2,FR1,AT1,2,21,-0.0951,0.1513,3.252,3.8553,-8.6471,1.2933,1.0,1.0,0.000895,0.3401,0.91,0.5768
FR1_to_AT1_seed2,FR1,AT1,2,22,0.3932,0.1544,3.4241,4.1144,-8.6346,1.3349,1.0,1.0,0.000885,0.2776,0.92,0.6253
FR1_to_AT1_seed2,FR1,AT1,2,23,0.7334,0.1541,3.3164,4.56,-8.6285,1.3313,1.0,1.0,0.000875,0.2499,0.93,0.6027
FR1_to_AT1_seed2,FR1,AT1,2,24,0.7783,0.1476,3.5796,4.3337,-8.6072,1.3246,1.0,1.0,0.000864,0.2577,0.93,0.6251
FR1_to_AT1_seed2,FR1,AT1,2,25,0.3608,0.142,3.3824,4.1237,-8.6222,1.3348,1.0,1.0,0.000854,0.3273,0.91,0.5933
FR1_to_AT1_seed2,FR1,AT1,2,26,0.2419,0.1411,3.438,3.984,-8.6491,1.328,1.0,1.0,0.000842,0.2758,0.93,0.5655
FR1_to_AT1_seed2,FR1,AT1,2,27,0.4026,0.1375,3.3679,4.1627,-8.6031,1.3376,1.0,1.0,0.000831,0.2774,0.92,0.5945
FR1_to_AT1_seed2,FR1,AT1,2,28,0.0106,0.1318,3.2761,3.8674,-8.6079,1.3433,1.0,1.0,0.000819,0.2413,0.93,0.6848
FR1_to_AT1_seed2,FR1,AT1,2,29,0.0637,0.1289,3.3091,3.8974,-8.602,1.3302,1.0,1.0,0.000806,0.2235,0.94,0.7124
FR1_to_AT1_seed2,FR1,AT1,2,30,0.1548,0.1283,3.2957,3.9957,-8.5938,1.3287,1.0,1.0,0.000794,0.2601,0.93,0.6407
FR1_to_AT1_seed2,FR1,AT1,2,31,-0.1122,0.1253,3.1692,3.8664,-8.5905,1.3173,1.0,1.0,0.000781,0.2459,0.93,0.6811
FR1_to_AT1_seed2,FR1,AT1,2,32,0.031,0.12,3.1701,4.0246,-8.62,1.3362,1.0,1.0,0.000768,0.2694,0.93,0.6586
FR1_to_AT1_seed2,FR1,AT1,2,33,0.173,0.1187,3.2443,4.0822,-8.622,1.3498,1.0,1.0,0.000755,0.2708,0.93,0.6368
FR1_to_AT1_seed2,FR1,AT1,2,34,-0.0792,0.1141,3.0842,4.0046,-8.6297,1.3477,1.0,1.0,0.000741,0.2889,0.93,0.6009
FR1_to_AT1_seed2,FR1,AT1,2,35,0.092,0.1184,3.2279,4.0288,-8.6417,1.3586,1.0,1.0,0.000727,0.2719,0.93,0.6228
FR1_to_AT1_seed2,FR1,AT1,2,36,-0.3028,0.1187,3.0994,3.7404,-8.6104,1.3491,1.0,1.0,0.000713,0.347,0.92,0.5507
FR1_to_AT1_seed2,FR1,AT1,2,37,-0.6014,0.1123,2.8988,3.6635,-8.6101,1.334,1.0,1.0,0.000699,0.2654,0.93,0.6142
FR1_to_AT1_seed2,FR1,AT1,2,38,-0.3214,0.1087,3.0423,3.8135,-8.6239,1.3379,1.0,1.0,0.000684,0.2381,0.94,0.6468
FR1_to_AT1_seed2,FR1,AT1,2,39,-0.2155,0.108,3.1037,3.8503,-8.6135,1.3359,1.0,1.0,0.000669,0.2513,0.94,0.6498
FR1_to_AT1_seed2,FR1,AT1,2,40,-0.6243,0.1016,2.9683,3.5661,-8.6051,1.3448,1.0,1.0,0.000655,0.293,0.93,0.6015
FR1_to_AT1_seed2,FR1,AT1,2,41,-0.5109,0.1026,2.9038,3.7483,-8.6068,1.3412,1.0,1.0,0.000639,0.2886,0.93,0.6085
FR1_to_AT1_seed2,FR1,AT1,2,42,-0.3124,0.1053,2.928,3.9286,-8.6212,1.3468,1.0,1.0,0.000624,0.2879,0.92,0.6439
FR1_to_AT1_seed2,FR1,AT1,2,43,-0.6674,0.1021,2.8955,3.6358,-8.6152,1.3144,1.0,1.0,0.000609,0.3149,0.92,0.5953
FR1_to_AT1_seed2,FR1,AT1,2,44,-0.5269,0.1012,2.9597,3.6836,-8.6062,1.3347,1.0,1.0,0.000594,0.2845,0.93,0.619
FR1_to_AT1_seed2,FR1,AT1,2,45,-0.7366,0.1034,2.6861,3.7981,-8.6575,1.3333,1.0,1.0,0.000578,0.2922,0.93,0.6341
FR1_to_AT1_seed2,FR1,AT1,2,46,-0.7332,0.0917,2.8357,3.6023,-8.6024,1.3395,1.0,1.0,0.000563,0.3366,0.92,0.5877
FR1_to_AT1_seed2,FR1,AT1,2,47,-0.5316,0.0897,2.9642,3.7113,-8.6248,1.328,1.0,1.0,0.000547,0.315,0.93,0.5999
FR1_to_AT1_seed2,FR1,AT1,2,48,-0.409,0.0917,2.9373,3.8235,-8.5949,1.3334,1.0,1.0,0.000531,0.2925,0.93,0.5966
FR1_to_AT1_seed2,FR1,AT1,2,49,-0.7752,0.0887,2.8074,3.6453,-8.6395,1.323,1.0,1.0,0.000516,0.3137,0.93,0.6102
FR1_to_AT1_seed2,FR1,AT1,2,50,-0.8067,0.0845,2.8424,3.5527,-8.6211,1.3348,1.0,1.0,0.0005,0.301,0.93,0.6211
FR1_to_AT1_seed2,FR1,AT1,2,51,-0.7633,0.0825,2.8796,3.5985,-8.6442,1.3204,1.0,1.0,0.000484,0.3177,0.92,0.5857
FR1_to_AT1_seed2,FR1,AT1,2,52,-0.8121,0.0846,2.8548,3.5577,-8.6154,1.3062,1.0,1.0,0.000469,0.2991,0.93,0.6279
FR1_to_AT1_seed2,FR1,AT1,2,53,-0.5951,0.0812,3.0666,3.5866,-8.6406,1.3109,1.0,1.0,0.000453,0.2983,0.93,0.6257
FR1_to_AT1_seed2,FR1,AT1,2,54,-1.0209,0.0836,2.7674,3.4785,-8.6497,1.2994,1.0,1.0,0.000437,0.3284,0.93,0.6217
FR1_to_AT1_seed2,FR1,AT1,2,55,-0.5825,0.0832,2.9428,3.6827,-8.6158,1.3245,1.0,1.0,0.000422,0.3006,0.93,0.6182
FR1_to_AT1_seed2,FR1,AT1,2,56,-0.8894,0.0764,2.7643,3.6154,-8.6465,1.3011,1.0,1.0,0.000406,0.314,0.93,0.6025
FR1_to_AT1_seed2,FR1,AT1,2,57,-1.1928,0.0746,2.7028,3.3674,-8.628,1.2903,1.0,1.0,0.000391,0.3226,0.93,0.6297
FR1_to_AT1_seed2,FR1,AT1,2,58,-0.9387,0.0727,2.817,3.5086,-8.6339,1.2968,1.0,1.0,0.000376,0.3483,0.92,0.605
FR1_to_AT1_seed2,FR1,AT1,2,59,-0.8703,0.0737,2.911,3.4704,-8.6055,1.2802,1.0,1.0,0.000361,0.3821,0.92,0.6113
FR1_to_AT1_seed2,FR1,AT1,2,60,-1.0286,0.0684,2.8037,3.4543,-8.6185,1.2635,1.0,1.0,0.000345,0.3719,0.92,0.5942
FR1_to_AT1_seed2,FR1,AT1,2,61,-0.8361,0.0692,2.943,3.5027,-8.6204,1.2695,1.0,1.0,0.000331,0.3429,0.93,0.6143
FR1_to_AT1_seed2,FR1,AT1,2,62,-0.7485,0.0658,3.0047,3.4859,-8.5973,1.2923,1.0,1.0,0.000316,0.3518,0.92,0.6284
FR1_to_AT1_seed2,FR1,AT1,2,63,-0.9825,0.0658,2.8871,3.4091,-8.6215,1.277,1.0,1.0,0.000301,0.3857,0.92,0.5839
FR1_to_AT1_seed2,FR1,AT1,2,64,-1.0673,0.0647,2.8285,3.3681,-8.6168,1.2881,1.0,1.0,0.000287,0.3668,0.92,0.5919
FR1_to_AT1_seed2,FR1,AT1,2,65,-1.2608,0.0651,2.8081,3.2756,-8.6471,1.2375,1.0,1.0,0.000273,0.3507,0.93,0.627
FR1_to_AT1_seed2,FR1,AT1,2,66,-1.1191,0.0694,2.8644,3.345,-8.6379,1.24,1.0,1.0,0.000259,0.37,0.92,0.5892
FR1_to_AT1_seed2,FR1,AT1,2,67,-0.9207,0.0659,2.8931,3.4833,-8.6155,1.2525,1.0,1.0,0.000245,0.3963,0.92,0.5692
FR1_to_AT1_seed2,FR1,AT1,2,68,-0.9116,0.0635,2.9239,3.4899,-8.6343,1.2454,1.0,1.0,0.000232,0.3518,0.93,0.6061
FR1_to_AT1_seed2,FR1,AT1,2,69,-0.805,0.0601,2.97,3.5607,-8.6283,1.2326,1.0,1.0,0.000219,0.4378,0.91,0.5889
FR1_to_AT1_seed2,FR1,AT1,2,70,-0.6277,0.061,2.9446,3.7041,-8.5844,1.247,1.0,1.0,0.000206,0.4251,0.91,0.5805
FR1_to_AT1_seed2,FR1,AT1,2,71,-0.8212,0.0578,2.9018,3.6165,-8.6171,1.2199,1.0,1.0,0.000194,0.4785,0.91,0.5568
FR1_to_AT1_seed2,FR1,AT1,2,72,-0.8103,0.0561,2.9663,3.5614,-8.6207,1.2267,1.0,1.0,0.000181,0.4282,0.92,0.5962
FR1_to_AT1_seed2,FR1,AT1,2,73,-0.7981,0.056,2.9627,3.5755,-8.6421,1.2498,1.0,1.0,0.000169,0.4019,0.92,0.6123
FR1_to_AT1_seed2,FR1,AT1,2,74,-0.8726,0.0541,2.9174,3.5331,-8.632,1.2548,1.0,1.0,0.000158,0.4618,0.91,0.5642
FR1_to_AT1_seed2,FR1,AT1,2,75,-1.076,0.0557,2.8074,3.457,-8.6405,1.2443,1.0,1.0,0.000146,0.4564,0.91,0.5552
FR1_to_AT1_seed2,FR1,AT1,2,76,-1.1968,0.0517,2.7157,3.4682,-8.6598,1.2274,1.0,1.0,0.000136,0.4248,0.91,0.5851
FR1_to_AT1_seed2,FR1,AT1,2,77,-0.9298,0.0525,2.7985,3.5854,-8.6216,1.2555,1.0,1.0,0.000125,0.4544,0.91,0.5847
FR1_to_AT1_seed2,FR1,AT1,2,78,-0.9134,0.0508,2.8695,3.5437,-8.6337,1.2563,1.0,1.0,0.000115,0.4387,0.91,0.5712
FR1_to_AT1_seed2,FR1,AT1,2,79,-0.9952,0.0498,2.8285,3.5141,-8.6324,1.2448,1.0,1.0,0.000105,0.4356,0.91,0.5737
FR1_to_AT1_seed2,FR1,AT1,2,80,-0.9842,0.049,2.8397,3.5247,-8.6328,1.2352,1.0,1.0,9.55e-05,0.4225,0.91,0.5837
FR1_to_AT1_seed2,FR1,AT1,2,81,-1.0078,0.0486,2.8241,3.5033,-8.61,1.2262,1.0,1.0,8.65e-05,0.4111,0.91,0.5957
FR1_to_AT1_seed2,FR1,AT1,2,82,-0.9494,0.0468,2.8201,3.5521,-8.6007,1.2323,1.0,1.0,7.78e-05,0.422,0.91,0.5915
FR1_to_AT1_seed2,FR1,AT1,2,83,-0.9199,0.0472,2.8529,3.5737,-8.6238,1.23,1.0,1.0,6.96e-05,0.4477,0.91,0.5783
FR1_to_AT1_seed2,FR1,AT1,2,84,-0.8134,0.0461,2.8701,3.6379,-8.6052,1.2377,1.0,1.0,6.18e-05,0.4549,0.91,0.5949
FR1_to_AT1_seed2,FR1,AT1,2,85,-0.7135,0.0472,2.8854,3.7146,-8.6107,1.25,1.0,1.0,5.45e-05,0.4493,0.91,0.599
FR1_to_AT1_seed2,FR1,AT1,2,86,-0.6792,0.048,2.8966,3.7664,-8.6457,1.2556,1.0,1.0,4.76e-05,0.4851,0.9,0.5897
FR1_to_AT1_seed2,FR1,AT1,2,87,-0.5724,0.0471,2.9064,3.8154,-8.6034,1.2621,1.0,1.0,4.11e-05,0.4786,0.91,0.5807
FR1_to_AT1_seed2,FR1,AT1,2,88,-0.5155,0.0477,2.9128,3.8343,-8.5767,1.2664,1.0,1.0,3.51e-05,0.4963,0.9,0.571
FR1_to_AT1_seed2,FR1,AT1,2,89,-0.5143,0.0478,2.9418,3.8203,-8.5882,1.2641,1.0,1.0,2.96e-05,0.4802,0.9,0.5809
FR1_to_AT1_seed2,FR1,AT1,2,90,-0.5455,0.0458,2.96,3.8146,-8.6291,1.2632,1.0,1.0,2.45e-05,0.4875,0.9,0.5859
FR1_to_AT1_seed2,FR1,AT1,2,91,-0.5353,0.0446,2.9659,3.8061,-8.6126,1.2607,1.0,1.0,1.99e-05,0.484,0.9,0.5886
FR1_to_AT1_seed2,FR1,AT1,2,92,-0.5241,0.0434,2.9756,3.814,-8.6169,1.26,1.0,1.0,1.57e-05,0.4687,0.91,0.5919
FR1_to_AT1_seed2,FR1,AT1,2,93,-0.5544,0.0466,2.9687,3.8079,-8.6328,1.2552,1.0,1.0,1.2e-05,0.4591,0.91,0.5848
FR1_to_AT1_seed2,FR1,AT1,2,94,-0.5236,0.044,2.9763,3.8031,-8.6023,1.2552,1.0,1.0,8.86e-06,0.4671,0.91,0.5781
FR1_to_AT1_seed2,FR1,AT1,2,95,-0.5271,0.0436,2.9749,3.8046,-8.6031,1.253,1.0,1.0,6.16e-06,0.4572,0.91,0.581
FR1_to_AT1_seed2,FR1,AT1,2,96,-0.5472,0.0431,2.9744,3.7976,-8.6145,1.2522,1.0,1.0,3.94e-06,0.4763,0.9,0.5913
FR1_to_AT1_seed2,FR1,AT1,2,97,-0.5035,0.0442,2.9732,3.8056,-8.5779,1.2515,1.0,1.0,2.22e-06,0.4291,0.91,0.5967
FR1_to_AT1_seed2,FR1,AT1,2,98,-0.5737,0.0423,2.9716,3.7956,-8.633,1.2497,1.0,1.0,9.87e-07,0.4696,0.91,0.5887
FR1_to_AT1_seed2,FR1,AT1,2,99,-0.5434,0.0441,2.9709,3.8027,-8.6111,1.2501,1.0,1.0,2.47e-07,0.4465,0.91,0.5965
FR1_to_AT1_seed2,FR1,AT1,2,100,-0.6174,0.0432,2.9686,3.7963,-8.6747,1.2492,1.0,1.0,0.0,0.4472,0.91,0.5906
FR1_to_DK1_seed1,FR1,DK1,1,1,6.7108,0.5251,4.7112,5.1256,-4.6421,0.9911,0.998,1.0,0.001,0.3335,0.91,0.4898
FR1_to_DK1_seed1,FR1,DK1,1,2,2.0391,0.2825,4.1443,4.46,-8.0454,1.1977,1.0,1.0,0.000999,0.3327,0.9,0.4703
FR1_to_DK1_seed1,FR1,DK1,1,3,1.3248,0.2506,4.0464,4.3125,-8.3863,1.1017,1.0,1.0,0.000998,0.3324,0.91,0.5148
FR1_to_DK1_seed1,FR1,DK1,1,4,1.559,0.2433,4.1065,4.4515,-8.4301,1.1879,1.0,1.0,0.000996,0.4409,0.89,0.4968
FR1_to_DK1_seed1,FR1,DK1,1,5,-0.2901,0.2204,3.4247,3.4696,-8.5755,1.1707,1.0,1.0,0.000994,0.4573,0.88,0.4843
FR1_to_DK1_seed1,FR1,DK1,1,6,1.0043,0.2216,3.9621,4.1461,-8.5085,1.183,1.0,1.0,0.000991,0.4229,0.9,0.5441
FR1_to_DK1_seed1,FR1,DK1,1,7,0.6904,0.2056,3.8269,4.0637,-8.6165,1.2108,1.0,1.0,0.000988,0.2335,0.94,0.5953
FR1_to_DK1_seed1,FR1,DK1,1,8,0.3967,0.2003,3.6878,3.9117,-8.5741,1.171,1.0,1.0,0.000984,0.2414,0.94,0.5883
FR1_to_DK1_seed1,FR1,DK1,1,9,0.4015,0.1958,3.7879,3.7949,-8.6048,1.2277,1.0,1.0,0.00098,0.2396,0.93,0.5844
FR1_to_DK1_seed1,FR1,DK1,1,10,-0.1746,0.1819,3.2553,3.7297,-8.607,1.2655,1.0,1.0,0.000976,0.3105,0.91,0.5422
FR1_to_DK1_seed1,FR1,DK1,1,11,-0.527,0.1794,3.2182,3.4487,-8.6182,1.2449,1.0,1.0,0.00097,0.4692,0.88,0.4678
FR1_to_DK1_seed1,FR1,DK1,1,12,0.5362,0.1908,3.6312,4.0754,-8.5896,1.2284,1.0,1.0,0.000965,0.3498,0.92,0.537
FR1_to_DK1_seed1,FR1,DK1,1,13,1.0965,0.1922,3.9283,4.3494,-8.6198,1.2464,1.0,1.0,0.000959,0.3905,0.9,0.54
FR1_to_DK1_seed1,FR1,DK1,1,14,0.5129,0.1769,3.6546,4.0675,-8.6295,1.2434,1.0,1.0,0.000952,0.4061,0.89,0.4967
FR1_to_DK1_seed1,FR1,DK1,1,15,0.6216,0.1834,3.8497,3.9096,-8.5857,1.2647,1.0,1.0,0.000946,0.2713,0.93,0.585
FR1_to_DK1_seed1,FR1,DK1,1,16,0.1521,0.1758,3.584,3.755,-8.6342,1.2715,1.0,1.0,0.000938,0.2845,0.93,0.6031
FR1_to_DK1_seed1,FR1,DK1,1,17,0.1416,0.1764,3.3859,3.9539,-8.5808,1.2063,1.0,1.0,0.00093,0.2319,0.94,0.5984
FR1_to_DK1_seed1,FR1,DK1,1,18,0.5037,0.173,3.5999,4.0133,-8.558,1.2754,1.0,1.0,0.000922,0.3571,0.91,0.4945
FR1_to_DK1_seed1,FR1,DK1,1,19,0.0048,0.1607,3.4046,3.8058,-8.6321,1.2658,1.0,1.0,0.000914,0.2466,0.94,0.6261
FR1_to_DK1_seed1,FR1,DK1,1,20,0.5135,0.1798,3.7132,3.9985,-8.6183,1.2403,1.0,1.0,0.000905,0.2139,0.94,0.6034
FR1_to_DK1_seed1,FR1,DK1,1,21,0.6002,0.1823,3.3124,4.486,-8.5948,1.2143,1.0,1.0,0.000895,0.2464,0.93,0.5989
FR1_to_DK1_seed1,FR1,DK1,1,22,0.3113,0.1695,3.3026,4.1678,-8.5941,1.2654,1.0,1.0,0.000885,0.315,0.92,0.561
FR1_to_DK1_seed1,FR1,DK1,1,23,-0.1033,0.1627,3.2651,3.8864,-8.636,1.2185,1.0,1.0,0.000875,0.2583,0.93,0.6119
FR1_to_DK1_seed1,FR1,DK1,1,24,-0.7573,0.1551,3.0812,3.4331,-8.6277,1.2012,1.0,1.0,0.000864,0.33,0.92,0.5487
FR1_to_DK1_seed1,FR1,DK1,1,25,0.7416,0.1685,3.6172,4.3733,-8.6534,1.2361,1.0,1.0,0.000854,0.277,0.92,0.5804
FR1_to_DK1_seed1,FR1,DK1,1,26,0.6848,0.1554,3.5775,4.3099,-8.6303,1.2722,1.0,1.0,0.000842,0.2684,0.93,0.5701
FR1_to_DK1_seed1,FR1,DK1,1,27,0.2347,0.1409,3.3424,4.115,-8.6245,1.2608,1.0,1.0,0.000831,0.2364,0.94,0.5889
FR1_to_DK1_seed1,FR1,DK1,1,28,0.1712,0.1376,3.4479,3.9464,-8.6132,1.2526,1.0,1.0,0.000819,0.2871,0.92,0.5958
FR1_to_DK1_seed1,FR1,DK1,1,29,-0.0014,0.1412,3.4844,3.791,-8.6313,1.2134,1.0,1.0,0.000806,0.2564,0.93,0.6186
FR1_to_DK1_seed1,FR1,DK1,1,30,0.4987,0.139,3.5889,4.1017,-8.6048,1.274,1.0,1.0,0.000794,0.3666,0.91,0.5249
FR1_to_DK1_seed1,FR1,DK1,1,31,0.5286,0.1357,3.6971,4.0638,-8.6401,1.2721,1.0,1.0,0.000781,0.2751,0.93,0.6242
FR1_to_DK1_seed1,FR1,DK1,1,32,0.3057,0.1334,3.7129,3.8468,-8.6456,1.2581,1.0,1.0,0.000768,0.3121,0.92,0.5635
FR1_to_DK1_seed1,FR1,DK1,1,33,-0.0096,0.1284,3.5077,3.7409,-8.634,1.2474,1.0,1.0,0.000755,0.2515,0.93,0.5801
FR1_to_DK1_seed1,FR1,DK1,1,34,-0.1973,0.1254,3.3204,3.7632,-8.6119,1.2055,1.0,1.0,0.000741,0.2306,0.94,0.6574
FR1_to_DK1_seed1,FR1,DK1,1,35,-0.5648,0.125,3.304,3.4203,-8.6245,1.2104,1.0,1.0,0.000727,0.2463,0.94,0.6024
FR1_to_DK1_seed1,FR1,DK1,1,36,-0.8562,0.123,3.201,3.3121,-8.6551,1.1627,1.0,1.0,0.000713,0.274,0.93,0.594
FR1_to_DK1_seed1,FR1,DK1,1,37,-0.0909,0.1244,3.4105,3.7473,-8.6071,1.2339,1.0,1.0,0.000699,0.3127,0.93,0.5531
FR1_to_DK1_seed1,FR1,DK1,1,38,0.3069,0.127,3.5852,3.9682,-8.6222,1.2488,1.0,1.0,0.000684,0.3239,0.92,0.5791
FR1_to_DK1_seed1,FR1,DK1,1,39,0.1247,0.123,3.469,3.9083,-8.6036,1.2281,1.0,1.0,0.000669,0.245,0.94,0.6304
FR1_to_DK1_seed1,FR1,DK1,1,40,0.2632,0.1178,3.5927,3.9189,-8.6277,1.2614,1.0,1.0,0.000655,0.2263,0.95,0.6495
FR1_to_DK1_seed1,FR1,DK1,1,41,0.0544,0.1131,3.6333,3.7348,-8.6407,1.2138,1.0,1.0,0.000639,0.2792,0.93,0.5975
FR1_to_DK1_seed1,FR1,DK1,1,42,-0.3116,0.1112,3.4152,3.5412,-8.6094,1.2302,1.0,1.0,0.000624,0.3034,0.93,0.6106
FR1_to_DK1_seed1,FR1,DK1,1,43,-0.3467,0.104,3.4469,3.5252,-8.6152,1.1925,1.0,1.0,0.000609,0.2364,0.94,0.6495
FR1_to_DK1_seed1,FR1,DK1,1,44,-0.2387,0.1022,3.5718,3.5006,-8.6129,1.1996,1.0,1.0,0.000594,0.2063,0.95,0.6361
FR1_to_DK1_seed1,FR1,DK1,1,45,-0.1216,0.099,3.6229,3.5808,-8.634,1.2098,1.0,1.0,0.000578,0.224,0.94,0.6494
FR1_to_DK1_seed1,FR1,DK1,1,46,-0.3049,0.0973,3.4268,3.6039,-8.6411,1.2081,1.0,1.0,0.000563,0.2147,0.94,0.6727
FR1_to_DK1_seed1,FR1,DK1,1,47,0.1653,0.1044,3.5794,3.8794,-8.6456,1.2477,1.0,1.0,0.000547,0.2176,0.95,0.6365
FR1_to_DK1_seed1,FR1,DK1,1,48,-0.4456,0.0981,3.4056,3.4886,-8.6414,1.2035,1.0,1.0,0.000531,0.1963,0.95,0.7069
FR1_to_DK1_seed1,FR1,DK1,1,49,-0.592,0.0964,3.4317,3.3385,-8.6473,1.1888,1.0,1.0,0.000516,0.1989,0.95,0.7065
FR1_to_DK1_seed1,FR1,DK1,1,50,-0.3639,0.0939,3.4193,3.5177,-8.6174,1.2226,1.0,1.0,0.0005,0.1779,0.95,0.7191
FR1_to_DK1_seed1,FR1,DK1,1,51,-0.5434,0.091,3.3956,3.3897,-8.6183,1.1987,1.0,1.0,0.000484,0.2342,0.94,0.6585
FR1_to_DK1_seed1,FR1,DK1,1,52,-1.0024,0.0866,3.2615,3.123,-8.632,1.1584,1.0,1.0,0.000469,0.2297,0.94,0.6643
FR1_to_DK1_seed1,FR1,DK1,1,53,-0.7655,0.0863,3.4115,3.1933,-8.6225,1.166,1.0,1.0,0.000453,0.2544,0.94,0.6379
FR1_to_DK1_seed1,FR1,DK1,1,54,-0.5134,0.0866,3.3585,3.512,-8.6504,1.1798,1.0,1.0,0.000437,0.2377,0.94,0.6614
FR1_to_DK1_seed1,FR1,DK1,1,55,0.1276,0.0876,3.3778,4.0444,-8.6064,1.2242,1.0,1.0,0.000422,0.1939,0.95,0.7036
FR1_to_DK1_seed1,FR1,DK1,1,56,-0.6049,0.0812,3.1647,3.5787,-8.6299,1.2004,1.0,1.0,0.000406,0.2245,0.94,0.6501
FR1_to_DK1_seed1,FR1,DK1,1,57,-0.4739,0.0811,3.272,3.607,-8.6525,1.2185,1.0,1.0,0.000391,0.2529,0.94,0.6381
FR1_to_DK1_seed1,FR1,DK1,1,58,-0.7938,0.0793,3.1998,3.4118,-8.6284,1.1436,1.0,1.0,0.000376,0.2546,0.94,0.6563
FR1_to_DK1_seed1,FR1,DK1,1,59,-0.7393,0.0802,3.1317,3.5162,-8.6471,1.1798,1.0,1.0,0.000361,0.2497,0.94,0.6849
FR1_to_DK1_seed1,FR1,DK1,1,60,-0.2954,0.08,3.3045,3.7011,-8.6022,1.2212,1.0,1.0,0.000345,0.2263,0.94,0.6876
FR1_to_DK1_seed1,FR1,DK1,1,61,-0.7275,0.0774,3.1897,3.4871,-8.6645,1.1829,1.0,1.0,0.000331,0.2751,0.93,0.6656
FR1_to_DK1_seed1,FR1,DK1,1,62,-0.7174,0.076,3.1913,3.4353,-8.6163,1.1963,1.0,1.0,0.000316,0.2421,0.94,0.6933
FR1_to_DK1_seed1,FR1,DK1,1,63,-0.8253,0.0698,3.1879,3.4263,-8.6791,1.1698,1.0,1.0,0.000301,0.223,0.94,0.6856
FR1_to_DK1_seed1,FR1,DK1,1,64,-0.4964,0.0703,3.4014,3.5036,-8.6585,1.1869,1.0,1.0,0.000287,0.2495,0.94,0.6945
FR1_to_DK1_seed1,FR1,DK1,1,65,-0.3895,0.0721,3.3618,3.6096,-8.6443,1.2113,1.0,1.0,0.000273,0.2134,0.95,0.7148
FR1_to_DK1_seed1,FR1,DK1,1,66,-0.4627,0.0707,3.3605,3.5434,-8.6305,1.1933,1.0,1.0,0.000259,0.2511,0.94,0.706
FR1_to_DK1_seed1,FR1,DK1,1,67,-0.351,0.0683,3.4896,3.4753,-8.6226,1.2385,1.0,1.0,0.000245,0.2509,0.94,0.6954
FR1_to_DK1_seed1,FR1,DK1,1,68,-0.3102,0.0651,3.4227,3.5817,-8.5952,1.2155,1.0,1.0,0.000232,0.3233,0.93,0.6543
FR1_to_DK1_seed1,FR1,DK1,1,69,-0.2786,0.0643,3.4181,3.6143,-8.605,1.2297,1.0,1.0,0.000219,0.3143,0.93,0.6525
FR1_to_DK1_seed1,FR1,DK1,1,70,-0.3225,0.0635,3.4236,3.613,-8.6293,1.2067,1.0,1.0,0.000206,0.2867,0.93,0.671
FR1_to_DK1_seed1,FR1,DK1,1,71,-0.5933,0.0634,3.3456,3.4417,-8.614,1.17,1.0,1.0,0.000194,0.2505,0.94,0.662
FR1_to_DK1_seed1,FR1,DK1,1,72,-0.4175,0.0612,3.3689,3.5686,-8.607,1.1908,1.0,1.0,0.000181,0.2495,0.94,0.6869
FR1_to_DK1_seed1,FR1,DK1,1,73,-0.2462,0.0601,3.4253,3.6988,-8.6236,1.1932,1.0,1.0,0.000169,0.2454,0.94,0.6937
FR1_to_DK1_seed1,FR1,DK1,1,74,-0.1889,0.0592,3.485,3.6989,-8.6325,1.2005,1.0,1.0,0.000158,0.2625,0.94,0.6959
FR1_to_DK1_seed1,FR1,DK1,1,75,-0.2496,0.0557,3.403,3.6837,-8.6063,1.2143,1.0,1.0,0.000146,0.2789,0.94,0.6857
FR1_to_DK1_seed1,FR1,DK1,1,76,-0.0853,0.057,3.5779,3.7155,-8.652,1.2164,1.0,1.0,0.000136,0.2688,0.94,0.6781
FR1_to_DK1_seed1,FR1,DK1,1,77,-0.1362,0.0547,3.4948,3.7327,-8.6315,1.213,1.0,1.0,0.000125,0.299,0.93,0.6725
FR1_to_DK1_seed1,FR1,DK1,1,78,-0.0473,0.0535,3.5651,3.761,-8.6471,1.2201,1.0,1.0,0.000115,0.2982,0.93,0.6613
FR1_to_DK1_seed1,FR1,DK1,1,79,0.021,0.0535,3.5516,3.8317,-8.6575,1.2417,1.0,1.0,0.000105,0.2651,0.94,0.6825
FR1_to_DK1_seed1,FR1,DK1,1,80,-0.0567,0.0537,3.4791,3.8064,-8.6125,1.2166,1.0,1.0,9.55e-05,0.2691,0.94,0.6849
FR1_to_DK1_seed1,FR1,DK1,1,81,-0.1163,0.0521,3.4373,3.7895,-8.6098,1.2147,1.0,1.0,8.65e-05,0.2595,0.94,0.6773
FR1_to_DK1_seed1,FR1,DK1,1,82,-0.2145,0.0504,3.4236,3.7539,-8.6502,1.2077,1.0,1.0,7.78e-05,0.278,0.94,0.6821
FR1_to_DK1_seed1,FR1,DK1,1,83,-0.1828,0.0497,3.4626,3.7408,-8.6494,1.2134,1.0,1.0,6.96e-05,0.2594,0.94,0.6856
FR1_to_DK1_seed1,FR1,DK1,1,84,-0.1996,0.0488,3.4475,3.7176,-8.6196,1.206,1.0,1.0,6.18e-05,0.2879,0.93,0.6743
FR1_to_DK1_seed1,FR1,DK1,1,85,-0.1902,0.0485,3.4716,3.7668,-8.6873,1.2103,1.0,1.0,5.45e-05,0.2539,0.94,0.6807
FR1_to_DK1_seed1,FR1,DK1,1,86,-0.1027,0.0483,3.4858,3.8168,-8.6618,1.2082,1.0,1.0,4.76e-05,0.2608,0.94,0.6827
FR1_to_DK1_seed1,FR1,DK1,1,87,-0.0907,0.047,3.4654,3.8136,-8.6357,1.2191,1.0,1.0,4.11e-05,0.2866,0.93,0.6528
FR1_to_DK1_seed1,FR1,DK1,1,88,-0.0541,0.0476,3.4601,3.8257,-8.6069,1.2193,1.0,1.0,3.51e-05,0.2845,0.93,0.6531
FR1_to_DK1_seed1,FR1,DK1,1,89,-0.1176,0.0474,3.4556,3.8212,-8.6544,1.2126,1.0,1.0,2.96e-05,0.288,0.94,0.663
FR1_to_DK1_seed1,FR1,DK1,1,90,-0.1219,0.0465,3.4679,3.7744,-8.6204,1.2096,1.0,1.0,2.45e-05,0.2924,0.94,0.6824
FR1_to_DK1_seed1,FR1,DK1,1,91,-0.1432,0.0465,3.4735,3.7533,-8.6202,1.2037,1.0,1.0,1.99e-05,0.2905,0.93,0.6825
FR1_to_DK1_seed1,FR1,DK1,1,92,-0.1785,0.0458,3.452,3.741,-8.6173,1.2,1.0,1.0,1.57e-05,0.3151,0.93,0.6606
FR1_to_DK1_seed1,FR1,DK1,1,93,-0.2499,0.0457,3.4292,3.7271,-8.6467,1.1948,1.0,1.0,1.2e-05,0.3056,0.93,0.6635
FR1_to_DK1_seed1,FR1,DK1,1,94,-0.2726,0.0471,3.419,3.7158,-8.6467,1.1923,1.0,1.0,8.86e-06,0.2944,0.93,0.673
FR1_to_DK1_seed1,FR1,DK1,1,95,-0.2609,0.0454,3.4331,3.7151,-8.6474,1.1929,1.0,1.0,6.16e-06,0.3095,0.93,0.6757
FR1_to_DK1_seed1,FR1,DK1,1,96,-0.2297,0.0452,3.4365,3.7088,-8.608,1.1878,1.0,1.0,3.94e-06,0.3201,0.93,0.6612
FR1_to_DK1_seed1,FR1,DK1,1,97,-0.2543,0.0453,3.4394,3.7087,-8.6365,1.1888,1.0,1.0,2.22e-06,0.2993,0.93,0.6777
FR1_to_DK1_seed1,FR1,DK1,1,98,-0.2241,0.0455,3.4441,3.7082,-8.6086,1.1867,1.0,1.0,9.87e-07,0.3041,0.93,0.6696
FR1_to_DK1_seed1,FR1,DK1,1,99,-0.2563,0.0458,3.4361,3.7112,-8.6362,1.1868,1.0,1.0,2.47e-07,0.3144,0.93,0.655
FR1_to_DK1_seed1,FR1,DK1,1,100,-0.23,0.0461,3.4444,3.7124,-8.6207,1.1878,1.0,1.0,0.0,0.2996,0.93,0.6551
FR1_to_DK1_seed2,FR1,DK1,2,1,6.1487,0.5019,4.6201,4.9123,-4.857,0.9714,0.998,1.0,0.001,0.4531,0.87,0.4069
FR1_to_DK1_seed2,FR1,DK1,2,2,1.4959,0.276,4.0362,4.3543,-8.2795,1.1088,1.0,1.0,0.000999,0.3566,0.9,0.4854
FR1_to_DK1_seed2,FR1,DK1,2,3,-0.0678,0.2385,3.4072,3.7643,-8.4926,1.0148,1.0,1.0,0.000998,0.3188,0.91,0.5067
FR1_to_DK1_seed2,FR1,DK1,2,4,-0.5188,0.2307,3.19,3.8016,-8.486,0.745,1.0,1.0,0.000996,0.3341,0.91,0.5063
FR1_to_DK1_seed2,FR1,DK1,2,5,-0.0943,0.2266,3.2606,3.997,-8.5212,0.9427,1.0,1.0,0.000994,0.4136,0.88,0.5042
FR1_to_DK1_seed2,FR1,DK1,2,6,-0.4019,0.2188,3.0476,3.9894,-8.5243,0.8666,1.0,1.0,0.000991,0.3692,0.9,0.5229
FR1_to_DK1_seed2,FR1,DK1,2,7,0.0118,0.2143,3.328,4.0223,-8.5234,0.9705,1.0,1.0,0.000988,0.3104,0.91,0.5328
FR1_to_DK1_seed2,FR1,DK1,2,8,0.5415,0.2054,3.618,4.1624,-8.5575,1.1132,1.0,1.0,0.000984,0.2694,0.93,0.5859
FR1_to_DK1_seed2,FR1,DK1,2,9,0.1985,0.1965,3.5058,3.9085,-8.5742,1.1619,1.0,1.0,0.00098,0.3037,0.92,0.5331
FR1_to_DK1_seed2,FR1,DK1,2,10,0.1281,0.1928,3.5476,3.8364,-8.6039,1.1553,1.0,1.0,0.000976,0.275,0.92,0.5971
FR1_to_DK1_seed2,FR1,DK1,2,11,0.6859,0.192,3.8954,3.9277,-8.5409,1.2116,1.0,1.0,0.00097,0.5132,0.85,0.4601
FR1_to_DK1_seed2,FR1,DK1,2,12,1.0809,0.191,3.9909,4.2894,-8.5961,1.2057,1.0,1.0,0.000965,0.2574,0.93,0.6464
FR1_to_DK1_seed2,FR1,DK1,2,13,0.8379,0.1856,3.7947,4.2436,-8.5914,1.2055,1.0,1.0,0.000959,0.257,0.93,0.5771
FR1_to_DK1_seed2,FR1,DK1,2,14,1.3382,0.1859,3.9859,4.4887,-8.544,1.2217,1.0,1.0,0.000952,0.2451,0.93,0.6194
FR1_to_DK1_seed2,FR1,DK1,2,15,0.7294,0.1784,3.7459,4.1596,-8.5647,1.2103,1.0,1.0,0.000946,0.2793,0.92,0.5705
FR1_to_DK1_seed2,FR1,DK1,2,16,0.6682,0.1702,3.9842,3.8837,-8.5714,1.2015,1.0,1.0,0.000938,0.3917,0.9,0.4934
FR1_to_DK1_seed2,FR1,DK1,2,17,0.9981,0.1673,4.2675,3.913,-8.5519,1.2022,1.0,1.0,0.00093,0.2896,0.92,0.5304
FR1_to_DK1_seed2,FR1,DK1,2,18,0.9171,0.1593,4.0875,3.9942,-8.5604,1.2366,1.0,1.0,0.000922,0.2241,0.94,0.6446
FR1_to_DK1_seed2,FR1,DK1,2,19,2.0249,0.1733,4.7106,4.4056,-8.534,1.2695,1.0,1.0,0.000914,0.2423,0.93,0.6308
FR1_to_DK1_seed2,FR1,DK1,2,20,2.5401,0.1662,5.0386,4.544,-8.4747,1.266,1.0,1.0,0.000905,0.2432,0.94,0.6261
FR1_to_DK1_seed2,FR1,DK1,2,21,1.7099,0.1517,4.6232,4.2291,-8.5651,1.271,1.0,1.0,0.000895,0.2028,0.95,0.6623
FR1_to_DK1_seed2,FR1,DK1,2,22,1.9864,0.1507,4.7656,4.3606,-8.5702,1.2797,1.0,1.0,0.000885,0.276,0.92,0.6294
FR1_to_DK1_seed2,FR1,DK1,2,23,2.1494,0.1505,4.8234,4.3966,-8.5193,1.2982,1.0,1.0,0.000875,0.2549,0.94,0.618
FR1_to_DK1_seed2,FR1,DK1,2,24,2.2514,0.1444,5.0289,4.3227,-8.5359,1.2913,1.0,1.0,0.000864,0.2271,0.94,0.6433
FR1_to_DK1_seed2,FR1,DK1,2,25,2.0937,0.1483,4.8678,4.3038,-8.5462,1.3201,1.0,1.0,0.000854,0.3457,0.92,0.5324
FR1_to_DK1_seed2,FR1,DK1,2,26,1.3557,0.1403,4.5981,3.8875,-8.557,1.2868,1.0,1.0,0.000842,0.2158,0.95,0.6478
FR1_to_DK1_seed2,FR1,DK1,2,27,1.7143,0.1395,4.8737,3.9397,-8.5065,1.268,1.0,1.0,0.000831,0.2264,0.95,0.6407
FR1_to_DK1_seed2,FR1,DK1,2,28,1.946,0.1378,4.9276,4.0663,-8.4762,1.2905,1.0,1.0,0.000819,0.2419,0.94,0.6223
FR1_to_DK1_seed2,FR1,DK1,2,29,1.702,0.1338,4.7571,4.003,-8.4709,1.2789,1.0,1.0,0.000806,0.2175,0.95,0.6725
FR1_to_DK1_seed2,FR1,DK1,2,30,1.7394,0.1356,4.921,3.9028,-8.4864,1.2664,1.0,1.0,0.000794,0.2198,0.95,0.6539
FR1_to_DK1_seed2,FR1,DK1,2,31,1.4485,0.1313,4.6417,3.869,-8.4596,1.2661,1.0,1.0,0.000781,0.199,0.95,0.6636
FR1_to_DK1_seed2,FR1,DK1,2,32,1.5215,0.1266,4.7487,3.903,-8.5295,1.2729,1.0,1.0,0.000768,0.3431,0.91,0.5914
FR1_to_DK1_seed2,FR1,DK1,2,33,1.7469,0.1265,4.8342,3.9986,-8.5329,1.3206,1.0,1.0,0.000755,0.236,0.95,0.638
FR1_to_DK1_seed2,FR1,DK1,2,34,1.5063,0.1209,4.7715,3.8842,-8.5679,1.2976,1.0,1.0,0.000741,0.3407,0.93,0.5808
FR1_to_DK1_seed2,FR1,DK1,2,35,1.9544,0.1255,5.0245,4.0425,-8.56,1.3218,1.0,1.0,0.000727,0.3324,0.92,0.5896
FR1_to_DK1_seed2,FR1,DK1,2,36,1.7086,0.1209,4.8914,3.9362,-8.5543,1.3144,1.0,1.0,0.000713,0.2506,0.93,0.6503
FR1_to_DK1_seed2,FR1,DK1,2,37,1.3746,0.1168,4.8759,3.631,-8.5505,1.3015,1.0,1.0,0.000699,0.2033,0.95,0.6576
FR1_to_DK1_seed2,FR1,DK1,2,38,1.3921,0.1166,4.8221,3.7071,-8.5387,1.285,1.0,1.0,0.000684,0.2009,0.95,0.6401
FR1_to_DK1_seed2,FR1,DK1,2,39,2.0821,0.1332,5.1493,4.0065,-8.4768,1.2699,1.0,1.0,0.000669,0.2461,0.94,0.6172
FR1_to_DK1_seed2,FR1,DK1,2,40,1.4209,0.1182,4.9535,3.6196,-8.5297,1.2592,1.0,1.0,0.000655,0.2053,0.95,0.6744
FR1_to_DK1_seed2,FR1,DK1,2,41,1.5436,0.118,4.9836,3.7232,-8.535,1.2538,1.0,1.0,0.000639,0.2295,0.94,0.6355
FR1_to_DK1_seed2,FR1,DK1,2,42,1.6489,0.1135,5.0546,3.7601,-8.5437,1.2645,1.0,1.0,0.000624,0.211,0.95,0.6319
FR1_to_DK1_seed2,FR1,DK1,2,43,2.2122,0.1219,5.2993,4.0817,-8.5579,1.2671,1.0,1.0,0.000609,0.2787,0.93,0.5902
FR1_to_DK1_seed2,FR1,DK1,2,44,1.6189,0.1154,5.0406,3.7445,-8.5445,1.2629,1.0,1.0,0.000594,0.211,0.95,0.6833
FR1_to_DK1_seed2,FR1,DK1,2,45,1.0818,0.1076,4.719,3.6307,-8.6208,1.2453,1.0,1.0,0.000578,0.1888,0.95,0.6838
FR1_to_DK1_seed2,FR1,DK1,2,46,1.2158,0.105,4.7046,3.7075,-8.5484,1.247,1.0,1.0,0.000563,0.297,0.93,0.6165
FR1_to_DK1_seed2,FR1,DK1,2,47,1.4683,0.1054,4.8914,3.7511,-8.5553,1.2756,1.0,1.0,0.000547,0.2124,0.95,0.6422
FR1_to_DK1_seed2,FR1,DK1,2,48,1.1633,0.1,4.5709,3.7753,-8.5317,1.2489,1.0,1.0,0.000531,0.1988,0.95,0.6696
FR1_to_DK1_seed2,FR1,DK1,2,49,1.1229,0.0992,4.5871,3.786,-8.5909,1.2416,1.0,1.0,0.000516,0.2125,0.95,0.7038
FR1_to_DK1_seed2,FR1,DK1,2,50,1.4338,0.1012,4.7634,3.8796,-8.5596,1.2491,1.0,1.0,0.0005,0.219,0.95,0.664
FR1_to_DK1_seed2,FR1,DK1,2,51,1.5125,0.1014,4.9046,3.8163,-8.5805,1.2709,1.0,1.0,0.000484,0.204,0.95,0.6548
FR1_to_DK1_seed2,FR1,DK1,2,52,1.2362,0.0951,4.7075,3.7458,-8.5514,1.2393,1.0,1.0,0.000469,0.2336,0.95,0.6248
FR1_to_DK1_seed2,FR1,DK1,2,53,0.8331,0.0957,4.4812,3.5993,-8.572,1.2288,1.0,1.0,0.000453,0.2238,0.95,0.658
FR1_to_DK1_seed2,FR1,DK1,2,54,0.8007,0.094,4.4792,3.595,-8.5944,1.227,1.0,1.0,0.000437,0.2068,0.95,0.6646
FR1_to_DK1_seed2,FR1,DK1,2,55,0.8964,0.0911,4.5661,3.5888,-8.5597,1.21,1.0,1.0,0.000422,0.195,0.95,0.6739
FR1_to_DK1_seed2,FR1,DK1,2,56,0.9332,0.0903,4.6391,3.5777,-8.5994,1.2254,1.0,1.0,0.000406,0.1991,0.95,0.6689
FR1_to_DK1_seed2,FR1,DK1,2,57,0.8464,0.0894,4.5466,3.5755,-8.5777,1.2126,1.0,1.0,0.000391,0.2093,0.95,0.6654
FR1_to_DK1_seed2,FR1,DK1,2,58,0.8579,0.087,4.5705,3.5883,-8.5961,1.2082,1.0,1.0,0.000376,0.2013,0.95,0.6639
FR1_to_DK1_seed2,FR1,DK1,2,59,1.1996,0.0847,4.7421,3.708,-8.5491,1.2138,1.0,1.0,0.000361,0.2256,0.95,0.6618
FR1_to_DK1_seed2,FR1,DK1,2,60,1.1651,0.0816,4.6794,3.7531,-8.5687,1.2197,1.0,1.0,0.000345,0.2012,0.96,0.6811
FR1_to_DK1_seed2,FR1,DK1,2,61,1.117,0.0837,4.5643,3.7994,-8.5638,1.2335,1.0,1.0,0.000331,0.2389,0.95,0.6782
FR1_to_DK1_seed2,FR1,DK1,2,62,1.0099,0.0822,4.5211,3.716,-8.5414,1.232,1.0,1.0,0.000316,0.2186,0.95,0.6581
FR1_to_DK1_seed2,FR1,DK1,2,63,1.1088,0.0808,4.6279,3.727,-8.5677,1.2408,1.0,1.0,0.000301,0.2172,0.95,0.656
FR1_to_DK1_seed2,FR1,DK1,2,64,0.9339,0.0771,4.5411,3.6724,-8.5643,1.2077,1.0,1.0,0.000287,0.1796,0.96,0.6943
FR1_to_DK1_seed2,FR1,DK1,2,65,0.8782,0.0751,4.5184,3.6778,-8.5761,1.1829,1.0,1.0,0.000273,0.2227,0.95,0.6459
FR1_to_DK1_seed2,FR1,DK1,2,66,1.0501,0.0747,4.5393,3.8365,-8.5877,1.1874,1.0,1.0,0.000259,0.212,0.96,0.6918
FR1_to_DK1_seed2,FR1,DK1,2,67,1.2437,0.0771,4.6132,3.902,-8.5634,1.215,1.0,1.0,0.000245,0.2023,0.96,0.7154
FR1_to_DK1_seed2,FR1,DK1,2,68,0.9779,0.0719,4.4894,3.8046,-8.5912,1.2031,1.0,1.0,0.000232,0.1946,0.96,0.6934
FR1_to_DK1_seed2,FR1,DK1,2,69,0.9014,0.0693,4.3715,3.8369,-8.58,1.2038,1.0,1.0,0.000219,0.208,0.96,0.6683
FR1_to_DK1_seed2,FR1,DK1,2,70,1.0384,0.0691,4.4208,3.8739,-8.5343,1.2088,1.0,1.0,0.000206,0.2021,0.95,0.6618
FR1_to_DK1_seed2,FR1,DK1,2,71,1.3052,0.0685,4.4899,4.0511,-8.5288,1.2244,1.0,1.0,0.000194,0.1852,0.96,0.7143
FR1_to_DK1_seed2,FR1,DK1,2,72,1.201,0.067,4.4858,3.9874,-8.5532,1.2141,1.0,1.0,0.000181,0.2042,0.96,0.692
FR1_to_DK1_seed2,FR1,DK1,2,73,1.0699,0.0663,4.4188,3.9499,-8.5739,1.2087,1.0,1.0,0.000169,0.1941,0.96,0.7198
FR1_to_DK1_seed2,FR1,DK1,2,74,0.8651,0.0644,4.2942,3.9035,-8.5882,1.1912,1.0,1.0,0.000158,0.2061,0.96,0.6793
FR1_to_DK1_seed2,FR1,DK1,2,75,0.7948,0.066,4.1882,3.9286,-8.5777,1.1896,1.0,1.0,0.000146,0.2025,0.96,0.6849
FR1_to_DK1_seed2,FR1,DK1,2,76,0.8739,0.0643,4.2156,3.9977,-8.5954,1.1916,1.0,1.0,0.000136,0.1952,0.96,0.6906
FR1_to_DK1_seed2,FR1,DK1,2,77,0.9942,0.0615,4.2848,4.0119,-8.5543,1.1903,1.0,1.0,0.000125,0.2009,0.96,0.7248
FR1_to_DK1_seed2,FR1,DK1,2,78,1.0853,0.0612,4.3445,4.0498,-8.5732,1.2029,1.0,1.0,0.000115,0.2013,0.96,0.6917
FR1_to_DK1_seed2,FR1,DK1,2,79,1.0775,0.0619,4.357,4.0346,-8.5713,1.1954,1.0,1.0,0.000105,0.2074,0.96,0.6978
FR1_to_DK1_seed2,FR1,DK1,2,80,0.9756,0.0611,4.2405,4.0573,-8.5702,1.1868,1.0,1.0,9.55e-05,0.2102,0.96,0.6946
FR1_to_DK1_seed2,FR1,DK1,2,81,0.9716,0.0583,4.1972,4.0715,-8.5397,1.1843,1.0,1.0,8.65e-05,0.2081,0.96,0.7044
FR1_to_DK1_seed2,FR1,DK1,2,82,1.0842,0.0587,4.2901,4.0744,-8.526,1.1871,1.0,1.0,7.78e-05,0.2149,0.96,0.691
FR1_to_DK1_seed2,FR1,DK1,2,83,0.9645,0.0569,4.1913,4.0742,-8.5536,1.1957,1.0,1.0,6.96e-05,0.22,0.95,0.6918
FR1_to_DK1_seed2,FR1,DK1,2,84,1.103,0.0562,4.2897,4.1035,-8.544,1.1976,1.0,1.0,6.18e-05,0.2163,0.95,0.6911
FR1_to_DK1_seed2,FR1,DK1,2,85,0.9419,0.0573,4.1726,4.0602,-8.5525,1.2044,1.0,1.0,5.45e-05,0.2098,0.95,0.6889
FR1_to_DK1_seed2,FR1,DK1,2,86,0.882,0.0564,4.1349,4.0851,-8.5928,1.1983,1.0,1.0,4.76e-05,0.2121,0.96,0.6917
FR1_to_DK1_seed2,FR1,DK1,2,87,0.9467,0.0557,4.1691,4.0759,-8.542,1.1881,1.0,1.0,4.11e-05,0.2171,0.96,0.6899
FR1_to_DK1_seed2,FR1,DK1,2,88,0.9016,0.0544,4.1607,4.0331,-8.5223,1.1757,1.0,1.0,3.51e-05,0.2105,0.96,0.7017
FR1_to_DK1_seed2,FR1,DK1,2,89,0.9754,0.0541,4.242,4.0446,-8.5417,1.1765,1.0,1.0,2.96e-05,0.21,0.96,0.6998
FR1_to_DK1_seed2,FR1,DK1,2,90,1.019,0.0529,4.2934,4.06,-8.5743,1.187,1.0,1.0,2.45e-05,0.2137,0.96,0.6917
FR1_to_DK1_seed2,FR1,DK1,2,91,1.0387,0.0528,4.2901,4.0427,-8.5434,1.1964,1.0,1.0,1.99e-05,0.2119,0.96,0.6966
FR1_to_DK1_seed2,FR1,DK1,2,92,1.0653,0.0522,4.3105,4.0516,-8.5446,1.1955,1.0,1.0,1.57e-05,0.2144,0.95,0.6822
FR1_to_DK1_seed2,FR1,DK1,2,93,1.0517,0.0513,4.3096,4.0704,-8.5707,1.1911,1.0,1.0,1.2e-05,0.2223,0.95,0.6886
FR1_to_DK1_seed2,FR1,DK1,2,94,1.1157,0.0519,4.3431,4.0759,-8.5408,1.1855,1.0,1.0,8.86e-06,0.2238,0.95,0.6865
FR1_to_DK1_seed2,FR1,DK1,2,95,1.0864,0.0517,4.3285,4.0761,-8.554,1.184,1.0,1.0,6.16e-06,0.2168,0.95,0.6836
FR1_to_DK1_seed2,FR1,DK1,2,96,1.1059,0.0511,4.3317,4.0836,-8.5432,1.1828,1.0,1.0,3.94e-06,0.2223,0.96,0.691
FR1_to_DK1_seed2,FR1,DK1,2,97,1.1346,0.0527,4.3263,4.0872,-8.5148,1.1832,1.0,1.0,2.22e-06,0.2155,0.96,0.7008
FR1_to_DK1_seed2,FR1,DK1,2,98,1.085,0.0513,4.3234,4.0863,-8.5582,1.1823,1.0,1.0,9.87e-07,0.2202,0.95,0.6908
FR1_to_DK1_seed2,FR1,DK1,2,99,1.0971,0.0512,4.3147,4.0901,-8.5401,1.1812,1.0,1.0,2.47e-07,0.2236,0.95,0.6917
FR1_to_DK1_seed2,FR1,DK1,2,100,1.0376,0.0513,4.3197,4.0839,-8.6002,1.183,1.0,1.0,0.0,0.223,0.95,0.6822
FR1_to_DK1_seed3,FR1,DK1,3,1,4.7815,0.4687,3.9863,4.6714,-5.2441,0.8993,0.998,1.0,0.001,0.3851,0.89,0.4452
FR1_to_DK1_seed3,FR1,DK1,3,2,0.2908,0.2586,3.4046,3.9719,-8.2703,0.9261,1.0,1.0,0.000999,0.3945,0.89,0.5184
FR1_to_DK1_seed3,FR1,DK1,3,3,0.8872,0.2452,3.8315,4.1027,-8.4085,1.1164,1.0,1.0,0.000998,0.2866,0.92,0.5445
FR1_to_DK1_seed3,FR1,DK1,3,4,0.4629,0.2274,3.608,4.0915,-8.5348,1.0707,1.0,1.0,0.000996,0.4381,0.87,0.4949
FR1_to_DK1_seed3,FR1,DK1,3,5,0.4193,0.2234,3.3928,4.2328,-8.5225,1.0928,1.0,1.0,0.000994,0.2214,0.94,0.5991
FR1_to_DK1_seed3,FR1,DK1,3,6,1.1112,0.2287,3.9716,4.3213,-8.5133,1.1028,1.0,1.0,0.000991,0.3623,0.9,0.5326
FR1_to_DK1_seed3,FR1,DK1,3,7,0.1454,0.2087,3.4271,3.9378,-8.582,1.1538,1.0,1.0,0.000988,0.3334,0.91,0.5253
FR1_to_DK1_seed3,FR1,DK1,3,8,0.4167,0.2054,3.5964,4.0093,-8.5778,1.1833,1.0,1.0,0.000984,0.3831,0.89,0.4993
FR1_to_DK1_seed3,FR1,DK1,3,9,0.5133,0.2009,3.7073,3.9458,-8.5461,1.2053,1.0,1.0,0.00098,0.2699,0.93,0.5983
FR1_to_DK1_seed3,FR1,DK1,3,10,-0.3538,0.1899,3.264,3.5079,-8.5518,1.2361,1.0,1.0,0.000976,0.297,0.92,0.5881
FR1_to_DK1_seed3,FR1,DK1,3,11,0.1173,0.1974,3.5227,3.786,-8.5989,1.21,1.0,1.0,0.00097,0.2601,0.93,0.5787
FR1_to_DK1_seed3,FR1,DK1,3,12,0.3355,0.1925,3.5942,3.9703,-8.6071,1.1856,1.0,1.0,0.000965,0.1977,0.95,0.6371
FR1_to_DK1_seed3,FR1,DK1,3,13,0.1325,0.1909,3.6216,3.7249,-8.6275,1.2226,1.0,1.0,0.000959,0.3637,0.9,0.5668
FR1_to_DK1_seed3,FR1,DK1,3,14,0.1326,0.1859,3.5938,3.7584,-8.6267,1.2211,1.0,1.0,0.000952,0.2826,0.93,0.5793
FR1_to_DK1_seed3,FR1,DK1,3,15,-0.1949,0.1759,3.4537,3.5768,-8.6246,1.2233,1.0,1.0,0.000946,0.224,0.94,0.6123
FR1_to_DK1_seed3,FR1,DK1,3,16,0.4874,0.1849,3.6369,4.0299,-8.6304,1.266,1.0,1.0,0.000938,0.3546,0.92,0.54
FR1_to_DK1_seed3,FR1,DK1,3,17,0.5007,0.1824,3.7366,3.9062,-8.6106,1.2861,1.0,1.0,0.00093,0.2194,0.94,0.6166
FR1_to_DK1_seed3,FR1,DK1,3,18,-0.0298,0.1706,3.5657,3.612,-8.6189,1.2407,1.0,1.0,0.000922,0.3676,0.91,0.5025
FR1_to_DK1_seed3,FR1,DK1,3,19,0.0435,0.1709,3.5479,3.673,-8.6166,1.2683,1.0,1.0,0.000914,0.3962,0.9,0.5572
FR1_to_DK1_seed3,FR1,DK1,3,20,-0.3456,0.1629,3.4273,3.4082,-8.6267,1.2827,1.0,1.0,0.000905,0.3158,0.92,0.5632
FR1_to_DK1_seed3,FR1,DK1,3,21,-0.0902,0.1602,3.6369,3.4426,-8.628,1.2981,1.0,1.0,0.000895,0.2194,0.94,0.6351
FR1_to_DK1_seed3,FR1,DK1,3,22,-0.3621,0.1552,3.4263,3.3834,-8.6118,1.2847,1.0,1.0,0.000885,0.2453,0.93,0.6041
FR1_to_DK1_seed3,FR1,DK1,3,23,-0.3182,0.1494,3.3844,3.4507,-8.6112,1.3085,1.0,1.0,0.000875,0.2225,0.94,0.6371
FR1_to_DK1_seed3,FR1,DK1,3,24,-0.7221,0.1458,3.2314,3.2166,-8.6388,1.3229,1.0,1.0,0.000864,0.267,0.93,0.6039
FR1_to_DK1_seed3,FR1,DK1,3,25,-0.7441,0.1413,3.3056,3.1422,-8.6355,1.3023,1.0,1.0,0.000854,0.2308,0.93,0.6651
FR1_to_DK1_seed3,FR1,DK1,3,26,-0.7845,0.1435,3.3425,3.0686,-8.6361,1.297,1.0,1.0,0.000842,0.1801,0.95,0.723
FR1_to_DK1_seed3,FR1,DK1,3,27,-1.0546,0.1394,3.1751,2.9624,-8.6114,1.28,1.0,1.0,0.000831,0.2115,0.94,0.6629
FR1_to_DK1_seed3,FR1,DK1,3,28,-1.0604,0.1359,3.2488,2.9429,-8.6615,1.2735,1.0,1.0,0.000819,0.2241,0.94,0.6592
FR1_to_DK1_seed3,FR1,DK1,3,29,-0.7362,0.1399,3.2769,3.1814,-8.6307,1.2963,1.0,1.0,0.000806,0.2222,0.94,0.6423
FR1_to_DK1_seed3,FR1,DK1,3,30,-1.0737,0.1316,3.074,3.0538,-8.6278,1.2947,1.0,1.0,0.000794,0.2035,0.95,0.6652
FR1_to_DK1_seed3,FR1,DK1,3,31,-1.4134,0.1234,2.956,2.8574,-8.6312,1.281,1.0,1.0,0.000781,0.2943,0.92,0.6278
FR1_to_DK1_seed3,FR1,DK1,3,32,-1.0671,0.1307,3.1016,3.0332,-8.6258,1.2932,1.0,1.0,0.000768,0.2083,0.94,0.674
FR1_to_DK1_seed3,FR1,DK1,3,33,-1.36,0.1244,2.9724,2.9174,-8.6504,1.2762,1.0,1.0,0.000755,0.2971,0.92,0.6364
FR1_to_DK1_seed3,FR1,DK1,3,34,-1.5095,0.1205,2.9268,2.8029,-8.6286,1.269,1.0,1.0,0.000741,0.1935,0.95,0.6645
FR1_to_DK1_seed3,FR1,DK1,3,35,-1.3356,0.1198,2.9943,2.89,-8.6049,1.2652,1.0,1.0,0.000727,0.2589,0.94,0.635
FR1_to_DK1_seed3,FR1,DK1,3,36,-1.0398,0.1215,3.1256,3.0665,-8.624,1.2705,1.0,1.0,0.000713,0.2488,0.94,0.6594
FR1_to_DK1_seed3,FR1,DK1,3,37,-1.1103,0.1189,3.0938,3.0293,-8.6183,1.2661,1.0,1.0,0.000699,0.1768,0.95,0.717
FR1_to_DK1_seed3,FR1,DK1,3,38,-1.3316,0.1158,2.9293,2.9927,-8.6355,1.2661,1.0,1.0,0.000684,0.1955,0.95,0.7051
FR1_to_DK1_seed3,FR1,DK1,3,39,-1.3233,0.1132,2.9536,2.9934,-8.6375,1.254,1.0,1.0,0.000669,0.2104,0.95,0.7017
FR1_to_DK1_seed3,FR1,DK1,3,40,-1.3911,0.1102,2.9318,2.9434,-8.6311,1.2547,1.0,1.0,0.000655,0.1973,0.95,0.6914
FR1_to_DK1_seed3,FR1,DK1,3,41,-1.5982,0.108,2.8496,2.8458,-8.6447,1.2431,1.0,1.0,0.000639,0.1922,0.95,0.7252
FR1_to_DK1_seed3,FR1,DK1,3,42,-1.2965,0.1102,2.9623,2.9895,-8.6233,1.2648,1.0,1.0,0.000624,0.2367,0.94,0.6809
FR1_to_DK1_seed3,FR1,DK1,3,43,-1.5001,0.1063,2.8408,2.9184,-8.6171,1.2514,1.0,1.0,0.000609,0.2549,0.94,0.6875
FR1_to_DK1_seed3,FR1,DK1,3,44,-1.4385,0.104,2.9678,2.8847,-8.6438,1.2488,1.0,1.0,0.000594,0.2954,0.93,0.6293
FR1_to_DK1_seed3,FR1,DK1,3,45,-1.4031,0.1016,2.9698,2.9069,-8.6271,1.2457,1.0,1.0,0.000578,0.1913,0.95,0.7145
FR1_to_DK1_seed3,FR1,DK1,3,46,-1.3165,0.1015,2.9823,2.9655,-8.6251,1.2592,1.0,1.0,0.000563,0.2016,0.95,0.6608
FR1_to_DK1_seed3,FR1,DK1,3,47,-1.4135,0.0988,2.9191,2.954,-8.6495,1.2641,1.0,1.0,0.000547,0.2395,0.94,0.6506
FR1_to_DK1_seed3,FR1,DK1,3,48,-1.5925,0.095,2.8715,2.8401,-8.6303,1.2312,1.0,1.0,0.000531,0.1978,0.95,0.6801
FR1_to_DK1_seed3,FR1,DK1,3,49,-1.7353,0.0917,2.7818,2.7955,-8.6268,1.2225,1.0,1.0,0.000516,0.2424,0.94,0.6583
FR1_to_DK1_seed3,FR1,DK1,3,50,-1.7546,0.0918,2.7142,2.8441,-8.6331,1.2284,1.0,1.0,0.0005,0.2826,0.93,0.6445
FR1_to_DK1_seed3,FR1,DK1,3,51,-1.7075,0.0908,2.7301,2.8578,-8.6193,1.233,1.0,1.0,0.000484,0.2064,0.95,0.68
FR1_to_DK1_seed3,FR1,DK1,3,52,-1.7445,0.0885,2.7286,2.8121,-8.6212,1.2475,1.0,1.0,0.000469,0.2342,0.95,0.6936
FR1_to_DK1_seed3,FR1,DK1,3,53,-1.7914,0.0881,2.7283,2.7958,-8.6388,1.2352,1.0,1.0,0.000453,0.2245,0.95,0.7008
FR1_to_DK1_seed3,FR1,DK1,3,54,-1.6188,0.0848,2.8186,2.8704,-8.6427,1.2501,1.0,1.0,0.000437,0.2036,0.95,0.7006
FR1_to_DK1_seed3,FR1,DK1,3,55,-1.7403,0.0822,2.739,2.823,-8.6208,1.2363,1.0,1.0,0.000422,0.1912,0.95,0.6892
FR1_to_DK1_seed3,FR1,DK1,3,56,-1.6342,0.0802,2.8273,2.8482,-8.6308,1.241,1.0,1.0,0.000406,0.2208,0.95,0.6587
FR1_to_DK1_seed3,FR1,DK1,3,57,-1.7703,0.0791,2.8064,2.7566,-8.6409,1.2286,1.0,1.0,0.000391,0.2155,0.95,0.6726
FR1_to_DK1_seed3,FR1,DK1,3,58,-1.8066,0.079,2.8112,2.7121,-8.6352,1.2262,1.0,1.0,0.000376,0.2151,0.95,0.6739
FR1_to_DK1_seed3,FR1,DK1,3,59,-1.6116,0.0765,2.8686,2.8206,-8.61,1.2327,1.0,1.0,0.000361,0.2212,0.95,0.6816
FR1_to_DK1_seed3,FR1,DK1,3,60,-1.3421,0.075,3.0071,2.9666,-8.6459,1.2551,1.0,1.0,0.000345,0.2261,0.95,0.6782
FR1_to_DK1_seed3,FR1,DK1,3,61,-1.4467,0.0737,2.9497,2.9442,-8.6591,1.2448,1.0,1.0,0.000331,0.2043,0.95,0.7011
FR1_to_DK1_seed3,FR1,DK1,3,62,-1.4146,0.0738,2.9584,2.9443,-8.637,1.246,1.0,1.0,0.000316,0.2124,0.95,0.7076
FR1_to_DK1_seed3,FR1,DK1,3,63,-1.6613,0.0723,2.7895,2.8422,-8.5974,1.2322,1.0,1.0,0.000301,0.2169,0.95,0.6783
FR1_to_DK1_seed3,FR1,DK1,3,64,-1.468,0.0681,2.8865,2.9296,-8.583,1.2308,1.0,1.0,0.000287,0.2089,0.95,0.7118
FR1_to_DK1_seed3,FR1,DK1,3,65,-1.2984,0.0697,3.0147,3.0207,-8.6442,1.2407,1.0,1.0,0.000273,0.2259,0.95,0.6941
FR1_to_DK1_seed3,FR1,DK1,3,66,-1.3747,0.0676,2.9819,2.9747,-8.6271,1.2281,1.0,1.0,0.000259,0.1998,0.95,0.7111
FR1_to_DK1_seed3,FR1,DK1,3,67,-1.4436,0.0657,2.9342,2.9678,-8.6342,1.2229,1.0,1.0,0.000245,0.224,0.95,0.6896
FR1_to_DK1_seed3,FR1,DK1,3,68,-1.4841,0.0635,2.9586,2.9195,-8.6489,1.2232,1.0,1.0,0.000232,0.2251,0.95,0.6881
FR1_to_DK1_seed3,FR1,DK1,3,69,-1.3771,0.0675,3.0459,2.9285,-8.6317,1.2127,1.0,1.0,0.000219,0.2165,0.95,0.691
FR1_to_DK1_seed3,FR1,DK1,3,70,-1.3234,0.0634,3.0345,2.9956,-8.6349,1.218,1.0,1.0,0.000206,0.2217,0.95,0.6968
FR1_to_DK1_seed3,FR1,DK1,3,71,-1.2198,0.0595,3.1034,3.0075,-8.6164,1.2263,1.0,1.0,0.000194,0.2285,0.95,0.7009
FR1_to_DK1_seed3,FR1,DK1,3,72,-1.3638,0.0588,3.0264,2.9778,-8.6456,1.2188,1.0,1.0,0.000181,0.2299,0.95,0.6963
FR1_to_DK1_seed3,FR1,DK1,3,73,-1.429,0.0567,2.9747,2.9657,-8.6373,1.2112,1.0,1.0,0.000169,0.2437,0.95,0.6785
FR1_to_DK1_seed3,FR1,DK1,3,74,-1.3952,0.0584,3.0261,2.9697,-8.6681,1.2187,1.0,1.0,0.000158,0.2239,0.95,0.6952
FR1_to_DK1_seed3,FR1,DK1,3,75,-1.2482,0.0574,3.0934,3.011,-8.6255,1.2156,1.0,1.0,0.000146,0.2447,0.95,0.677
FR1_to_DK1_seed3,FR1,DK1,3,76,-1.0968,0.0552,3.1609,3.0728,-8.613,1.2273,1.0,1.0,0.000136,0.2283,0.95,0.7027
FR1_to_DK1_seed3,FR1,DK1,3,77,-1.144,0.055,3.1175,3.0909,-8.6319,1.2245,1.0,1.0,0.000125,0.2472,0.95,0.6752
FR1_to_DK1_seed3,FR1,DK1,3,78,-1.1481,0.0536,3.1181,3.0652,-8.6228,1.2377,1.0,1.0,0.000115,0.2272,0.95,0.6917
FR1_to_DK1_seed3,FR1,DK1,3,79,-1.2017,0.0535,3.1259,3.0339,-8.643,1.2279,1.0,1.0,0.000105,0.2415,0.95,0.6689
FR1_to_DK1_seed3,FR1,DK1,3,80,-1.2052,0.0515,3.1189,3.0637,-8.6634,1.2241,1.0,1.0,9.55e-05,0.2233,0.95,0.6882
FR1_to_DK1_seed3,FR1,DK1,3,81,-1.162,0.0531,3.1178,3.0657,-8.6152,1.2166,1.0,1.0,8.65e-05,0.2386,0.95,0.674
FR1_to_DK1_seed3,FR1,DK1,3,82,-1.0647,0.0518,3.1487,3.1536,-8.6394,1.2205,1.0,1.0,7.78e-05,0.2442,0.95,0.6621
FR1_to_DK1_seed3,FR1,DK1,3,83,-1.0214,0.052,3.1433,3.1684,-8.6023,1.2172,1.0,1.0,6.96e-05,0.2569,0.94,0.6592
FR1_to_DK1_seed3,FR1,DK1,3,84,-1.0282,0.0508,3.1393,3.1973,-8.627,1.2113,1.0,1.0,6.18e-05,0.2439,0.95,0.6686
FR1_to_DK1_seed3,FR1,DK1,3,85,-0.9727,0.0505,3.1766,3.2315,-8.6497,1.2184,1.0,1.0,5.45e-05,0.2434,0.95,0.6805
FR1_to_DK1_seed3,FR1,DK1,3,86,-0.9575,0.0483,3.1945,3.2305,-8.6491,1.2183,1.0,1.0,4.76e-05,0.2421,0.95,0.6894
FR1_to_DK1_seed3,FR1,DK1,3,87,-0.9639,0.0489,3.1763,3.2411,-8.6399,1.2096,1.0,1.0,4.11e-05,0.231,0.95,0.6838
FR1_to_DK1_seed3,FR1,DK1,3,88,-0.9299,0.0481,3.1885,3.2623,-8.6447,1.2159,1.0,1.0,3.51e-05,0.2414,0.95,0.6847
FR1_to_DK1_seed3,FR1,DK1,3,89,-0.9429,0.0474,3.1679,3.2444,-8.6222,1.2195,1.0,1.0,2.96e-05,0.242,0.95,0.6867
FR1_to_DK1_seed3,FR1,DK1,3,90,-0.9966,0.047,3.158,3.228,-8.6382,1.2086,1.0,1.0,2.45e-05,0.2242,0.95,0.6904
FR1_to_DK1_seed3,FR1,DK1,3,91,-1.013,0.0447,3.1559,3.2198,-8.6404,1.207,1.0,1.0,1.99e-05,0.2372,0.95,0.6767
FR1_to_DK1_seed3,FR1,DK1,3,92,-0.9272,0.045,3.1809,3.2577,-8.6229,1.2121,1.0,1.0,1.57e-05,0.2426,0.95,0.6832
FR1_to_DK1_seed3,FR1,DK1,3,93,-0.8947,0.0458,3.1948,3.2727,-8.6225,1.2145,1.0,1.0,1.2e-05,0.2475,0.95,0.6818
FR1_to_DK1_seed3,FR1,DK1,3,94,-0.7953,0.0469,3.2216,3.3274,-8.6247,1.2335,1.0,1.0,8.86e-06,0.2395,0.95,0.6931
FR1_to_FR2_seed1,FR1,FR2,1,1,4.782,0.4388,4.5853,4.5942,-5.8656,1.0293,0.998,1.0,0.001,0.3061,0.91,0.5146
FR1_to_FR2_seed1,FR1,FR2,1,2,0.6258,0.2411,3.7078,3.9293,-8.3231,1.0707,1.0,1.0,0.000999,0.3767,0.89,0.5182
FR1_to_FR2_seed1,FR1,FR2,1,3,-0.376,0.2073,3.2646,3.5634,-8.4905,1.0792,1.0,1.0,0.000998,0.4757,0.85,0.4765
FR1_to_FR2_seed1,FR1,FR2,1,4,0.822,0.2052,3.7119,4.2342,-8.5168,1.1875,1.0,1.0,0.000996,0.3183,0.92,0.5493
FR1_to_FR2_seed1,FR1,FR2,1,5,0.4123,0.1969,3.344,4.2568,-8.5828,1.1975,1.0,1.0,0.000994,0.2814,0.92,0.6072
FR1_to_FR2_seed1,FR1,FR2,1,6,0.7545,0.1932,3.4839,4.4155,-8.5792,1.2411,1.0,1.0,0.000991,0.3137,0.91,0.5741
FR1_to_FR2_seed1,FR1,FR2,1,7,0.4825,0.1836,3.4508,4.2554,-8.6274,1.2201,1.0,1.0,0.000988,0.2664,0.92,0.6101
FR1_to_FR2_seed1,FR1,FR2,1,8,0.9565,0.1873,3.7915,4.2587,-8.5584,1.2774,1.0,1.0,0.000984,0.2064,0.94,0.6211
FR1_to_FR2_seed1,FR1,FR2,1,9,0.3247,0.1812,3.5552,3.9858,-8.6076,1.2101,1.0,1.0,0.00098,0.2669,0.93,0.6196
FR1_to_FR2_seed1,FR1,FR2,1,10,0.436,0.1799,3.6682,3.9626,-8.6244,1.2497,1.0,1.0,0.000976,0.2167,0.94,0.6068
FR1_to_FR2_seed1,FR1,FR2,1,11,0.7805,0.1776,3.8427,4.1049,-8.6056,1.2609,1.0,1.0,0.00097,0.2896,0.92,0.5974
FR1_to_FR2_seed1,FR1,FR2,1,12,0.7898,0.1733,3.8446,4.114,-8.617,1.2748,1.0,1.0,0.000965,0.2611,0.93,0.6092
FR1_to_FR2_seed1,FR1,FR2,1,13,0.8375,0.1708,3.8092,4.1904,-8.6349,1.302,1.0,1.0,0.000959,0.2152,0.94,0.5985
FR1_to_FR2_seed1,FR1,FR2,1,14,0.0351,0.1587,3.5059,3.7083,-8.6279,1.2902,1.0,1.0,0.000952,0.2402,0.93,0.6157
FR1_to_FR2_seed1,FR1,FR2,1,15,0.106,0.1642,3.6372,3.6252,-8.6192,1.2986,1.0,1.0,0.000946,0.3028,0.91,0.6058
FR1_to_FR2_seed1,FR1,FR2,1,16,0.2889,0.1533,3.4608,3.979,-8.6298,1.3256,1.0,1.0,0.000938,0.3136,0.91,0.6062
FR1_to_FR2_seed1,FR1,FR2,1,17,-0.1169,0.1512,3.4376,3.6097,-8.6184,1.303,1.0,1.0,0.00093,0.2333,0.94,0.6296
FR1_to_FR2_seed1,FR1,FR2,1,18,-0.3018,0.1469,3.3908,3.4262,-8.5683,1.3025,1.0,1.0,0.000922,0.2961,0.92,0.6241
FR1_to_FR2_seed1,FR1,FR2,1,19,-0.4334,0.1415,3.3403,3.4047,-8.6385,1.3187,1.0,1.0,0.000914,0.2238,0.94,0.6822
FR1_to_FR2_seed1,FR1,FR2,1,20,-0.8536,0.1367,3.1853,3.1365,-8.633,1.3209,1.0,1.0,0.000905,0.2125,0.94,0.6799
FR1_to_FR2_seed1,FR1,FR2,1,21,-0.8412,0.1335,3.1036,3.2212,-8.6096,1.31,1.0,1.0,0.000895,0.2334,0.94,0.6851
FR1_to_FR2_seed1,FR1,FR2,1,22,-0.8143,0.1343,3.2061,3.144,-8.609,1.3103,1.0,1.0,0.000885,0.2354,0.94,0.657
FR1_to_FR2_seed1,FR1,FR2,1,23,-1.3107,0.1285,2.8967,3.0037,-8.6373,1.2977,1.0,1.0,0.000875,0.2493,0.93,0.6072
FR1_to_FR2_seed1,FR1,FR2,1,24,-1.0142,0.1298,3.0139,3.1397,-8.6055,1.3081,1.0,1.0,0.000864,0.3598,0.9,0.5503
FR1_to_FR2_seed1,FR1,FR2,1,25,-1.1737,0.1298,2.9179,3.1302,-8.6534,1.3018,1.0,1.0,0.000854,0.278,0.93,0.6482
FR1_to_FR2_seed1,FR1,FR2,1,26,-0.8648,0.1283,3.1179,3.2114,-8.6364,1.314,1.0,1.0,0.000842,0.2889,0.93,0.6173
FR1_to_FR2_seed1,FR1,FR2,1,27,-0.6695,0.1285,3.139,3.3845,-8.641,1.3195,1.0,1.0,0.000831,0.3364,0.92,0.5816
FR1_to_FR2_seed1,FR1,FR2,1,28,-0.9742,0.1202,3.0245,3.1842,-8.6132,1.3101,1.0,1.0,0.000819,0.3385,0.92,0.5632
FR1_to_FR2_seed1,FR1,FR2,1,29,-1.1282,0.1212,3.0044,3.0556,-8.6194,1.31,1.0,1.0,0.000806,0.2628,0.93,0.6178
FR1_to_FR2_seed1,FR1,FR2,1,30,-1.1147,0.1224,3.0245,3.0731,-8.6102,1.2754,1.0,1.0,0.000794,0.2773,0.92,0.6833
FR1_to_FR2_seed1,FR1,FR2,1,31,-0.752,0.1215,3.1463,3.2981,-8.6129,1.295,1.0,1.0,0.000781,0.2852,0.92,0.659
FR1_to_FR2_seed1,FR1,FR2,1,32,-0.9413,0.1166,2.987,3.2945,-8.6461,1.3067,1.0,1.0,0.000768,0.2804,0.92,0.6297
FR1_to_FR2_seed1,FR1,FR2,1,33,-1.0121,0.115,2.9883,3.2169,-8.6282,1.2959,1.0,1.0,0.000755,0.2719,0.93,0.6299
FR1_to_FR2_seed1,FR1,FR2,1,34,-1.0645,0.113,3.0325,3.119,-8.6258,1.2968,1.0,1.0,0.000741,0.2618,0.93,0.6484
FR1_to_FR2_seed1,FR1,FR2,1,35,-1.2053,0.1045,2.9685,3.0347,-8.6313,1.3182,1.0,1.0,0.000727,0.2618,0.93,0.6238
FR1_to_FR2_seed1,FR1,FR2,1,36,-0.9241,0.106,3.0603,3.2236,-8.6299,1.316,1.0,1.0,0.000713,0.3433,0.92,0.568
FR1_to_FR2_seed1,FR1,FR2,1,37,-1.1074,0.1058,2.9714,3.1254,-8.6074,1.2973,1.0,1.0,0.000699,0.3232,0.92,0.6065
FR1_to_FR2_seed1,FR1,FR2,1,38,-0.5678,0.11,3.0783,3.553,-8.6216,1.3124,1.0,1.0,0.000684,0.3124,0.92,0.5971
FR1_to_FR2_seed1,FR1,FR2,1,39,-0.5242,0.1095,3.1483,3.4863,-8.5984,1.33,1.0,1.0,0.000669,0.3951,0.9,0.5548
FR1_to_FR2_seed1,FR1,FR2,1,40,-0.75,0.1049,3.0217,3.4148,-8.6173,1.326,1.0,1.0,0.000655,0.2575,0.93,0.6686
FR1_to_FR2_seed1,FR1,FR2,1,41,-0.8594,0.1055,3.0062,3.3515,-8.6323,1.3097,1.0,1.0,0.000639,0.2829,0.93,0.6572
FR1_to_FR2_seed1,FR1,FR2,1,42,-0.9552,0.1013,3.0556,3.1999,-8.6261,1.314,1.0,1.0,0.000624,0.5414,0.87,0.485
FR1_to_FR2_seed1,FR1,FR2,1,43,-1.0364,0.1007,3.027,3.1411,-8.6255,1.3203,1.0,1.0,0.000609,0.285,0.92,0.629
FR1_to_FR2_seed1,FR1,FR2,1,44,-1.1326,0.0956,2.9318,3.1543,-8.634,1.3198,1.0,1.0,0.000594,0.298,0.92,0.6126
FR1_to_FR2_seed1,FR1,FR2,1,45,-1.0956,0.0948,2.9257,3.2078,-8.6342,1.3104,1.0,1.0,0.000578,0.3446,0.91,0.6506
FR1_to_FR2_seed1,FR1,FR2,1,46,-0.8417,0.0943,3.0621,3.3252,-8.6314,1.3081,1.0,1.0,0.000563,0.4197,0.9,0.5422
FR1_to_FR2_seed1,FR1,FR2,1,47,-1.0444,0.0941,3.0342,3.1731,-8.6697,1.3239,1.0,1.0,0.000547,0.4224,0.89,0.5677
FR1_to_FR2_seed1,FR1,FR2,1,48,-1.1726,0.0881,2.9004,3.1774,-8.6395,1.3011,1.0,1.0,0.000531,0.2846,0.93,0.6392
FR1_to_FR2_seed1,FR1,FR2,1,49,-0.7985,0.0942,3.0745,3.3487,-8.6294,1.3135,1.0,1.0,0.000516,0.4021,0.9,0.5698
FR1_to_FR2_seed1,FR1,FR2,1,50,-0.9714,0.09,3.0113,3.2581,-8.6291,1.2983,1.0,1.0,0.0005,0.2818,0.93,0.6415
FR1_to_FR2_seed1,FR1,FR2,1,51,-0.7537,0.0886,3.0394,3.4365,-8.6072,1.289,1.0,1.0,0.000484,0.3927,0.91,0.5566
FR1_to_FR2_seed1,FR1,FR2,1,52,-0.7802,0.0852,3.0519,3.4515,-8.639,1.2701,1.0,1.0,0.000469,0.3528,0.91,0.5882
FR1_to_FR2_seed1,FR1,FR2,1,53,-0.7231,0.0875,3.1258,3.4065,-8.6388,1.296,1.0,1.0,0.000453,0.3198,0.92,0.5985
FR1_to_FR2_seed1,FR1,FR2,1,54,-0.8137,0.0815,3.0155,3.4567,-8.6616,1.2942,1.0,1.0,0.000437,0.2913,0.93,0.6262
FR1_to_FR2_seed1,FR1,FR2,1,55,-0.755,0.0816,2.9864,3.4631,-8.5925,1.3064,1.0,1.0,0.000422,0.3383,0.92,0.5873
FR1_to_FR2_seed1,FR1,FR2,1,56,-0.6321,0.0833,3.0244,3.6114,-8.6405,1.2893,1.0,1.0,0.000406,0.2933,0.93,0.5961
FR1_to_FR2_seed1,FR1,FR2,1,57,-0.4984,0.0789,3.091,3.7036,-8.6707,1.2988,1.0,1.0,0.000391,0.3187,0.92,0.6041
FR1_to_FR2_seed1,FR1,FR2,1,58,-0.4756,0.0792,3.1523,3.639,-8.6527,1.3066,1.0,1.0,0.000376,0.2675,0.93,0.6632
FR1_to_FR2_seed1,FR1,FR2,1,59,-0.5195,0.0745,3.1021,3.6491,-8.6448,1.2997,1.0,1.0,0.000361,0.3058,0.92,0.6483
FR1_to_FR2_seed1,FR1,FR2,1,60,-0.6,0.0721,3.0057,3.6315,-8.6061,1.2968,1.0,1.0,0.000345,0.2896,0.93,0.6573
FR1_to_FR2_seed1,FR1,FR2,1,61,-0.7275,0.0687,2.9669,3.5993,-8.6593,1.2969,1.0,1.0,0.000331,0.2808,0.93,0.6276
FR1_to_FR2_seed1,FR1,FR2,1,62,-0.3826,0.0674,3.0485,3.7975,-8.6078,1.3118,1.0,1.0,0.000316,0.2637,0.93,0.6658
FR1_to_FR2_seed1,FR1,FR2,1,63,-0.3917,0.0696,3.107,3.776,-8.6661,1.3218,1.0,1.0,0.000301,0.2734,0.93,0.6559
FR1_to_FR2_seed1,FR1,FR2,1,64,-0.5223,0.0671,2.9913,3.7648,-8.6588,1.3133,1.0,1.0,0.000287,0.2903,0.93,0.6219
FR1_to_FR2_seed1,FR1,FR2,1,65,-0.663,0.0617,2.9712,3.6599,-8.6556,1.2998,1.0,1.0,0.000273,0.323,0.92,0.6242
FR1_to_FR2_seed1,FR1,FR2,1,66,-0.2866,0.064,3.1242,3.856,-8.6432,1.3123,1.0,1.0,0.000259,0.2917,0.93,0.6195
FR1_to_FR2_seed1,FR1,FR2,1,67,-0.6513,0.0623,3.0099,3.6149,-8.6307,1.2923,1.0,1.0,0.000245,0.3226,0.92,0.6053
FR1_to_FR2_seed1,FR1,FR2,1,68,-0.5415,0.0609,2.987,3.7163,-8.6179,1.3122,1.0,1.0,0.000232,0.2863,0.93,0.6348
FR1_to_FR2_seed1,FR1,FR2,1,69,-0.4685,0.0616,3.0837,3.7002,-8.6146,1.3006,1.0,1.0,0.000219,0.3191,0.92,0.6433
FR1_to_FR2_seed1,FR1,FR2,1,70,-0.4612,0.0583,3.0726,3.7359,-8.6303,1.3023,1.0,1.0,0.000206,0.2662,0.93,0.6543
FR1_to_FR2_seed1,FR1,FR2,1,71,-0.2709,0.0608,3.0804,3.9016,-8.6275,1.3138,1.0,1.0,0.000194,0.2659,0.93,0.6502
FR1_to_FR2_seed1,FR1,FR2,1,72,-0.3945,0.0575,3.0529,3.8393,-8.6443,1.3,1.0,1.0,0.000181,0.2569,0.94,0.6418
FR1_to_FR2_seed1,FR1,FR2,1,73,-0.369,0.0553,3.0487,3.8403,-8.611,1.2976,1.0,1.0,0.000169,0.2943,0.93,0.643
FR1_to_FR2_seed1,FR1,FR2,1,74,-0.2437,0.0557,3.1067,3.9106,-8.6329,1.3161,1.0,1.0,0.000158,0.331,0.92,0.616
FR1_to_FR2_seed1,FR1,FR2,1,75,-0.2324,0.0536,3.0735,3.9642,-8.6298,1.3061,1.0,1.0,0.000146,0.2669,0.93,0.6643
FR1_to_FR2_seed1,FR1,FR2,1,76,-0.2455,0.0544,3.1275,3.9292,-8.6582,1.3017,1.0,1.0,0.000136,0.2798,0.93,0.6621
FR1_to_FR2_seed1,FR1,FR2,1,77,-0.1074,0.053,3.1749,3.9804,-8.6303,1.3147,1.0,1.0,0.000125,0.3029,0.93,0.6552
FR1_to_FR2_seed1,FR1,FR2,1,78,0.0518,0.0533,3.2444,4.1081,-8.6539,1.2999,1.0,1.0,0.000115,0.291,0.93,0.6667
FR1_to_FR2_seed1,FR1,FR2,1,79,-0.0393,0.0515,3.2165,4.041,-8.6337,1.2855,1.0,1.0,0.000105,0.2896,0.93,0.6586
FR1_to_FR2_seed1,FR1,FR2,1,80,-0.0066,0.0534,3.1882,4.0653,-8.6047,1.2912,1.0,1.0,9.55e-05,0.3041,0.93,0.6342
FR1_to_FR2_seed1,FR1,FR2,1,81,0.0078,0.0541,3.1639,4.1124,-8.6232,1.3006,1.0,1.0,8.65e-05,0.3019,0.93,0.6427
FR1_to_FR2_seed1,FR1,FR2,1,82,-0.034,0.0529,3.1318,4.1328,-8.659,1.3076,1.0,1.0,7.78e-05,0.2709,0.94,0.666
FR1_to_FR2_seed1,FR1,FR2,1,83,-0.0727,0.0519,3.0916,4.134,-8.6516,1.3014,1.0,1.0,6.96e-05,0.2988,0.93,0.6497
FR1_to_FR2_seed1,FR1,FR2,1,84,-0.12,0.0515,3.1093,4.0544,-8.6246,1.2894,1.0,1.0,6.18e-05,0.2692,0.93,0.6684
FR1_to_FR2_seed1,FR1,FR2,1,85,-0.1622,0.0474,3.1311,4.0147,-8.6581,1.3027,1.0,1.0,5.45e-05,0.2778,0.93,0.6525
FR1_to_FR2_seed1,FR1,FR2,1,86,-0.0315,0.0469,3.183,4.0745,-8.6538,1.3179,1.0,1.0,4.76e-05,0.2934,0.93,0.6515
FR1_to_FR2_seed1,FR1,FR2,1,87,0.2337,0.0486,3.2792,4.2106,-8.633,1.3284,1.0,1.0,4.11e-05,0.2959,0.93,0.6355
FR1_to_FR2_seed1,FR1,FR2,1,88,0.1538,0.0464,3.2343,4.1412,-8.6,1.3319,1.0,1.0,3.51e-05,0.3021,0.93,0.6346
FR1_to_FR2_seed1,FR1,FR2,1,89,0.0053,0.0466,3.2267,4.0772,-8.6496,1.3045,1.0,1.0,2.96e-05,0.3054,0.93,0.6423
FR1_to_FR2_seed1,FR1,FR2,1,90,-0.0063,0.0439,3.2277,4.0386,-8.6149,1.2985,1.0,1.0,2.45e-05,0.3098,0.92,0.6471
FR1_to_FR2_seed1,FR1,FR2,1,91,0.0968,0.0432,3.2242,4.1504,-8.6195,1.2985,1.0,1.0,1.99e-05,0.3167,0.92,0.6275
FR1_to_FR2_seed1,FR1,FR2,1,92,0.1085,0.0462,3.1925,4.1872,-8.6159,1.2984,1.0,1.0,1.57e-05,0.3123,0.92,0.6361
FR1_to_FR2_seed1,FR1,FR2,1,93,0.1079,0.0457,3.2013,4.1861,-8.6314,1.3061,1.0,1.0,1.2e-05,0.3288,0.92,0.6277
FR1_to_FR2_seed1,FR1,FR2,1,94,0.1573,0.0462,3.2295,4.2171,-8.6515,1.3159,1.0,1.0,8.86e-06,0.3203,0.92,0.6392
FR1_to_FR2_seed1,FR1,FR2,1,95,0.2034,0.0451,3.2831,4.1985,-8.6323,1.3089,1.0,1.0,6.16e-06,0.3016,0.93,0.6384
FR1_to_FR2_seed1,FR1,FR2,1,96,0.2561,0.0448,3.3248,4.1897,-8.6103,1.3071,1.0,1.0,3.94e-06,0.3034,0.93,0.6505
FR1_to_FR2_seed1,FR1,FR2,1,97,0.2464,0.0466,3.3247,4.2024,-8.6325,1.3052,1.0,1.0,2.22e-06,0.3102,0.93,0.6479
FR1_to_FR2_seed1,FR1,FR2,1,98,0.2704,0.0447,3.3273,4.2119,-8.616,1.3025,1.0,1.0,9.87e-07,0.3034,0.93,0.6379
FR1_to_FR2_seed1,FR1,FR2,1,99,0.2335,0.045,3.3245,4.2026,-8.6403,1.3017,1.0,1.0,2.47e-07,0.2974,0.93,0.6496
FR1_to_FR2_seed1,FR1,FR2,1,100,0.2482,0.0456,3.3219,4.2025,-8.623,1.3012,1.0,1.0,0.0,0.305,0.93,0.6495
FR1_to_FR2_seed2,FR1,FR2,2,1,4.1402,0.4231,4.2027,4.6073,-6.1554,1.0624,0.998,1.0,0.001,0.3759,0.9,0.5144
FR1_to_FR2_seed2,FR1,FR2,2,2,0.1323,0.2406,3.4622,3.8983,-8.4334,0.9645,1.0,1.0,0.000999,0.2775,0.93,0.5945
FR1_to_FR2_seed2,FR1,FR2,2,3,-0.7873,0.2061,3.123,3.4106,-8.5825,1.0556,1.0,1.0,0.000998,0.2685,0.93,0.592
FR1_to_FR2_seed2,FR1,FR2,2,4,-0.254,0.1992,3.3017,3.7764,-8.5601,1.0289,1.0,1.0,0.000996,0.287,0.92,0.5738
FR1_to_FR2_seed2,FR1,FR2,2,5,0.4112,0.1972,3.5351,4.1741,-8.6003,1.1051,1.0,1.0,0.000994,0.2461,0.93,0.6176
FR1_to_FR2_seed2,FR1,FR2,2,6,0.4827,0.1889,3.3304,4.3645,-8.5516,1.1507,1.0,1.0,0.000991,0.2343,0.93,0.6272
FR1_to_FR2_seed2,FR1,FR2,2,7,0.6262,0.1812,3.4311,4.3777,-8.5909,1.2271,1.0,1.0,0.000988,0.2067,0.94,0.6139
FR1_to_FR2_seed2,FR1,FR2,2,8,1.1959,0.1872,3.6606,4.6903,-8.5772,1.235,1.0,1.0,0.000984,0.3339,0.91,0.5623
FR1_to_FR2_seed2,FR1,FR2,2,9,0.6401,0.1737,3.4932,4.3076,-8.596,1.2617,1.0,1.0,0.00098,0.2051,0.95,0.6222
FR1_to_FR2_seed2,FR1,FR2,2,10,0.557,0.1744,3.4418,4.3045,-8.6223,1.2586,1.0,1.0,0.000976,0.2558,0.93,0.645
FR1_to_FR2_seed2,FR1,FR2,2,11,0.9989,0.1743,3.6955,4.4225,-8.5785,1.2851,1.0,1.0,0.00097,0.2317,0.94,0.6499
FR1_to_FR2_seed2,FR1,FR2,2,12,0.3831,0.1684,3.433,4.1415,-8.63,1.2702,1.0,1.0,0.000965,0.2706,0.93,0.6441
FR1_to_FR2_seed2,FR1,FR2,2,13,0.3401,0.1632,3.4211,4.0661,-8.6063,1.2959,1.0,1.0,0.000959,0.3012,0.92,0.6322
FR1_to_FR2_seed2,FR1,FR2,2,14,-0.1699,0.1536,3.2089,3.7598,-8.6008,1.3087,1.0,1.0,0.000952,0.2428,0.94,0.6399
FR1_to_FR2_seed2,FR1,FR2,2,15,-0.0081,0.1523,3.2761,3.8762,-8.6202,1.3075,1.0,1.0,0.000946,0.2077,0.95,0.6887
FR1_to_FR2_seed2,FR1,FR2,2,16,-0.3144,0.1494,3.1197,3.7366,-8.603,1.2828,1.0,1.0,0.000938,0.2276,0.94,0.648
FR1_to_FR2_seed2,FR1,FR2,2,17,-0.3584,0.1442,3.031,3.7646,-8.5998,1.3017,1.0,1.0,0.00093,0.2499,0.93,0.6724
FR1_to_FR2_seed2,FR1,FR2,2,18,-0.6564,0.1353,3.1304,3.3986,-8.6139,1.2932,1.0,1.0,0.000922,0.2312,0.94,0.6408
FR1_to_FR2_seed2,FR1,FR2,2,19,0.2777,0.1403,3.2415,4.1841,-8.6051,1.3171,1.0,1.0,0.000914,0.2568,0.93,0.652
FR1_to_FR2_seed2,FR1,FR2,2,20,0.1062,0.133,3.1829,4.0858,-8.6323,1.3368,1.0,1.0,0.000905,0.2239,0.94,0.6897
FR1_to_FR2_seed2,FR1,FR2,2,21,-0.6036,0.1284,3.1299,3.4816,-8.6456,1.3023,1.0,1.0,0.000895,0.2303,0.94,0.657
FR1_to_FR2_seed2,FR1,FR2,2,22,-0.4974,0.1334,3.1555,3.5303,-8.607,1.2905,1.0,1.0,0.000885,0.2628,0.93,0.6517
FR1_to_FR2_seed2,FR1,FR2,2,23,-0.3742,0.1314,3.1828,3.6259,-8.6277,1.3133,1.0,1.0,0.000875,0.2726,0.93,0.6212
FR1_to_FR2_seed2,FR1,FR2,2,24,-0.3731,0.1322,3.2058,3.6099,-8.6107,1.2898,1.0,1.0,0.000864,0.2669,0.93,0.6888
FR1_to_FR2_seed2,FR1,FR2,2,25,-0.2583,0.1314,3.3101,3.6188,-8.6182,1.2996,1.0,1.0,0.000854,0.2385,0.94,0.6878
FR1_to_FR2_seed2,FR1,FR2,2,26,-0.8513,0.1264,3.0575,3.317,-8.6392,1.287,1.0,1.0,0.000842,0.2684,0.93,0.6429
FR1_to_FR2_seed2,FR1,FR2,2,27,-0.7027,0.1276,3.0374,3.448,-8.6059,1.2902,1.0,1.0,0.000831,0.2445,0.94,0.6452
FR1_to_FR2_seed2,FR1,FR2,2,28,-0.4688,0.1221,3.1621,3.5503,-8.6115,1.3083,1.0,1.0,0.000819,0.309,0.92,0.6466
FR1_to_FR2_seed2,FR1,FR2,2,29,-0.9872,0.1151,2.8702,3.3485,-8.6197,1.2987,1.0,1.0,0.000806,0.2191,0.94,0.6751
FR1_to_FR2_seed2,FR1,FR2,2,30,-0.6241,0.1182,3.1357,3.4283,-8.6139,1.3077,1.0,1.0,0.000794,0.2119,0.95,0.6936
FR1_to_FR2_seed2,FR1,FR2,2,31,-1.0819,0.1173,3.0065,3.1293,-8.608,1.273,1.0,1.0,0.000781,0.256,0.93,0.6633
FR1_to_FR2_seed2,FR1,FR2,2,32,-0.6863,0.1174,3.1629,3.3478,-8.6365,1.3221,1.0,1.0,0.000768,0.248,0.94,0.6881
FR1_to_FR2_seed2,FR1,FR2,2,33,-1.024,0.1154,3.1017,3.0993,-8.6488,1.3084,1.0,1.0,0.000755,0.3199,0.91,0.6547
FR1_to_FR2_seed2,FR1,FR2,2,34,-1.2105,0.1114,2.9759,3.0616,-8.6405,1.2812,1.0,1.0,0.000741,0.271,0.93,0.6521
FR1_to_FR2_seed2,FR1,FR2,2,35,-1.134,0.1094,3.0308,3.0871,-8.6266,1.2653,1.0,1.0,0.000727,0.2214,0.94,0.6623
FR1_to_FR2_seed2,FR1,FR2,2,36,-0.4883,0.1145,3.2559,3.4976,-8.6545,1.2982,1.0,1.0,0.000713,0.3219,0.91,0.6486
FR1_to_FR2_seed2,FR1,FR2,2,37,-0.4236,0.1087,3.2879,3.5073,-8.6266,1.2991,1.0,1.0,0.000699,0.2805,0.93,0.6323
FR1_to_FR2_seed2,FR1,FR2,2,38,0.1182,0.1051,3.4718,3.8427,-8.6175,1.3162,1.0,1.0,0.000684,0.2675,0.94,0.6412
FR1_to_FR2_seed2,FR1,FR2,2,39,-0.6427,0.1031,3.127,3.4664,-8.623,1.2838,1.0,1.0,0.000669,0.3403,0.91,0.6382
FR1_to_FR2_seed2,FR1,FR2,2,40,-0.3499,0.1038,3.1627,3.6653,-8.6055,1.3239,1.0,1.0,0.000655,0.3245,0.92,0.6646
FR1_to_FR2_seed2,FR1,FR2,2,41,-0.7828,0.0968,3.0391,3.3929,-8.6178,1.3062,1.0,1.0,0.000639,0.2703,0.93,0.6484
FR1_to_FR2_seed2,FR1,FR2,2,42,-0.9521,0.0938,3.007,3.2771,-8.6284,1.2983,1.0,1.0,0.000624,0.3083,0.92,0.6373
FR1_to_FR2_seed2,FR1,FR2,2,43,-1.1139,0.0995,2.986,3.1794,-8.6448,1.266,1.0,1.0,0.000609,0.3044,0.93,0.6409
FR1_to_FR2_seed2,FR1,FR2,2,44,-0.9339,0.0913,3.038,3.2338,-8.5869,1.2899,1.0,1.0,0.000594,0.2639,0.93,0.6946
FR1_to_FR2_seed2,FR1,FR2,2,45,-0.462,0.0984,3.0248,3.7482,-8.6487,1.3153,1.0,1.0,0.000578,0.2888,0.93,0.6392
FR1_to_FR2_seed2,FR1,FR2,2,46,-0.811,0.0913,2.8916,3.5147,-8.6224,1.3138,1.0,1.0,0.000563,0.2849,0.93,0.6506
FR1_to_FR2_seed2,FR1,FR2,2,47,-0.9646,0.0894,2.899,3.3512,-8.6203,1.3161,1.0,1.0,0.000547,0.2862,0.93,0.6558
FR1_to_FR2_seed2,FR1,FR2,2,48,-0.8033,0.0892,3.0397,3.3586,-8.6065,1.3157,1.0,1.0,0.000531,0.3297,0.92,0.6582
FR1_to_FR2_seed2,FR1,FR2,2,49,-0.7899,0.0875,3.0398,3.3749,-8.6171,1.3251,1.0,1.0,0.000516,0.2961,0.93,0.6452
FR1_to_FR2_seed2,FR1,FR2,2,50,-0.7442,0.0883,3.017,3.4528,-8.6322,1.3299,1.0,1.0,0.0005,0.3027,0.93,0.6829
FR1_to_FR2_seed2,FR1,FR2,2,51,-0.4791,0.0845,3.1483,3.6173,-8.645,1.3158,1.0,1.0,0.000484,0.2813,0.93,0.6674
FR1_to_FR2_seed2,FR1,FR2,2,52,-0.8619,0.0827,2.9351,3.4002,-8.6132,1.3332,1.0,1.0,0.000469,0.2763,0.93,0.6572
FR1_to_FR2_seed2,FR1,FR2,2,53,-1.0191,0.0795,2.9391,3.2728,-8.6249,1.3144,1.0,1.0,0.000453,0.3352,0.92,0.6209
FR1_to_FR2_seed2,FR1,FR2,2,54,-1.0819,0.0747,2.9111,3.2872,-8.6405,1.2856,1.0,1.0,0.000437,0.3076,0.93,0.6626
FR1_to_FR2_seed2,FR1,FR2,2,55,-0.7651,0.0759,3.051,3.4153,-8.6118,1.3045,1.0,1.0,0.000422,0.3105,0.93,0.6471
FR1_to_FR2_seed2,FR1,FR2,2,56,-1.1214,0.0752,2.9798,3.1858,-8.6378,1.2755,1.0,1.0,0.000406,0.2998,0.93,0.6547
FR1_to_FR2_seed2,FR1,FR2,2,57,-1.1393,0.0696,2.9781,3.1574,-8.6147,1.2702,1.0,1.0,0.000391,0.3162,0.93,0.6598
FR1_to_FR2_seed2,FR1,FR2,2,58,-1.0011,0.0767,2.9848,3.2911,-8.6336,1.28,1.0,1.0,0.000376,0.3065,0.93,0.6794
FR1_to_FR2_seed2,FR1,FR2,2,59,-1.3251,0.0778,2.8185,3.085,-8.5915,1.2851,1.0,1.0,0.000361,0.3176,0.93,0.6805
FR1_to_FR2_seed2,FR1,FR2,2,60,-1.2438,0.0701,2.8556,3.1453,-8.6077,1.293,1.0,1.0,0.000345,0.2987,0.93,0.673
FR1_to_FR2_seed2,FR1,FR2,2,61,-1.2945,0.0674,2.8755,3.0784,-8.5893,1.2734,1.0,1.0,0.000331,0.3248,0.92,0.667
FR1_to_FR2_seed2,FR1,FR2,2,62,-1.2036,0.07,2.9783,3.1055,-8.6175,1.2602,1.0,1.0,0.000316,0.3181,0.93,0.6565
FR1_to_FR2_seed2,FR1,FR2,2,63,-1.6291,0.0631,2.7291,2.9964,-8.6415,1.2239,1.0,1.0,0.000301,0.2714,0.94,0.6775
FR1_to_FR2_seed2,FR1,FR2,2,64,-1.5098,0.0615,2.7855,3.023,-8.6049,1.2251,1.0,1.0,0.000287,0.353,0.92,0.6822
FR1_to_FR2_seed2,FR1,FR2,2,65,-1.4606,0.0604,2.823,3.0409,-8.6066,1.2216,1.0,1.0,0.000273,0.3833,0.92,0.6485
FR1_to_FR2_seed2,FR1,FR2,2,66,-1.4543,0.0633,2.8387,3.0358,-8.6253,1.2333,1.0,1.0,0.000259,0.3497,0.92,0.6711
FR1_to_FR2_seed2,FR1,FR2,2,67,-1.2915,0.0599,2.9172,3.1069,-8.6264,1.2508,1.0,1.0,0.000245,0.309,0.93,0.6858
FR1_to_FR2_seed2,FR1,FR2,2,68,-1.3961,0.0541,2.8224,3.1147,-8.6272,1.2399,1.0,1.0,0.000232,0.3649,0.92,0.6843
FR1_to_FR2_seed2,FR1,FR2,2,69,-1.1276,0.0566,2.9263,3.2588,-8.6202,1.2509,1.0,1.0,0.000219,0.3328,0.93,0.6634
FR1_to_FR2_seed2,FR1,FR2,2,70,-1.367,0.0559,2.904,3.0447,-8.5956,1.2241,1.0,1.0,0.000206,0.3311,0.92,0.6851
FR1_to_FR2_seed2,FR1,FR2,2,71,-1.3159,0.0538,2.9415,3.049,-8.6037,1.2436,1.0,1.0,0.000194,0.3713,0.92,0.6621
FR1_to_FR2_seed2,FR1,FR2,2,72,-1.4292,0.0516,2.8577,3.0434,-8.5981,1.2163,1.0,1.0,0.000181,0.3612,0.92,0.6789
FR1_to_FR2_seed2,FR1,FR2,2,73,-1.3059,0.0515,2.9224,3.1273,-8.6293,1.2222,1.0,1.0,0.000169,0.3597,0.92,0.6788
FR1_to_FR2_seed2,FR1,FR2,2,74,-1.2304,0.0502,2.9786,3.143,-8.6331,1.231,1.0,1.0,0.000158,0.3202,0.93,0.6808
FR1_to_FR2_seed2,FR1,FR2,2,75,-1.2926,0.0487,2.9817,3.0798,-8.6347,1.2318,1.0,1.0,0.000146,0.3594,0.92,0.6624
FR1_to_FR2_seed2,FR1,FR2,2,76,-1.2173,0.0478,2.9514,3.1893,-8.6344,1.2285,1.0,1.0,0.000136,0.3756,0.92,0.6586
FR1_to_FR2_seed2,FR1,FR2,2,77,-1.1912,0.0502,3.0,3.1604,-8.6259,1.224,1.0,1.0,0.000125,0.3202,0.93,0.6904
FR1_to_FR2_seed2,FR1,FR2,2,78,-1.414,0.047,2.9159,3.039,-8.6269,1.211,1.0,1.0,0.000115,0.3661,0.92,0.6484
FR1_to_FR2_seed2,FR1,FR2,2,79,-1.4391,0.0466,2.9484,2.9965,-8.6324,1.2018,1.0,1.0,0.000105,0.3415,0.92,0.6777
FR1_to_FR2_seed2,FR1,FR2,2,80,-1.4556,0.0464,2.9515,2.9732,-8.6407,1.214,1.0,1.0,9.55e-05,0.3379,0.93,0.685
FR1_to_FR2_seed2,FR1,FR2,2,81,-1.3575,0.044,2.9869,3.0029,-8.6068,1.2155,1.0,1.0,8.65e-05,0.3629,0.92,0.6869
FR1_to_FR2_seed2,FR1,FR2,2,82,-1.2528,0.0424,3.0002,3.1111,-8.6188,1.2123,1.0,1.0,7.78e-05,0.3495,0.92,0.6855
FR1_to_FR2_seed2,FR1,FR2,2,83,-1.3909,0.043,2.946,3.0488,-8.6394,1.2106,1.0,1.0,6.96e-05,0.373,0.92,0.6663
FR1_to_FR2_seed2,FR1,FR2,2,84,-1.5338,0.0418,2.8789,2.9576,-8.6124,1.2003,1.0,1.0,6.18e-05,0.4298,0.91,0.6462
FR1_to_FR2_seed2,FR1,FR2,2,85,-1.3414,0.0427,2.9569,3.065,-8.6105,1.2046,1.0,1.0,5.45e-05,0.3763,0.92,0.6535
FR1_to_FR2_seed2,FR1,FR2,2,86,-1.4668,0.0403,2.9048,3.016,-8.6368,1.2089,1.0,1.0,4.76e-05,0.3873,0.92,0.6555
FR1_to_FR2_seed2,FR1,FR2,2,87,-1.5372,0.0422,2.8541,2.9643,-8.5951,1.1973,1.0,1.0,4.11e-05,0.378,0.92,0.6656
FR1_to_FR2_seed2,FR1,FR2,2,88,-1.5115,0.04,2.9062,2.9513,-8.6122,1.2031,1.0,1.0,3.51e-05,0.3582,0.93,0.6792
FR1_to_FR2_seed2,FR1,FR2,2,89,-1.4906,0.0406,2.9521,2.9266,-8.6107,1.2008,1.0,1.0,2.96e-05,0.3422,0.93,0.6676
FR1_to_FR2_seed2,FR1,FR2,2,90,-1.527,0.0401,2.9307,2.9164,-8.6092,1.195,1.0,1.0,2.45e-05,0.3614,0.92,0.6698
FR1_to_FR2_seed2,FR1,FR2,2,91,-1.5045,0.0408,2.9074,2.9558,-8.6007,1.1922,1.0,1.0,1.99e-05,0.3875,0.92,0.6643
FR1_to_FR2_seed2,FR1,FR2,2,92,-1.3945,0.0404,2.9427,3.0277,-8.6097,1.2044,1.0,1.0,1.57e-05,0.3763,0.92,0.6654
FR1_to_FR2_seed2,FR1,FR2,2,93,-1.3305,0.0407,2.9614,3.0831,-8.632,1.2162,1.0,1.0,1.2e-05,0.3787,0.92,0.6704
FR1_to_FR2_seed2,FR1,FR2,2,94,-1.3426,0.0405,2.9513,3.0501,-8.6015,1.2169,1.0,1.0,8.86e-06,0.3611,0.92,0.6716
FR1_to_FR2_seed2,FR1,FR2,2,95,-1.3482,0.0393,2.9519,3.0495,-8.6007,1.2118,1.0,1.0,6.16e-06,0.3785,0.92,0.6619
FR1_to_FR2_seed2,FR1,FR2,2,96,-1.3864,0.0398,2.9301,3.049,-8.615,1.2098,1.0,1.0,3.94e-06,0.3767,0.92,0.6579
FR1_to_FR2_seed2,FR1,FR2,2,97,-1.349,0.0408,2.9396,3.0626,-8.6044,1.2125,1.0,1.0,2.22e-06,0.3471,0.93,0.6729
FR1_to_FR2_seed2,FR1,FR2,2,98,-1.3307,0.0394,2.9565,3.0825,-8.6267,1.2176,1.0,1.0,9.87e-07,0.3925,0.92,0.6544
FR1_to_FR2_seed2,FR1,FR2,2,99,-1.3246,0.0411,2.9499,3.0861,-8.6181,1.2163,1.0,1.0,2.47e-07,0.3951,0.91,0.6549
FR1_to_FR2_seed2,FR1,FR2,2,100,-1.3711,0.0391,2.9556,3.0886,-8.6709,1.2164,1.0,1.0,0.0,0.38,0.92,0.6514
FR2_to_AT1_seed1,FR2,AT1,1,1,5.6111,0.4536,4.8762,5.1444,-5.7403,0.8772,0.998,1.0,0.001,0.3021,0.91,0.4533
FR2_to_AT1_seed1,FR2,AT1,1,2,1.8476,0.2025,4.5632,3.8412,-7.8332,1.0739,1.0,1.0,0.000999,0.1913,0.94,0.5748
FR2_to_AT1_seed1,FR2,AT1,1,3,0.8138,0.1724,3.8975,3.6113,-7.9726,1.1052,1.0,1.0,0.000998,0.257,0.93,0.5667
FR2_to_AT1_seed1,FR2,AT1,1,4,2.0111,0.1688,4.5445,4.0356,-7.9297,1.1918,1.0,1.0,0.000996,0.1863,0.93,0.6983
FR2_to_AT1_seed1,FR2,AT1,1,5,1.4478,0.1614,4.3586,3.7263,-7.9719,1.1734,1.0,1.0,0.000994,0.1667,0.95,0.7461
FR2_to_AT1_seed1,FR2,AT1,1,6,1.6189,0.1546,4.3485,3.929,-8.0,1.1869,1.0,1.0,0.000991,0.2294,0.93,0.6534
FR2_to_AT1_seed1,FR2,AT1,1,7,1.4971,0.1442,4.3131,3.876,-8.0112,1.175,1.0,1.0,0.000988,0.1468,0.96,0.7525
FR2_to_AT1_seed1,FR2,AT1,1,8,1.6119,0.1407,4.513,3.7656,-8.0176,1.2103,1.0,1.0,0.000984,0.2145,0.94,0.6876
FR2_to_AT1_seed1,FR2,AT1,1,9,1.3002,0.1342,4.4065,3.5166,-8.0202,1.2631,1.0,1.0,0.00098,0.1766,0.95,0.7286
FR2_to_AT1_seed1,FR2,AT1,1,10,1.1904,0.1261,4.2627,3.5338,-8.0254,1.2932,1.0,1.0,0.000976,0.1654,0.95,0.7494
FR2_to_AT1_seed1,FR2,AT1,1,11,1.7767,0.1279,4.4108,3.9494,-8.0086,1.2971,1.0,1.0,0.00097,0.2568,0.9,0.6731
FR2_to_AT1_seed1,FR2,AT1,1,12,1.0189,0.1265,3.8446,3.8083,-8.0242,1.2638,1.0,1.0,0.000965,0.2068,0.94,0.7245
FR2_to_AT1_seed1,FR2,AT1,1,13,1.1807,0.1192,4.2152,3.5286,-8.0122,1.3298,1.0,1.0,0.000959,0.1641,0.95,0.7401
FR2_to_AT1_seed1,FR2,AT1,1,14,0.7825,0.1156,3.935,3.5033,-8.0381,1.2666,1.0,1.0,0.000952,0.1776,0.94,0.7451
FR2_to_AT1_seed1,FR2,AT1,1,15,1.1966,0.1119,4.0057,3.7875,-8.0092,1.3006,1.0,1.0,0.000946,0.1601,0.94,0.7758
FR2_to_AT1_seed1,FR2,AT1,1,16,1.108,0.1067,4.1993,3.5656,-8.0631,1.2994,1.0,1.0,0.000938,0.2443,0.92,0.7146
FR2_to_AT1_seed1,FR2,AT1,1,17,1.8611,0.1119,4.5095,3.9364,-8.0164,1.3197,1.0,1.0,0.00093,0.1301,0.96,0.7995
FR2_to_AT1_seed1,FR2,AT1,1,18,1.4588,0.1017,4.4194,3.6276,-8.027,1.337,1.0,1.0,0.000922,0.1578,0.96,0.8014
FR2_to_AT1_seed1,FR2,AT1,1,19,1.3635,0.1017,4.3057,3.6377,-8.0197,1.3381,1.0,1.0,0.000914,0.163,0.94,0.7646
FR2_to_AT1_seed1,FR2,AT1,1,20,1.0777,0.0898,4.2305,3.4333,-8.0161,1.3401,1.0,1.0,0.000905,0.2099,0.93,0.7791
FR2_to_AT1_seed1,FR2,AT1,1,21,0.6894,0.087,4.1251,3.1815,-8.0605,1.3563,1.0,1.0,0.000895,0.1391,0.96,0.8011
FR2_to_AT1_seed1,FR2,AT1,1,22,0.9863,0.0907,4.1976,3.365,-8.0274,1.3604,1.0,1.0,0.000885,0.1225,0.96,0.8154
FR2_to_AT1_seed1,FR2,AT1,1,23,0.9974,0.0864,4.2558,3.3661,-8.0627,1.3519,1.0,1.0,0.000875,0.1394,0.96,0.7946
FR2_to_AT1_seed1,FR2,AT1,1,24,0.4045,0.0832,3.9057,3.1216,-8.0355,1.3295,1.0,1.0,0.000864,0.1237,0.96,0.8229
FR2_to_AT1_seed1,FR2,AT1,1,25,0.5072,0.0886,3.9452,3.1539,-8.0208,1.3403,1.0,1.0,0.000854,0.1069,0.97,0.8162
FR2_to_AT1_seed1,FR2,AT1,1,26,0.3774,0.0907,3.9021,3.0802,-8.0335,1.3379,1.0,1.0,0.000842,0.2846,0.89,0.7013
FR2_to_AT1_seed1,FR2,AT1,1,27,0.008,0.0853,3.8687,2.7411,-8.0346,1.3474,1.0,1.0,0.000831,0.1028,0.97,0.8348
FR2_to_AT1_seed1,FR2,AT1,1,28,-0.3189,0.0791,3.6625,2.6191,-8.0275,1.3479,1.0,1.0,0.000819,0.1059,0.97,0.8603
FR2_to_AT1_seed1,FR2,AT1,1,29,0.4919,0.0957,3.8503,3.2572,-8.014,1.3028,1.0,1.0,0.000806,0.1458,0.96,0.8339
FR2_to_AT1_seed1,FR2,AT1,1,30,0.2452,0.0949,3.5405,3.3962,-8.0297,1.2434,1.0,1.0,0.000794,0.1303,0.96,0.8209
FR2_to_AT1_seed1,FR2,AT1,1,31,0.008,0.0871,3.4951,3.1892,-8.0361,1.2727,1.0,1.0,0.000781,0.1092,0.97,0.8128
FR2_to_AT1_seed1,FR2,AT1,1,32,0.352,0.0859,3.8594,3.1584,-8.0446,1.2929,1.0,1.0,0.000768,0.0951,0.97,0.8341
FR2_to_AT1_seed1,FR2,AT1,1,33,0.6657,0.0789,4.0757,3.2385,-8.0672,1.3397,1.0,1.0,0.000755,0.1092,0.97,0.8091
FR2_to_AT1_seed1,FR2,AT1,1,34,1.1656,0.0794,4.1897,3.5905,-8.0353,1.3412,1.0,1.0,0.000741,0.0964,0.97,0.8308
FR2_to_AT1_seed1,FR2,AT1,1,35,0.812,0.0797,3.9917,3.4132,-8.0213,1.3488,1.0,1.0,0.000727,0.126,0.96,0.8461
FR2_to_AT1_seed1,FR2,AT1,1,36,0.8432,0.0766,4.0209,3.4262,-8.0392,1.3586,1.0,1.0,0.000713,0.098,0.97,0.8666
FR2_to_AT1_seed1,FR2,AT1,1,37,0.4391,0.0708,3.849,3.1828,-8.0297,1.3663,1.0,1.0,0.000699,0.0861,0.97,0.869
FR2_to_AT1_seed1,FR2,AT1,1,38,0.8059,0.0726,3.9037,3.5071,-8.0433,1.3657,1.0,1.0,0.000684,0.0981,0.97,0.8385
FR2_to_AT1_seed1,FR2,AT1,1,39,0.4191,0.0693,3.7852,3.2499,-8.0449,1.3596,1.0,1.0,0.000669,0.0946,0.97,0.8718
FR2_to_AT1_seed1,FR2,AT1,1,40,0.1814,0.0684,3.6661,3.1395,-8.0589,1.3664,1.0,1.0,0.000655,0.1064,0.97,0.8309
FR2_to_AT1_seed1,FR2,AT1,1,41,0.1605,0.0647,3.6875,3.0903,-8.0419,1.3598,1.0,1.0,0.000639,0.0882,0.98,0.8566
FR2_to_AT1_seed1,FR2,AT1,1,42,0.1406,0.0648,3.6607,3.0728,-8.0173,1.3595,1.0,1.0,0.000624,0.1084,0.97,0.8445
FR2_to_AT1_seed1,FR2,AT1,1,43,-0.1288,0.0631,3.5289,2.9647,-8.0434,1.358,1.0,1.0,0.000609,0.0951,0.97,0.8646
FR2_to_AT1_seed1,FR2,AT1,1,44,0.2983,0.0667,3.816,3.1354,-8.0869,1.3672,1.0,1.0,0.000594,0.0916,0.97,0.8581
FR2_to_AT1_seed1,FR2,AT1,1,45,0.3552,0.0668,3.7516,3.2436,-8.058,1.3512,1.0,1.0,0.000578,0.138,0.96,0.7914
FR2_to_AT1_seed1,FR2,AT1,1,46,0.5609,0.0753,4.0768,3.0927,-8.028,1.3441,1.0,1.0,0.000563,0.0856,0.98,0.866
FR2_to_AT1_seed1,FR2,AT1,1,47,-0.1612,0.0632,3.5516,2.9345,-8.0534,1.3429,1.0,1.0,0.000547,0.0784,0.98,0.8847
FR2_to_AT1_seed1,FR2,AT1,1,48,0.1515,0.0642,3.8475,2.962,-8.0602,1.338,1.0,1.0,0.000531,0.0973,0.97,0.8783
FR2_to_AT1_seed1,FR2,AT1,1,49,0.0567,0.0674,3.8488,2.8502,-8.049,1.3393,1.0,1.0,0.000516,0.0982,0.97,0.862
FR2_to_AT1_seed1,FR2,AT1,1,50,-0.1977,0.0621,3.6475,2.802,-8.0421,1.3328,1.0,1.0,0.0005,0.0872,0.98,0.8731
FR2_to_AT1_seed1,FR2,AT1,1,51,0.03,0.0606,3.6359,3.0213,-8.0409,1.3531,1.0,1.0,0.000484,0.0834,0.98,0.8881
FR2_to_AT1_seed1,FR2,AT1,1,52,-0.1256,0.0613,3.5305,2.9805,-8.0469,1.349,1.0,1.0,0.000469,0.0875,0.98,0.8499
FR2_to_AT1_seed1,FR2,AT1,1,53,0.1968,0.0603,3.7088,3.1301,-8.0423,1.3399,1.0,1.0,0.000453,0.0908,0.98,0.8366
FR2_to_AT1_seed1,FR2,AT1,1,54,-0.0989,0.0559,3.4807,3.0458,-8.0226,1.3412,1.0,1.0,0.000437,0.0801,0.98,0.8746
FR2_to_AT1_seed1,FR2,AT1,1,55,-0.3852,0.0534,3.4309,2.84,-8.0659,1.3563,1.0,1.0,0.000422,0.074,0.98,0.8865
FR2_to_AT1_seed1,FR2,AT1,1,56,-0.2386,0.0537,3.5263,2.8864,-8.0564,1.3512,1.0,1.0,0.000406,0.0799,0.98,0.8649
FR2_to_AT1_seed1,FR2,AT1,1,57,-0.5319,0.0526,3.419,2.6789,-8.026,1.3436,1.0,1.0,0.000391,0.0816,0.98,0.874
FR2_to_AT1_seed1,FR2,AT1,1,58,-0.5957,0.0546,3.3674,2.6809,-8.0528,1.3542,1.0,1.0,0.000376,0.0831,0.98,0.8699
FR2_to_AT1_seed1,FR2,AT1,1,59,-0.7095,0.0528,3.4021,2.5324,-8.0566,1.3597,1.0,1.0,0.000361,0.0913,0.97,0.8659
FR2_to_AT1_seed1,FR2,AT1,1,60,-0.5851,0.0528,3.4526,2.6267,-8.0637,1.3465,1.0,1.0,0.000345,0.1036,0.97,0.8771
FR2_to_AT1_seed1,FR2,AT1,1,61,-0.4719,0.0503,3.4685,2.6949,-8.0364,1.3509,1.0,1.0,0.000331,0.0878,0.97,0.8557
FR2_to_AT1_seed1,FR2,AT1,1,62,-0.2701,0.0498,3.4893,2.8661,-8.0291,1.3538,1.0,1.0,0.000316,0.0912,0.97,0.8748
FR2_to_AT1_seed1,FR2,AT1,1,63,-0.5039,0.0479,3.3206,2.8105,-8.0419,1.359,1.0,1.0,0.000301,0.0781,0.98,0.8828
FR2_to_AT1_seed1,FR2,AT1,1,64,-0.6271,0.0457,3.2432,2.8119,-8.0698,1.3419,1.0,1.0,0.000287,0.0873,0.98,0.8649
FR2_to_AT1_seed1,FR2,AT1,1,65,-0.4507,0.0447,3.3532,2.8344,-8.0305,1.3474,1.0,1.0,0.000273,0.0921,0.97,0.8671
FR2_to_AT1_seed1,FR2,AT1,1,66,-0.5374,0.0449,3.406,2.7088,-8.0446,1.3476,1.0,1.0,0.000259,0.0871,0.98,0.876
FR2_to_AT1_seed1,FR2,AT1,1,67,-0.5526,0.0441,3.3594,2.7521,-8.0599,1.3517,1.0,1.0,0.000245,0.0788,0.98,0.8667
FR2_to_AT1_seed1,FR2,AT1,1,68,-0.5427,0.0432,3.3438,2.7692,-8.0455,1.3466,1.0,1.0,0.000232,0.0833,0.98,0.8625
FR2_to_AT1_seed1,FR2,AT1,1,69,-0.581,0.0417,3.322,2.7664,-8.0595,1.3483,1.0,1.0,0.000219,0.0797,0.98,0.8773
FR2_to_AT1_seed1,FR2,AT1,1,70,-0.4799,0.0402,3.379,2.8277,-8.0733,1.3465,1.0,1.0,0.000206,0.0962,0.97,0.8508
FR2_to_AT1_seed1,FR2,AT1,1,71,-0.3323,0.0393,3.4035,2.9385,-8.0639,1.3503,1.0,1.0,0.000194,0.0875,0.98,0.8679
FR2_to_AT1_seed1,FR2,AT1,1,72,-0.4473,0.0397,3.3581,2.8836,-8.0773,1.3486,1.0,1.0,0.000181,0.0833,0.98,0.8694
FR2_to_AT1_seed1,FR2,AT1,1,73,-0.2808,0.0374,3.3815,2.9772,-8.0231,1.3462,1.0,1.0,0.000169,0.0825,0.98,0.8698
FR2_to_AT1_seed1,FR2,AT1,1,74,-0.4627,0.0364,3.3191,2.8871,-8.0458,1.3405,1.0,1.0,0.000158,0.0955,0.97,0.8653
FR2_to_AT1_seed1,FR2,AT1,1,75,-0.2704,0.0362,3.3586,3.055,-8.0642,1.3439,1.0,1.0,0.000146,0.0967,0.97,0.8663
FR2_to_AT1_seed1,FR2,AT1,1,76,-0.1342,0.0359,3.4481,3.0648,-8.029,1.346,1.0,1.0,0.000136,0.0954,0.97,0.8696
FR2_to_AT1_seed1,FR2,AT1,1,77,-0.2029,0.0345,3.4268,3.0308,-8.0453,1.3503,1.0,1.0,0.000125,0.0847,0.98,0.8783
FR2_to_AT1_seed1,FR2,AT1,1,78,-0.2751,0.0348,3.3848,3.0097,-8.0466,1.3422,1.0,1.0,0.000115,0.0884,0.98,0.872
FR2_to_AT1_seed1,FR2,AT1,1,79,-0.2493,0.0352,3.3897,3.0614,-8.0744,1.3388,1.0,1.0,0.000105,0.0835,0.98,0.878
FR2_to_AT1_seed1,FR2,AT1,1,80,-0.1745,0.0344,3.4049,3.097,-8.0514,1.3406,1.0,1.0,9.55e-05,0.0857,0.98,0.8772
FR2_to_AT1_seed1,FR2,AT1,1,81,-0.025,0.0332,3.4519,3.2138,-8.0618,1.3381,1.0,1.0,8.65e-05,0.0883,0.98,0.8745
FR2_to_AT1_seed1,FR2,AT1,1,82,-0.0648,0.0334,3.4847,3.1339,-8.0536,1.3367,1.0,1.0,7.78e-05,0.0928,0.97,0.8667
FR2_to_AT1_seed1,FR2,AT1,1,83,-0.0177,0.0338,3.4816,3.1595,-8.0303,1.3378,1.0,1.0,6.96e-05,0.0895,0.98,0.8715
FR2_to_AT1_seed1,FR2,AT1,1,84,-0.0939,0.0322,3.4946,3.116,-8.0677,1.3311,1.0,1.0,6.18e-05,0.0878,0.98,0.8671
FR2_to_AT1_seed1,FR2,AT1,1,85,-0.097,0.0315,3.4924,3.0631,-8.0218,1.3379,1.0,1.0,5.45e-05,0.0935,0.98,0.8754
FR2_to_AT1_seed1,FR2,AT1,1,86,-0.1946,0.0318,3.4676,3.0451,-8.0712,1.3322,1.0,1.0,4.76e-05,0.0918,0.98,0.865
FR2_to_AT1_seed1,FR2,AT1,1,87,-0.2492,0.0302,3.4283,3.0345,-8.0683,1.3261,1.0,1.0,4.11e-05,0.0887,0.98,0.8717
FR2_to_AT1_seed1,FR2,AT1,1,88,-0.2272,0.0305,3.4217,3.026,-8.0257,1.3203,1.0,1.0,3.51e-05,0.084,0.98,0.8728
FR2_to_AT1_seed1,FR2,AT1,1,89,-0.2736,0.0292,3.4614,2.9997,-8.0837,1.3198,1.0,1.0,2.96e-05,0.0873,0.98,0.8747
FR2_to_AT1_seed1,FR2,AT1,1,90,0.0191,0.0296,3.5201,3.1995,-8.0536,1.3234,1.0,1.0,2.45e-05,0.0878,0.98,0.8723
FR2_to_AT1_seed1,FR2,AT1,1,91,-0.0819,0.0293,3.5209,3.0912,-8.0542,1.3309,1.0,1.0,1.99e-05,0.0845,0.98,0.88
FR2_to_AT1_seed1,FR2,AT1,1,92,-0.1098,0.03,3.534,3.0536,-8.0525,1.3251,1.0,1.0,1.57e-05,0.0868,0.98,0.8797
FR2_to_AT1_seed1,FR2,AT1,1,93,-0.1179,0.0284,3.5238,3.0386,-8.0335,1.3248,1.0,1.0,1.2e-05,0.0839,0.98,0.8772
FR2_to_AT1_seed1,FR2,AT1,1,94,-0.1492,0.0294,3.5182,3.0291,-8.0517,1.3258,1.0,1.0,8.86e-06,0.0888,0.98,0.8825
FR2_to_AT1_seed1,FR2,AT1,1,95,-0.1805,0.0291,3.5074,2.9902,-8.0301,1.323,1.0,1.0,6.16e-06,0.0838,0.98,0.8838
FR2_to_AT1_seed1,FR2,AT1,1,96,-0.1607,0.0284,3.5294,3.0034,-8.0443,1.3223,1.0,1.0,3.94e-06,0.0833,0.98,0.8899
FR2_to_AT1_seed1,FR2,AT1,1,97,-0.1492,0.0279,3.5306,2.9933,-8.0254,1.3244,1.0,1.0,2.22e-06,0.0832,0.98,0.8784
FR2_to_AT1_seed1,FR2,AT1,1,98,-0.1594,0.0284,3.5375,3.0013,-8.0508,1.3242,1.0,1.0,9.87e-07,0.0867,0.98,0.8799
FR2_to_AT1_seed1,FR2,AT1,1,99,-0.1703,0.0287,3.5345,2.9976,-8.0543,1.3232,1.0,1.0,2.47e-07,0.0851,0.98,0.8902
FR2_to_AT1_seed1,FR2,AT1,1,100,-0.161,0.0279,3.5373,2.9976,-8.0475,1.3237,1.0,1.0,0.0,0.0889,0.98,0.8859
FR2_to_DK1_seed1,FR2,DK1,1,1,6.1179,0.439,5.1824,5.0848,-5.7451,1.1569,0.998,1.0,0.001,0.2466,0.93,0.4951
FR2_to_DK1_seed1,FR2,DK1,1,2,2.1063,0.2202,4.3417,4.0229,-7.7625,1.284,1.0,1.0,0.000999,0.2693,0.92,0.538
FR2_to_DK1_seed1,FR2,DK1,1,3,1.5178,0.1844,4.2494,3.8085,-7.8839,1.1594,1.0,1.0,0.000998,0.4333,0.88,0.3989
FR2_to_DK1_seed1,FR2,DK1,1,4,2.4457,0.1874,4.5814,4.367,-7.9258,1.2357,1.0,1.0,0.000996,0.2542,0.93,0.509
FR2_to_DK1_seed1,FR2,DK1,1,5,3.1125,0.1914,4.9843,4.5559,-7.887,1.2679,1.0,1.0,0.000994,0.2583,0.93,0.6207
FR2_to_DK1_seed1,FR2,DK1,1,6,2.1918,0.1538,4.5259,4.2354,-8.0062,1.2829,1.0,1.0,0.000991,0.1921,0.95,0.6513
FR2_to_DK1_seed1,FR2,DK1,1,7,1.6978,0.129,4.2903,3.9835,-8.0266,1.3217,1.0,1.0,0.000988,0.2162,0.94,0.6525
FR2_to_DK1_seed1,FR2,DK1,1,8,1.2906,0.1191,4.1799,3.6943,-8.0238,1.3211,1.0,1.0,0.000984,0.1849,0.95,0.6432
FR2_to_DK1_seed1,FR2,DK1,1,9,1.1732,0.1172,4.1128,3.6722,-8.0371,1.3082,1.0,1.0,0.00098,0.203,0.94,0.6771
FR2_to_DK1_seed1,FR2,DK1,1,10,1.0573,0.112,3.9081,3.7516,-8.0371,1.3227,1.0,1.0,0.000976,0.1671,0.96,0.7678
FR2_to_DK1_seed1,FR2,DK1,1,11,0.8635,0.1172,3.8505,3.5829,-8.0252,1.338,1.0,1.0,0.00097,0.1911,0.95,0.6832
FR2_to_DK1_seed1,FR2,DK1,1,12,1.1739,0.1128,3.9754,3.7959,-8.0316,1.3215,1.0,1.0,0.000965,0.1699,0.95,0.7512
FR2_to_DK1_seed1,FR2,DK1,1,13,0.7253,0.0992,3.814,3.5294,-8.0329,1.3157,1.0,1.0,0.000959,0.2188,0.94,0.7026
FR2_to_DK1_seed1,FR2,DK1,1,14,1.0678,0.1013,3.9513,3.7528,-8.0555,1.3179,1.0,1.0,0.000952,0.1673,0.95,0.743
FR2_to_DK1_seed1,FR2,DK1,1,15,0.4359,0.0924,3.4828,3.5811,-8.04,1.3195,1.0,1.0,0.000946,0.154,0.96,0.7653
FR2_to_DK1_seed1,FR2,DK1,1,16,-0.0553,0.084,3.248,3.3727,-8.0699,1.3099,1.0,1.0,0.000938,0.1271,0.97,0.7996
FR2_to_DK1_seed1,FR2,DK1,1,17,0.0144,0.0864,3.3847,3.2694,-8.0363,1.3102,1.0,1.0,0.00093,0.1625,0.96,0.8008
FR2_to_DK1_seed1,FR2,DK1,1,18,0.2061,0.0878,3.4082,3.4061,-8.0415,1.3454,1.0,1.0,0.000922,0.126,0.96,0.8392
FR2_to_DK1_seed1,FR2,DK1,1,19,-0.8829,0.0794,2.8207,2.9606,-8.0286,1.285,1.0,1.0,0.000914,0.1212,0.97,0.8075
FR2_to_DK1_seed1,FR2,DK1,1,20,0.1488,0.0837,3.482,3.2918,-8.0259,1.3173,1.0,1.0,0.000905,0.1113,0.97,0.842
FR2_to_DK1_seed1,FR2,DK1,1,21,-0.3917,0.0809,3.247,3.0339,-8.0637,1.3101,1.0,1.0,0.000895,0.1492,0.96,0.8006
FR2_to_DK1_seed1,FR2,DK1,1,22,-0.2682,0.0815,3.258,3.0932,-8.0219,1.3209,1.0,1.0,0.000885,0.1389,0.96,0.812
FR2_to_DK1_seed1,FR2,DK1,1,23,0.3548,0.0858,3.6648,3.3413,-8.0657,1.3287,1.0,1.0,0.000875,0.3317,0.92,0.7282
FR2_to_DK1_seed1,FR2,DK1,1,24,0.0536,0.0839,3.3862,3.3004,-8.0386,1.3216,1.0,1.0,0.000864,0.0982,0.97,0.8408
FR2_to_DK1_seed1,FR2,DK1,1,25,-0.0387,0.0815,3.4787,3.1102,-8.0204,1.3114,1.0,1.0,0.000854,0.1448,0.96,0.8087
FR2_to_DK1_seed1,FR2,DK1,1,26,0.0642,0.0855,3.413,3.2637,-8.0412,1.3432,1.0,1.0,0.000842,0.1943,0.94,0.7885
FR2_to_DK1_seed1,FR2,DK1,1,27,-0.3159,0.0808,3.2811,3.0567,-8.0291,1.2947,1.0,1.0,0.000831,0.1608,0.96,0.7617
FR2_to_DK1_seed1,FR2,DK1,1,28,-0.2849,0.0808,3.2425,3.1349,-8.0371,1.2939,1.0,1.0,0.000819,0.1256,0.97,0.8494
FR2_to_DK1_seed1,FR2,DK1,1,29,-0.9621,0.0735,2.9631,2.7575,-8.0291,1.273,1.0,1.0,0.000806,0.1185,0.97,0.8299
FR2_to_DK1_seed1,FR2,DK1,1,30,-0.8283,0.0715,3.2646,2.6045,-8.0289,1.26,1.0,1.0,0.000794,0.1228,0.97,0.8271
FR2_to_DK1_seed1,FR2,DK1,1,31,-0.1422,0.0777,3.5202,3.024,-8.0392,1.275,1.0,1.0,0.000781,0.1407,0.96,0.784
FR2_to_DK1_seed1,FR2,DK1,1,32,-0.6592,0.074,3.1181,2.9253,-8.0485,1.2718,1.0,1.0,0.000768,0.1029,0.97,0.8534
FR2_to_DK1_seed1,FR2,DK1,1,33,-0.8477,0.0673,3.0549,2.838,-8.0718,1.2639,1.0,1.0,0.000755,0.0996,0.97,0.8813
FR2_to_DK1_seed1,FR2,DK1,1,34,-0.7226,0.0693,3.2132,2.7525,-8.0347,1.2772,1.0,1.0,0.000741,0.112,0.97,0.8714
FR2_to_DK1_seed1,FR2,DK1,1,35,-0.318,0.0685,3.2739,3.0959,-8.0193,1.263,1.0,1.0,0.000727,0.098,0.97,0.873
FR2_to_DK1_seed1,FR2,DK1,1,36,-0.8659,0.0653,3.0126,2.8495,-8.0373,1.2441,1.0,1.0,0.000713,0.1132,0.97,0.87
FR2_to_DK1_seed1,FR2,DK1,1,37,-0.863,0.0618,3.0767,2.7833,-8.0344,1.2496,1.0,1.0,0.000699,0.0843,0.98,0.8925
FR2_to_DK1_seed1,FR2,DK1,1,38,-0.9385,0.0641,3.077,2.687,-8.0521,1.2856,1.0,1.0,0.000684,0.1734,0.95,0.8065
FR2_to_DK1_seed1,FR2,DK1,1,39,-0.9678,0.0643,3.0306,2.7103,-8.0433,1.2702,1.0,1.0,0.000669,0.1198,0.97,0.8364
FR2_to_DK1_seed1,FR2,DK1,1,40,-0.5471,0.07,3.2035,2.9679,-8.0507,1.2622,1.0,1.0,0.000655,0.1107,0.97,0.8596
FR2_to_DK1_seed1,FR2,DK1,1,41,-0.7486,0.0646,3.1328,2.8413,-8.0436,1.2562,1.0,1.0,0.000639,0.1022,0.97,0.857
FR2_to_DK1_seed1,FR2,DK1,1,42,-0.6789,0.0645,3.1937,2.8157,-8.0254,1.2726,1.0,1.0,0.000624,0.16,0.96,0.8062
FR2_to_DK1_seed1,FR2,DK1,1,43,-0.5695,0.0669,3.2172,2.9229,-8.0433,1.2668,1.0,1.0,0.000609,0.1611,0.95,0.833
FR2_to_DK1_seed1,FR2,DK1,1,44,-0.3135,0.0692,3.3156,3.1135,-8.0814,1.2696,1.0,1.0,0.000594,0.1412,0.95,0.8527
FR2_to_DK1_seed1,FR2,DK1,1,45,-0.3892,0.0721,3.2009,3.1433,-8.0577,1.2522,1.0,1.0,0.000578,0.1098,0.97,0.8612
FR2_to_DK1_seed1,FR2,DK1,1,46,-0.8041,0.0639,3.0405,2.8641,-8.0311,1.2586,1.0,1.0,0.000563,0.1167,0.97,0.8243
FR2_to_DK1_seed1,FR2,DK1,1,47,-0.2108,0.0677,3.3386,3.1313,-8.0526,1.3041,1.0,1.0,0.000547,0.1037,0.97,0.8587
FR2_to_DK1_seed1,FR2,DK1,1,48,-0.0417,0.0654,3.3954,3.2828,-8.0601,1.2747,1.0,1.0,0.000531,0.1028,0.97,0.8848
FR2_to_DK1_seed1,FR2,DK1,1,49,-0.4533,0.0594,3.1842,3.0895,-8.0568,1.2704,1.0,1.0,0.000516,0.0873,0.98,0.8603
FR2_to_DK1_seed1,FR2,DK1,1,50,-0.3179,0.0606,3.2786,3.114,-8.0461,1.2749,1.0,1.0,0.0005,0.1475,0.95,0.8169
FR2_to_DK1_seed1,FR2,DK1,1,51,-0.5385,0.0603,3.1694,2.9964,-8.0466,1.2819,1.0,1.0,0.000484,0.1118,0.97,0.8847
FR2_to_DK1_seed1,FR2,DK1,1,52,-0.7527,0.0554,2.9846,2.9944,-8.0516,1.2645,1.0,1.0,0.000469,0.1074,0.97,0.8827
FR2_to_DK1_seed1,FR2,DK1,1,53,-0.576,0.0555,3.1285,3.0115,-8.0468,1.2754,1.0,1.0,0.000453,0.1042,0.97,0.8652
FR2_to_DK1_seed1,FR2,DK1,1,54,-0.6258,0.0548,3.0828,2.9927,-8.022,1.2658,1.0,1.0,0.000437,0.1088,0.97,0.8834
FR2_to_DK1_seed1,FR2,DK1,1,55,-0.4467,0.0585,3.2025,3.0809,-8.0714,1.2828,1.0,1.0,0.000422,0.0962,0.97,0.8711
FR2_to_DK1_seed1,FR2,DK1,1,56,-0.4137,0.0564,3.3499,2.9543,-8.0567,1.2824,1.0,1.0,0.000406,0.0935,0.97,0.8733
FR2_to_DK1_seed1,FR2,DK1,1,57,-0.4296,0.0543,3.3488,2.9217,-8.0284,1.2739,1.0,1.0,0.000391,0.0963,0.98,0.8604
FR2_to_DK1_seed1,FR2,DK1,1,58,-0.4533,0.0535,3.3905,2.8957,-8.0529,1.2599,1.0,1.0,0.000376,0.0933,0.97,0.8779
FR2_to_DK1_seed1,FR2,DK1,1,59,-0.5879,0.0511,3.2735,2.9002,-8.0532,1.2406,1.0,1.0,0.000361,0.101,0.97,0.8732
FR2_to_DK1_seed1,FR2,DK1,1,60,0.9644,0.0735,3.8102,3.7915,-8.0505,1.3396,1.0,1.0,0.000345,0.3325,0.88,0.7059
FR2_to_DK1_seed1,FR2,DK1,1,61,0.9163,0.0813,3.7284,3.8376,-8.0178,1.2869,1.0,1.0,0.000331,0.1157,0.97,0.8147
FR2_to_DK1_seed1,FR2,DK1,1,62,0.4573,0.07,3.4294,3.7415,-8.0323,1.2488,1.0,1.0,0.000316,0.1253,0.96,0.8225
FR2_to_DK1_seed1,FR2,DK1,1,63,0.1754,0.0633,3.4387,3.4654,-8.0418,1.2498,1.0,1.0,0.000301,0.1617,0.95,0.8015
FR2_to_DK1_seed1,FR2,DK1,1,64,0.2935,0.0641,3.4557,3.5661,-8.0599,1.2674,1.0,1.0,0.000287,0.1127,0.97,0.8477
FR2_to_DK1_seed1,FR2,DK1,1,65,0.2589,0.0586,3.7067,3.257,-8.0294,1.2661,1.0,1.0,0.000273,0.1338,0.96,0.8569
FR2_to_DK1_seed1,FR2,DK1,1,66,0.0377,0.0542,3.6515,3.1383,-8.0386,1.2323,1.0,1.0,0.000259,0.1423,0.95,0.8395
FR2_to_DK1_seed1,FR2,DK1,1,67,-0.0953,0.0543,3.5534,3.1305,-8.0597,1.2262,1.0,1.0,0.000245,0.1286,0.96,0.8312
FR2_to_DK1_seed1,FR2,DK1,1,68,-0.0827,0.0513,3.5966,3.079,-8.043,1.2334,1.0,1.0,0.000232,0.1075,0.97,0.8749
FR2_to_DK1_seed1,FR2,DK1,1,69,0.1581,0.0534,3.6866,3.238,-8.0622,1.2423,1.0,1.0,0.000219,0.1318,0.96,0.8433
FR2_to_DK1_seed1,FR2,DK1,1,70,-0.1111,0.0504,3.5625,3.1382,-8.0759,1.2138,1.0,1.0,0.000206,0.1379,0.96,0.8441
FR2_to_DK1_seed1,FR2,DK1,1,71,-0.2681,0.0469,3.5408,2.9738,-8.0634,1.2338,1.0,1.0,0.000194,0.0914,0.97,0.8736
FR2_to_DK1_seed1,FR2,DK1,1,72,-0.2735,0.0481,3.4657,3.0502,-8.0739,1.2363,1.0,1.0,0.000181,0.0945,0.97,0.8701
FR2_to_DK1_seed1,FR2,DK1,1,73,-0.2351,0.0463,3.5625,2.9572,-8.0213,1.2202,1.0,1.0,0.000169,0.1085,0.97,0.8535
FR2_to_DK1_seed1,FR2,DK1,1,74,-0.2724,0.0453,3.4649,3.0156,-8.0444,1.2461,1.0,1.0,0.000158,0.1049,0.97,0.87
FR2_to_DK1_seed1,FR2,DK1,1,75,-0.2927,0.0435,3.5841,2.9149,-8.0616,1.2263,1.0,1.0,0.000146,0.0949,0.97,0.8627
FR2_to_DK1_seed1,FR2,DK1,1,76,-0.2365,0.0445,3.531,2.9901,-8.0348,1.2326,1.0,1.0,0.000136,0.1441,0.95,0.847
FR2_to_DK1_seed1,FR2,DK1,1,77,-0.5558,0.0421,3.4084,2.8371,-8.0384,1.195,1.0,1.0,0.000125,0.1229,0.96,0.8586
FR2_to_DK1_seed1,FR2,DK1,1,78,-0.5794,0.0406,3.4074,2.8316,-8.0496,1.1907,1.0,1.0,0.000115,0.1371,0.95,0.861
FR2_to_DK1_seed1,FR2,DK1,1,79,-0.6023,0.0397,3.3675,2.8639,-8.0733,1.1999,1.0,1.0,0.000105,0.1091,0.97,0.8625
FR2_to_DK1_seed1,FR2,DK1,1,80,-0.5025,0.0401,3.36,2.9389,-8.0503,1.2088,1.0,1.0,9.55e-05,0.0955,0.97,0.8839
FR2_to_DK1_seed1,FR2,DK1,1,81,-0.5333,0.0388,3.3293,2.9592,-8.0628,1.2022,1.0,1.0,8.65e-05,0.1147,0.96,0.8585
FR2_to_DK1_seed1,FR2,DK1,1,82,-0.5328,0.0375,3.3333,2.9533,-8.0539,1.197,1.0,1.0,7.78e-05,0.1369,0.96,0.8369
FR2_to_DK1_seed1,FR2,DK1,1,83,-0.3899,0.0367,3.414,2.9975,-8.0256,1.1875,1.0,1.0,6.96e-05,0.1249,0.96,0.8495
FR2_to_DK1_seed1,FR2,DK1,1,84,-0.2793,0.0363,3.5109,3.0266,-8.0655,1.2123,1.0,1.0,6.18e-05,0.1084,0.97,0.8655
FR2_to_DK1_seed1,FR2,DK1,1,85,-0.304,0.0359,3.4541,3.0068,-8.0229,1.2221,1.0,1.0,5.45e-05,0.1245,0.96,0.8507
FR2_to_DK1_seed1,FR2,DK1,1,86,-0.4307,0.0349,3.4084,2.9863,-8.0732,1.2129,1.0,1.0,4.76e-05,0.1055,0.97,0.8647
FR2_to_DK1_seed1,FR2,DK1,1,87,-0.5585,0.0338,3.3779,2.9047,-8.0652,1.1903,1.0,1.0,4.11e-05,0.1119,0.97,0.8598
FR2_to_DK1_seed1,FR2,DK1,1,88,-0.5494,0.0323,3.3954,2.871,-8.029,1.1808,1.0,1.0,3.51e-05,0.102,0.97,0.877
FR2_to_DK1_seed1,FR2,DK1,1,89,-0.5701,0.0318,3.4198,2.8802,-8.0835,1.1817,1.0,1.0,2.96e-05,0.1161,0.96,0.8638
FR2_to_DK1_seed1,FR2,DK1,1,90,-0.5328,0.0326,3.4239,2.8783,-8.0516,1.1839,1.0,1.0,2.45e-05,0.1077,0.97,0.8541
FR2_to_DK1_seed1,FR2,DK1,1,91,-0.5685,0.0324,3.4068,2.8807,-8.0582,1.1699,1.0,1.0,1.99e-05,0.1055,0.97,0.8661
FR2_to_DK1_seed1,FR2,DK1,1,92,-0.5535,0.0314,3.4076,2.8956,-8.0516,1.1635,1.0,1.0,1.57e-05,0.1039,0.97,0.863
FR2_to_DK1_seed1,FR2,DK1,1,93,-0.503,0.0308,3.4238,2.9141,-8.0343,1.1626,1.0,1.0,1.2e-05,0.1094,0.97,0.8495
FR2_to_DK1_seed1,FR2,DK1,1,94,-0.4875,0.0308,3.4386,2.9351,-8.0548,1.1627,1.0,1.0,8.86e-06,0.1117,0.97,0.8651
FR2_to_DK1_seed1,FR2,DK1,1,95,-0.4675,0.0302,3.4358,2.9337,-8.0279,1.1607,1.0,1.0,6.16e-06,0.1115,0.97,0.8649
FR2_to_DK1_seed1,FR2,DK1,1,96,-0.4752,0.0306,3.4423,2.9319,-8.0388,1.1587,1.0,1.0,3.94e-06,0.1077,0.97,0.8624
FR2_to_DK1_seed1,FR2,DK1,1,97,-0.4659,0.0294,3.4375,2.9288,-8.0228,1.1611,1.0,1.0,2.22e-06,0.1067,0.97,0.8659
FR2_to_DK1_seed1,FR2,DK1,1,98,-0.4849,0.0305,3.4395,2.9319,-8.0466,1.1599,1.0,1.0,9.87e-07,0.1052,0.97,0.8558
FR2_to_DK1_seed1,FR2,DK1,1,99,-0.4887,0.0304,3.442,2.9309,-8.0516,1.1597,1.0,1.0,2.47e-07,0.1046,0.97,0.8604
FR2_to_DK1_seed1,FR2,DK1,1,100,-0.4788,0.0302,3.4465,2.9296,-8.0458,1.1607,1.0,1.0,0.0,0.1169,0.96,0.8538
FR2_to_DK1_seed2,FR2,DK1,2,1,6.4112,0.3853,5.2571,5.0755,-5.3111,1.0044,0.998,1.0,0.001,0.3799,0.89,0.4237
FR2_to_DK1_seed2,FR2,DK1,2,2,3.5471,0.2226,4.9335,4.8195,-7.6389,1.2103,1.0,1.0,0.000999,0.4305,0.89,0.4123
FR2_to_DK1_seed2,FR2,DK1,2,3,3.4835,0.2052,4.9801,4.809,-7.7814,1.2706,1.0,1.0,0.000998,0.2577,0.93,0.4997
FR2_to_DK1_seed2,FR2,DK1,2,4,2.4729,0.1762,4.6227,4.2693,-7.9172,1.3218,1.0,1.0,0.000996,0.21,0.94,0.6182
FR2_to_DK1_seed2,FR2,DK1,2,5,2.8096,0.1588,4.9916,4.305,-7.9426,1.2968,1.0,1.0,0.000994,0.1845,0.94,0.6878
FR2_to_DK1_seed2,FR2,DK1,2,6,1.9536,0.1439,4.3643,4.077,-7.9524,1.3208,1.0,1.0,0.000991,0.1605,0.96,0.7095
FR2_to_DK1_seed2,FR2,DK1,2,7,1.891,0.1332,4.4695,3.9684,-7.9971,1.317,1.0,1.0,0.000988,0.2739,0.92,0.6065
FR2_to_DK1_seed2,FR2,DK1,2,8,1.4497,0.1202,4.1761,3.81,-7.9946,1.3379,1.0,1.0,0.000984,0.2207,0.94,0.7286
FR2_to_DK1_seed2,FR2,DK1,2,9,1.688,0.1239,4.5519,3.7301,-8.0298,1.3119,1.0,1.0,0.00098,0.2175,0.94,0.6819
FR2_to_DK1_seed2,FR2,DK1,2,10,1.7294,0.1402,4.2813,3.9725,-7.966,1.3013,1.0,1.0,0.000976,0.1656,0.95,0.7356
FR2_to_DK1_seed2,FR2,DK1,2,11,1.0483,0.1243,4.0115,3.7088,-8.0181,1.2218,1.0,1.0,0.00097,0.2014,0.94,0.6947
FR2_to_DK1_seed2,FR2,DK1,2,12,1.6176,0.1151,4.4082,3.8246,-8.0291,1.299,1.0,1.0,0.000965,0.262,0.94,0.6232
FR2_to_DK1_seed2,FR2,DK1,2,13,1.4707,0.1121,4.3321,3.7507,-7.9935,1.2694,1.0,1.0,0.000959,0.356,0.9,0.5812
FR2_to_DK1_seed2,FR2,DK1,2,14,2.0938,0.1174,4.5342,4.1874,-8.0231,1.278,1.0,1.0,0.000952,0.2792,0.93,0.6037
FR2_to_DK1_seed2,FR2,DK1,2,15,1.5481,0.1095,4.2899,3.8801,-8.0082,1.2768,1.0,1.0,0.000946,0.2387,0.94,0.6649
FR2_to_DK1_seed2,FR2,DK1,2,16,1.7016,0.1134,4.3309,3.9589,-8.0258,1.3242,1.0,1.0,0.000938,0.1916,0.95,0.7665
FR2_to_DK1_seed2,FR2,DK1,2,17,1.2082,0.0959,4.2122,3.5983,-8.0035,1.3054,1.0,1.0,0.00093,0.2963,0.92,0.6313
FR2_to_DK1_seed2,FR2,DK1,2,18,1.2662,0.1002,4.2803,3.5636,-8.0164,1.3384,1.0,1.0,0.000922,0.1507,0.96,0.7536
FR2_to_DK1_seed2,FR2,DK1,2,19,0.9687,0.0994,4.0905,3.4942,-8.0116,1.2962,1.0,1.0,0.000914,0.1566,0.96,0.7628
FR2_to_DK1_seed2,FR2,DK1,2,20,0.7639,0.0969,4.1782,3.2381,-8.0368,1.2875,1.0,1.0,0.000905,0.3817,0.92,0.5235
FR2_to_DK1_seed2,FR2,DK1,2,21,1.8897,0.1307,4.4712,4.0543,-8.0273,1.2608,1.0,1.0,0.000895,0.2156,0.93,0.7125
FR2_to_DK1_seed2,FR2,DK1,2,22,2.3625,0.1152,4.5695,4.3762,-7.9596,1.2612,1.0,1.0,0.000885,0.2076,0.95,0.6438
FR2_to_DK1_seed2,FR2,DK1,2,23,1.5439,0.0995,4.46,3.6779,-7.9796,1.2861,1.0,1.0,0.000875,0.158,0.96,0.762
FR2_to_DK1_seed2,FR2,DK1,2,24,1.6588,0.1009,4.4569,3.8107,-8.0194,1.3098,1.0,1.0,0.000864,0.1989,0.95,0.7229
FR2_to_DK1_seed2,FR2,DK1,2,25,1.8338,0.0964,4.5869,3.8544,-8.015,1.3111,1.0,1.0,0.000854,0.2127,0.95,0.7098
FR2_to_DK1_seed2,FR2,DK1,2,26,1.8629,0.0963,4.6561,3.8347,-8.0177,1.2935,1.0,1.0,0.000842,0.3147,0.91,0.6228
FR2_to_DK1_seed2,FR2,DK1,2,27,1.7779,0.0959,4.5999,3.7997,-8.031,1.3135,1.0,1.0,0.000831,0.2521,0.93,0.6411
FR2_to_DK1_seed2,FR2,DK1,2,28,1.451,0.0876,4.5661,3.5219,-8.0111,1.2864,1.0,1.0,0.000819,0.2453,0.94,0.6871
FR2_to_DK1_seed2,FR2,DK1,2,29,1.1564,0.084,4.4556,3.3452,-8.0186,1.2903,1.0,1.0,0.000806,0.1779,0.96,0.7507
FR2_to_DK1_seed2,FR2,DK1,2,30,1.6076,0.0833,4.6434,3.5725,-8.0132,1.3216,1.0,1.0,0.000794,0.208,0.95,0.7173
FR2_to_DK1_seed2,FR2,DK1,2,31,0.8775,0.0786,4.1131,3.3843,-8.0163,1.3179,1.0,1.0,0.000781,0.145,0.96,0.8057
FR2_to_DK1_seed2,FR2,DK1,2,32,0.5464,0.074,4.041,3.171,-8.0333,1.2937,1.0,1.0,0.000768,0.1314,0.96,0.8081
FR2_to_DK1_seed2,FR2,DK1,2,33,0.8218,0.0781,4.3019,3.1425,-8.024,1.3232,1.0,1.0,0.000755,0.1544,0.96,0.7927
FR2_to_DK1_seed2,FR2,DK1,2,34,0.4362,0.0724,4.2121,2.8442,-7.9951,1.3028,1.0,1.0,0.000741,0.144,0.96,0.7711
FR2_to_DK1_seed2,FR2,DK1,2,35,-0.1314,0.0666,3.8479,2.7147,-8.0549,1.2943,1.0,1.0,0.000727,0.1722,0.96,0.793
FR2_to_DK1_seed2,FR2,DK1,2,36,0.0615,0.0667,4.1046,2.6407,-8.0366,1.2861,1.0,1.0,0.000713,0.1681,0.96,0.8134
FR2_to_DK1_seed2,FR2,DK1,2,37,-0.2048,0.068,3.9292,2.5419,-8.0394,1.2955,1.0,1.0,0.000699,0.2969,0.93,0.6489
FR2_to_DK1_seed2,FR2,DK1,2,38,-0.3211,0.0683,3.7819,2.559,-8.0376,1.3072,1.0,1.0,0.000684,0.2144,0.95,0.7585
FR2_to_DK1_seed2,FR2,DK1,2,39,-0.2993,0.0669,3.8289,2.5497,-8.0389,1.2942,1.0,1.0,0.000669,0.225,0.94,0.7357
FR2_to_DK1_seed2,FR2,DK1,2,40,-0.2713,0.0644,3.901,2.5451,-8.0507,1.2689,1.0,1.0,0.000655,0.1391,0.96,0.808
FR2_to_DK1_seed2,FR2,DK1,2,41,-0.3264,0.0623,3.9635,2.4234,-8.0515,1.2759,1.0,1.0,0.000639,0.1604,0.96,0.8061
FR2_to_DK1_seed2,FR2,DK1,2,42,-0.555,0.0618,3.7723,2.3725,-8.0307,1.269,1.0,1.0,0.000624,0.3681,0.91,0.6446
FR2_to_DK1_seed2,FR2,DK1,2,43,-0.3031,0.068,3.95,2.4281,-8.0355,1.2862,1.0,1.0,0.000609,0.1702,0.96,0.7976
FR2_to_DK1_seed2,FR2,DK1,2,44,0.3347,0.0672,3.9145,3.1183,-8.0478,1.2826,1.0,1.0,0.000594,0.1965,0.95,0.7421
FR2_to_DK1_seed2,FR2,DK1,2,45,-0.0417,0.0703,3.928,2.7062,-8.0312,1.2851,1.0,1.0,0.000578,0.1756,0.96,0.7588
FR2_to_DK1_seed2,FR2,DK1,2,46,-0.3137,0.0609,3.796,2.609,-8.0418,1.2621,1.0,1.0,0.000563,0.1682,0.96,0.7724
FR2_to_DK1_seed2,FR2,DK1,2,47,0.1612,0.0634,4.0928,2.7581,-8.0292,1.2761,1.0,1.0,0.000547,0.1976,0.95,0.747
FR2_to_DK1_seed2,FR2,DK1,2,48,0.2783,0.0643,4.1344,2.8394,-8.0104,1.2507,1.0,1.0,0.000531,0.1934,0.95,0.7581
FR2_to_DK1_seed2,FR2,DK1,2,49,-0.4042,0.0607,3.6753,2.621,-8.029,1.2679,1.0,1.0,0.000516,0.1659,0.96,0.7743
FR2_to_DK1_seed2,FR2,DK1,2,50,-0.085,0.0625,3.903,2.6845,-8.0267,1.2917,1.0,1.0,0.0005,0.3321,0.91,0.6517
FR2_to_DK1_seed2,FR2,DK1,2,51,-0.3091,0.0609,3.7571,2.6231,-8.0215,1.2713,1.0,1.0,0.000484,0.2218,0.94,0.7224
FR2_to_DK1_seed2,FR2,DK1,2,52,0.2172,0.0624,4.0081,2.8742,-8.0241,1.2967,1.0,1.0,0.000469,0.1966,0.95,0.7455
FR2_to_DK1_seed2,FR2,DK1,2,53,0.3403,0.0631,4.125,2.9016,-8.0283,1.2791,1.0,1.0,0.000453,0.1698,0.96,0.7219
FR2_to_DK1_seed2,FR2,DK1,2,54,0.1372,0.0607,3.9995,2.838,-8.0265,1.2655,1.0,1.0,0.000437,0.1785,0.96,0.7777
FR2_to_DK1_seed2,FR2,DK1,2,55,-0.1174,0.0572,3.8709,2.7347,-8.0265,1.2462,1.0,1.0,0.000422,0.1765,0.96,0.7803
FR2_to_DK1_seed2,FR2,DK1,2,56,0.3156,0.0592,4.1332,2.8615,-8.032,1.2937,1.0,1.0,0.000406,0.2408,0.95,0.7051
FR2_to_DK1_seed2,FR2,DK1,2,57,0.5072,0.0566,4.172,2.9749,-7.9884,1.292,1.0,1.0,0.000391,0.1836,0.96,0.7574
FR2_to_DK1_seed2,FR2,DK1,2,58,0.4099,0.0567,4.2175,2.8848,-8.0455,1.2964,1.0,1.0,0.000376,0.1472,0.96,0.8047
FR2_to_DK1_seed2,FR2,DK1,2,59,0.1174,0.0507,4.0994,2.7225,-8.0258,1.2706,1.0,1.0,0.000361,0.1615,0.96,0.7712
FR2_to_DK1_seed2,FR2,DK1,2,60,0.1008,0.0508,4.1522,2.6755,-8.0469,1.2692,1.0,1.0,0.000345,0.2195,0.95,0.733
FR2_to_DK1_seed2,FR2,DK1,2,61,0.2873,0.0536,4.2009,2.7657,-8.0291,1.2962,1.0,1.0,0.000331,0.1983,0.96,0.7723
FR2_to_DK1_seed2,FR2,DK1,2,62,-0.0356,0.0509,3.9522,2.7118,-8.0224,1.2719,1.0,1.0,0.000316,0.1808,0.96,0.7658
FR2_to_DK1_seed2,FR2,DK1,2,63,0.0982,0.0507,4.0059,2.8087,-8.0255,1.2584,1.0,1.0,0.000301,0.172,0.96,0.796
FR2_to_DK1_seed2,FR2,DK1,2,64,0.393,0.0504,4.1856,2.9257,-8.0503,1.2816,1.0,1.0,0.000287,0.1446,0.97,0.8038
FR2_to_DK1_seed2,FR2,DK1,2,65,0.1917,0.0486,4.1283,2.7953,-8.0436,1.2631,1.0,1.0,0.000273,0.179,0.96,0.7831
FR2_to_DK1_seed2,FR2,DK1,2,66,-0.178,0.0477,3.9672,2.5764,-8.0287,1.2592,1.0,1.0,0.000259,0.1851,0.95,0.7869
FR2_to_DK1_seed2,FR2,DK1,2,67,0.1384,0.0499,3.9569,2.8813,-8.0291,1.2793,1.0,1.0,0.000245,0.1599,0.96,0.8113
FR2_to_DK1_seed2,FR2,DK1,2,68,0.2891,0.0504,4.09,2.8833,-8.0294,1.2949,1.0,1.0,0.000232,0.1611,0.96,0.7951
FR2_to_DK1_seed2,FR2,DK1,2,69,-0.0785,0.0461,3.9322,2.7143,-8.0214,1.2502,1.0,1.0,0.000219,0.202,0.96,0.781
FR2_to_DK1_seed2,FR2,DK1,2,70,0.3469,0.0467,4.2027,2.8558,-8.0344,1.2761,1.0,1.0,0.000206,0.157,0.96,0.8259
FR2_to_DK1_seed2,FR2,DK1,2,71,0.1804,0.0442,4.0954,2.7931,-8.0313,1.2791,1.0,1.0,0.000194,0.159,0.96,0.8265
FR2_to_DK1_seed2,FR2,DK1,2,72,0.2221,0.0435,4.0179,2.8656,-7.9761,1.2713,1.0,1.0,0.000181,0.1498,0.96,0.8367
FR2_to_DK1_seed2,FR2,DK1,2,73,0.078,0.0433,3.9073,2.8353,-7.9561,1.2482,1.0,1.0,0.000169,0.165,0.96,0.8323
FR2_to_DK1_seed2,FR2,DK1,2,74,0.2262,0.0435,4.0791,2.8544,-8.0124,1.2616,1.0,1.0,0.000158,0.1616,0.96,0.8237
FR2_to_DK1_seed2,FR2,DK1,2,75,0.2005,0.0435,4.048,2.87,-7.9938,1.2327,1.0,1.0,0.000146,0.1427,0.97,0.8305
FR2_to_DK1_seed2,FR2,DK1,2,76,0.1295,0.0426,3.9733,2.9097,-8.029,1.2329,1.0,1.0,0.000136,0.1737,0.96,0.7991
FR2_to_DK1_seed2,FR2,DK1,2,77,0.0825,0.0401,3.8904,2.9356,-8.0367,1.2531,1.0,1.0,0.000125,0.1611,0.96,0.814
FR2_to_DK1_seed2,FR2,DK1,2,78,0.2154,0.0394,3.9501,2.9978,-8.0142,1.2423,1.0,1.0,0.000115,0.1866,0.96,0.8008
FR2_to_DK1_seed2,FR2,DK1,2,79,0.1458,0.0393,3.967,2.9642,-8.0389,1.2141,1.0,1.0,0.000105,0.1938,0.96,0.7998
FR2_to_DK1_seed2,FR2,DK1,2,80,0.0914,0.0384,4.016,2.8986,-8.0524,1.1909,1.0,1.0,9.55e-05,0.195,0.96,0.7886
FR2_to_DK1_seed2,FR2,DK1,2,81,0.2401,0.0394,4.0721,2.9411,-8.007,1.1946,1.0,1.0,8.65e-05,0.1844,0.96,0.8072
FR2_to_DK1_seed2,FR2,DK1,2,82,0.1863,0.0383,3.9877,2.9617,-8.0466,1.2451,1.0,1.0,7.78e-05,0.1503,0.97,0.8382
FR2_to_DK1_seed2,FR2,DK1,2,83,0.1264,0.0365,3.9566,2.9121,-8.0274,1.2486,1.0,1.0,6.96e-05,0.1648,0.96,0.82
FR2_to_DK1_seed2,FR2,DK1,2,84,0.0779,0.0362,3.8967,2.9555,-8.0495,1.239,1.0,1.0,6.18e-05,0.1603,0.96,0.8139
FR2_to_DK1_seed2,FR2,DK1,2,85,0.1708,0.0361,3.9823,2.9516,-8.0357,1.2365,1.0,1.0,5.45e-05,0.1603,0.96,0.818
FR2_to_DK1_seed2,FR2,DK1,2,86,0.2104,0.0349,4.0326,2.9242,-8.0261,1.2447,1.0,1.0,4.76e-05,0.1539,0.97,0.8206
FR2_to_DK1_seed2,FR2,DK1,2,87,0.1899,0.0348,4.0479,2.8875,-8.0409,1.2606,1.0,1.0,4.11e-05,0.1625,0.97,0.8117
FR2_to_DK1_seed2,FR2,DK1,2,88,0.3415,0.036,4.1341,2.9485,-8.0266,1.2496,1.0,1.0,3.51e-05,0.1836,0.96,0.7967
FR2_to_DK1_seed2,FR2,DK1,2,89,0.42,0.0346,4.1949,2.9791,-8.0387,1.2501,1.0,1.0,2.96e-05,0.1694,0.96,0.8069
FR2_to_DK1_seed2,FR2,DK1,2,90,0.7133,0.0363,4.4027,3.0389,-8.0268,1.2621,1.0,1.0,2.45e-05,0.1764,0.96,0.8053
FR2_to_DK1_seed2,FR2,DK1,2,91,0.695,0.0353,4.4169,3.0491,-8.0635,1.2571,1.0,1.0,1.99e-05,0.1716,0.96,0.8091
FR2_to_DK1_seed2,FR2,DK1,2,92,0.5765,0.0342,4.2882,3.0432,-8.0494,1.2602,1.0,1.0,1.57e-05,0.1741,0.96,0.8067
FR2_to_DK1_seed2,FR2,DK1,2,93,0.655,0.036,4.3077,3.0716,-8.0161,1.2559,1.0,1.0,1.2e-05,0.1719,0.96,0.8066
FR2_to_DK1_seed2,FR2,DK1,2,94,0.6742,0.0343,4.3274,3.0902,-8.0373,1.2597,1.0,1.0,8.86e-06,0.1702,0.96,0.8103
FR2_to_DK1_seed2,FR2,DK1,2,95,0.696,0.0357,4.3331,3.107,-8.0439,1.2641,1.0,1.0,6.16e-06,0.174,0.96,0.8055
FR2_to_DK1_seed2,FR2,DK1,2,96,0.6964,0.0366,4.318,3.1035,-8.0211,1.2594,1.0,1.0,3.94e-06,0.1716,0.96,0.8067
FR2_to_DK1_seed2,FR2,DK1,2,97,0.7167,0.0345,4.3568,3.1004,-8.0432,1.2682,1.0,1.0,2.22e-06,0.1728,0.96,0.8063
FR2_to_DK1_seed2,FR2,DK1,2,98,0.76,0.0349,4.3739,3.1039,-8.0189,1.2663,1.0,1.0,9.87e-07,0.1722,0.96,0.7992
FR2_to_DK1_seed2,FR2,DK1,2,99,0.7135,0.0342,4.346,3.0982,-8.029,1.2641,1.0,1.0,2.47e-07,0.1791,0.96,0.8026
FR2_to_DK1_seed2,FR2,DK1,2,100,0.7041,0.0346,4.3575,3.1029,-8.0542,1.2632,1.0,1.0,0.0,0.1766,0.96,0.8029
FR2_to_FR1_seed1,FR2,FR1,1,1,4.3919,0.4074,4.4197,4.5461,-5.973,0.9918,0.998,1.0,0.001,0.2089,0.94,0.5448
FR2_to_FR1_seed1,FR2,FR1,1,2,0.8917,0.1833,3.8661,3.7459,-7.851,0.9473,1.0,1.0,0.000999,0.3616,0.9,0.486
FR2_to_FR1_seed1,FR2,FR1,1,3,1.6085,0.1708,4.039,4.1972,-7.9261,1.1276,1.0,1.0,0.000998,0.3211,0.91,0.5302
FR2_to_FR1_seed1,FR2,FR1,1,4,1.2591,0.1419,3.8241,4.0989,-7.9742,1.1683,1.0,1.0,0.000996,0.2951,0.91,0.5779
FR2_to_FR1_seed1,FR2,FR1,1,5,0.7283,0.1358,3.5049,3.8347,-7.9846,1.2376,1.0,1.0,0.000994,0.2174,0.94,0.683
FR2_to_FR1_seed1,FR2,FR1,1,6,1.0648,0.1314,3.6846,4.0065,-8.0159,1.2582,1.0,1.0,0.000991,0.2099,0.94,0.7374
FR2_to_FR1_seed1,FR2,FR1,1,7,0.9975,0.1318,3.7166,3.9003,-8.007,1.2558,1.0,1.0,0.000988,0.1863,0.95,0.6835
FR2_to_FR1_seed1,FR2,FR1,1,8,0.4787,0.1191,3.376,3.7271,-8.0452,1.3017,1.0,1.0,0.000984,0.1993,0.94,0.6586
FR2_to_FR1_seed1,FR2,FR1,1,9,0.7041,0.1172,3.509,3.7714,-8.0212,1.3277,1.0,1.0,0.00098,0.4646,0.86,0.5716
FR2_to_FR1_seed1,FR2,FR1,1,10,0.8926,0.1237,3.6515,3.8357,-8.0305,1.3123,1.0,1.0,0.000976,0.1964,0.95,0.7278
FR2_to_FR1_seed1,FR2,FR1,1,11,1.2321,0.1266,3.8053,3.9885,-7.9943,1.306,1.0,1.0,0.00097,0.1784,0.95,0.709
FR2_to_FR1_seed1,FR2,FR1,1,12,0.5088,0.1062,3.4183,3.7348,-8.0463,1.2959,1.0,1.0,0.000965,0.2382,0.93,0.611
FR2_to_FR1_seed1,FR2,FR1,1,13,0.5731,0.1029,3.5914,3.5793,-8.0137,1.3131,1.0,1.0,0.000959,0.2521,0.93,0.6381
FR2_to_FR1_seed1,FR2,FR1,1,14,0.2198,0.0944,3.5591,3.2641,-8.0174,1.3195,1.0,1.0,0.000952,0.181,0.95,0.6861
FR2_to_FR1_seed1,FR2,FR1,1,15,-0.1656,0.0901,3.379,3.0719,-8.0247,1.3181,1.0,1.0,0.000946,0.169,0.95,0.7479
FR2_to_FR1_seed1,FR2,FR1,1,16,-0.0695,0.0892,3.416,3.1291,-8.0349,1.3312,1.0,1.0,0.000938,0.1604,0.96,0.7429
FR2_to_FR1_seed1,FR2,FR1,1,17,-0.5999,0.0842,3.2158,2.8293,-8.0394,1.3103,1.0,1.0,0.00093,0.2047,0.95,0.7426
FR2_to_FR1_seed1,FR2,FR1,1,18,-0.5363,0.0846,3.26,2.8655,-8.0514,1.305,1.0,1.0,0.000922,0.2258,0.94,0.6992
FR2_to_FR1_seed1,FR2,FR1,1,19,-0.2008,0.0887,3.4565,2.9735,-8.0327,1.3133,1.0,1.0,0.000914,0.1776,0.95,0.7109
FR2_to_FR1_seed1,FR2,FR1,1,20,-0.772,0.0867,3.1439,2.7605,-8.0469,1.2839,1.0,1.0,0.000905,0.2199,0.94,0.7282
FR2_to_FR1_seed1,FR2,FR1,1,21,-0.9283,0.0834,3.0684,2.671,-8.0401,1.2889,1.0,1.0,0.000895,0.1865,0.94,0.7586
FR2_to_FR1_seed1,FR2,FR1,1,22,-1.1185,0.0857,3.0122,2.5692,-8.043,1.2574,1.0,1.0,0.000885,0.1877,0.94,0.7614
FR2_to_FR1_seed1,FR2,FR1,1,23,-0.6687,0.0938,3.1236,2.8684,-8.0148,1.2602,1.0,1.0,0.000875,0.1731,0.95,0.8047
FR2_to_FR1_seed1,FR2,FR1,1,24,-0.9301,0.086,3.0594,2.6913,-8.0204,1.2535,1.0,1.0,0.000864,0.14,0.97,0.8266
FR2_to_FR1_seed1,FR2,FR1,1,25,-0.8811,0.0834,3.0814,2.7078,-8.0364,1.2827,1.0,1.0,0.000854,0.1674,0.96,0.7783
FR2_to_FR1_seed1,FR2,FR1,1,26,-1.1114,0.0827,3.0761,2.5109,-8.0356,1.2546,1.0,1.0,0.000842,0.2549,0.93,0.7181
FR2_to_FR1_seed1,FR2,FR1,1,27,-0.6547,0.0891,3.2404,2.7819,-8.0589,1.2927,1.0,1.0,0.000831,0.2884,0.92,0.645
FR2_to_FR1_seed1,FR2,FR1,1,28,-0.6633,0.083,3.2364,2.7642,-8.0242,1.2772,1.0,1.0,0.000819,0.2218,0.94,0.713
FR2_to_FR1_seed1,FR2,FR1,1,29,-1.459,0.0812,2.8214,2.3856,-8.0269,1.2797,1.0,1.0,0.000806,0.2544,0.9,0.7588
FR2_to_FR1_seed1,FR2,FR1,1,30,-1.6236,0.0773,2.8714,2.2455,-8.0337,1.2159,1.0,1.0,0.000794,0.2073,0.94,0.7405
FR2_to_FR1_seed1,FR2,FR1,1,31,-0.8564,0.0846,3.3105,2.5125,-8.0308,1.2668,1.0,1.0,0.000781,0.1384,0.96,0.8255
FR2_to_FR1_seed1,FR2,FR1,1,32,-0.7875,0.0842,3.3765,2.5701,-8.0555,1.2371,1.0,1.0,0.000768,0.1198,0.97,0.8429
FR2_to_FR1_seed1,FR2,FR1,1,33,-1.1431,0.0801,3.2088,2.4187,-8.0532,1.2026,1.0,1.0,0.000755,0.1479,0.96,0.7936
FR2_to_FR1_seed1,FR2,FR1,1,34,-0.8502,0.0835,3.231,2.6367,-8.0391,1.2378,1.0,1.0,0.000741,0.1432,0.96,0.8045
FR2_to_FR1_seed1,FR2,FR1,1,35,-0.7789,0.082,3.2227,2.7264,-8.0591,1.2491,1.0,1.0,0.000727,0.1315,0.97,0.8237
FR2_to_FR1_seed1,FR2,FR1,1,36,-0.6649,0.0845,3.1814,2.8692,-8.0483,1.2482,1.0,1.0,0.000713,0.2705,0.93,0.6864
FR2_to_FR1_seed1,FR2,FR1,1,37,-0.795,0.0832,3.1269,2.8159,-8.0264,1.2054,1.0,1.0,0.000699,0.1733,0.96,0.7507
FR2_to_FR1_seed1,FR2,FR1,1,38,-1.0421,0.0791,3.1723,2.5216,-8.036,1.2208,1.0,1.0,0.000684,0.113,0.97,0.8434
FR2_to_FR1_seed1,FR2,FR1,1,39,-0.9581,0.0778,3.1311,2.6394,-8.0516,1.2452,1.0,1.0,0.000669,0.1533,0.95,0.7974
FR2_to_FR1_seed1,FR2,FR1,1,40,-0.6502,0.0854,3.2534,2.8176,-8.0509,1.2443,1.0,1.0,0.000655,0.2137,0.94,0.7349
FR2_to_FR1_seed1,FR2,FR1,1,41,-1.1163,0.0814,3.0407,2.5953,-8.0366,1.2028,1.0,1.0,0.000639,0.1321,0.97,0.81
FR2_to_FR1_seed1,FR2,FR1,1,42,-1.5806,0.0741,2.8151,2.3981,-8.0673,1.1993,1.0,1.0,0.000624,0.1298,0.97,0.8174
FR2_to_FR1_seed1,FR2,FR1,1,43,-1.1482,0.0779,3.0072,2.587,-8.0257,1.2053,1.0,1.0,0.000609,0.203,0.94,0.7976
FR2_to_FR1_seed1,FR2,FR1,1,44,-0.6511,0.0794,3.2562,2.8201,-8.0327,1.226,1.0,1.0,0.000594,0.2066,0.93,0.7711
FR2_to_FR1_seed1,FR2,FR1,1,45,-0.7514,0.0809,3.2296,2.7411,-8.0109,1.2079,1.0,1.0,0.000578,0.1246,0.96,0.8196
FR2_to_FR1_seed1,FR2,FR1,1,46,-0.6843,0.0768,3.2471,2.7732,-8.0303,1.249,1.0,1.0,0.000563,0.1436,0.95,0.829
FR2_to_FR1_seed1,FR2,FR1,1,47,-1.0366,0.0732,3.1528,2.5594,-8.0348,1.2128,1.0,1.0,0.000547,0.125,0.96,0.8595
FR2_to_FR1_seed1,FR2,FR1,1,48,-0.6143,0.073,3.2818,2.8046,-8.0196,1.2459,1.0,1.0,0.000531,0.1697,0.95,0.8104
FR2_to_FR1_seed1,FR2,FR1,1,49,-0.7279,0.0704,3.2656,2.7482,-8.0338,1.2217,1.0,1.0,0.000516,0.1211,0.96,0.8039
FR2_to_FR1_seed1,FR2,FR1,1,50,-0.7531,0.069,3.1977,2.792,-8.0377,1.2258,1.0,1.0,0.0005,0.1173,0.97,0.8472
FR2_to_FR1_seed1,FR2,FR1,1,51,-0.6251,0.0687,3.2842,2.8217,-8.0579,1.2583,1.0,1.0,0.000484,0.1404,0.96,0.8322
FR2_to_FR1_seed1,FR2,FR1,1,52,-0.5283,0.0676,3.2997,2.9078,-8.0494,1.2459,1.0,1.0,0.000469,0.1119,0.97,0.8449
FR2_to_FR1_seed1,FR2,FR1,1,53,-0.7695,0.0687,3.1943,2.7798,-8.0453,1.233,1.0,1.0,0.000453,0.1411,0.96,0.8241
FR2_to_FR1_seed1,FR2,FR1,1,54,-0.6175,0.0716,3.2258,2.9012,-8.0638,1.2477,1.0,1.0,0.000437,0.1424,0.96,0.8
FR2_to_FR1_seed1,FR2,FR1,1,55,-0.8308,0.0654,3.1231,2.8031,-8.0425,1.2202,1.0,1.0,0.000422,0.1192,0.97,0.8327
FR2_to_FR1_seed1,FR2,FR1,1,56,-0.9501,0.0627,3.0493,2.7323,-8.0357,1.2413,1.0,1.0,0.000406,0.1479,0.95,0.7999
FR2_to_FR1_seed1,FR2,FR1,1,57,-0.5923,0.0636,3.2279,2.8874,-8.0326,1.2613,1.0,1.0,0.000391,0.0938,0.97,0.8595
FR2_to_FR1_seed1,FR2,FR1,1,58,-0.7707,0.0582,3.1352,2.83,-8.0337,1.2397,1.0,1.0,0.000376,0.0968,0.97,0.8626
FR2_to_FR1_seed1,FR2,FR1,1,59,-1.0286,0.0581,3.0773,2.6782,-8.0604,1.2182,1.0,1.0,0.000361,0.1068,0.97,0.8656
FR2_to_FR1_seed1,FR2,FR1,1,60,-0.9116,0.0581,3.1226,2.7369,-8.0688,1.2396,1.0,1.0,0.000345,0.1234,0.97,0.8371
FR2_to_FR1_seed1,FR2,FR1,1,61,-1.1699,0.0571,2.9202,2.6951,-8.0561,1.2138,1.0,1.0,0.000331,0.1132,0.97,0.8448
FR2_to_FR1_seed1,FR2,FR1,1,62,-0.8281,0.0543,3.0124,2.8949,-8.0428,1.2531,1.0,1.0,0.000316,0.1166,0.97,0.8471
FR2_to_FR1_seed1,FR2,FR1,1,63,-0.7188,0.0533,3.0219,3.0062,-8.0751,1.2748,1.0,1.0,0.000301,0.1112,0.97,0.8456
FR2_to_FR1_seed1,FR2,FR1,1,64,-0.4454,0.0552,3.1542,3.1022,-8.0455,1.2883,1.0,1.0,0.000287,0.1034,0.97,0.8703
FR2_to_FR1_seed1,FR2,FR1,1,65,-0.4509,0.054,3.2258,3.0406,-8.034,1.2627,1.0,1.0,0.000273,0.1048,0.97,0.8695
FR2_to_FR1_seed1,FR2,FR1,1,66,-0.6506,0.052,3.175,2.9103,-8.0372,1.2493,1.0,1.0,0.000259,0.1123,0.97,0.8524
FR2_to_FR1_seed1,FR2,FR1,1,67,-0.7903,0.0515,3.1719,2.8176,-8.0551,1.2237,1.0,1.0,0.000245,0.1197,0.97,0.8383
FR2_to_FR1_seed1,FR2,FR1,1,68,-0.7203,0.0496,3.1862,2.8438,-8.0535,1.2536,1.0,1.0,0.000232,0.1158,0.97,0.8634
FR2_to_FR1_seed1,FR2,FR1,1,69,-0.6169,0.0499,3.2223,2.9019,-8.044,1.2529,1.0,1.0,0.000219,0.1232,0.97,0.8485
FR2_to_FR1_seed1,FR2,FR1,1,70,-0.615,0.0479,3.1631,2.9768,-8.0518,1.2491,1.0,1.0,0.000206,0.1121,0.97,0.879
FR2_to_FR1_seed1,FR2,FR1,1,71,-0.4615,0.0461,3.2204,3.0789,-8.0512,1.2443,1.0,1.0,0.000194,0.139,0.96,0.8564
FR2_to_FR1_seed1,FR2,FR1,1,72,-0.358,0.0448,3.2694,3.1152,-8.0457,1.2583,1.0,1.0,0.000181,0.1149,0.97,0.8683
FR2_to_FR1_seed1,FR2,FR1,1,73,-0.5344,0.0449,3.1671,3.0221,-8.0269,1.2584,1.0,1.0,0.000169,0.1239,0.97,0.8566
FR2_to_FR1_seed1,FR2,FR1,1,74,-0.5962,0.0455,3.1534,2.984,-8.0493,1.2703,1.0,1.0,0.000158,0.1135,0.97,0.8632
FR2_to_FR1_seed1,FR2,FR1,1,75,-0.6966,0.0442,3.1484,2.8803,-8.0322,1.2627,1.0,1.0,0.000146,0.1204,0.97,0.8535
FR2_to_FR1_seed1,FR2,FR1,1,76,-0.6828,0.0441,3.1908,2.8736,-8.0464,1.2552,1.0,1.0,0.000136,0.1129,0.97,0.8619
FR2_to_FR1_seed1,FR2,FR1,1,77,-0.5639,0.0424,3.2632,2.9216,-8.0416,1.2505,1.0,1.0,0.000125,0.117,0.97,0.8688
FR2_to_FR1_seed1,FR2,FR1,1,78,-0.6667,0.0408,3.2252,2.8754,-8.0509,1.2428,1.0,1.0,0.000115,0.1248,0.97,0.8728
FR2_to_FR1_seed1,FR2,FR1,1,79,-0.6203,0.0395,3.2136,2.9281,-8.0616,1.2602,1.0,1.0,0.000105,0.1341,0.97,0.8413
FR2_to_FR1_seed1,FR2,FR1,1,80,-0.4706,0.0393,3.221,3.0473,-8.0341,1.2559,1.0,1.0,9.55e-05,0.1327,0.97,0.839
FR2_to_FR1_seed1,FR2,FR1,1,81,-0.4599,0.0379,3.2334,3.0927,-8.073,1.2491,1.0,1.0,8.65e-05,0.1308,0.96,0.8558
FR2_to_FR1_seed1,FR2,FR1,1,82,-0.4316,0.0378,3.2918,3.0585,-8.0669,1.2472,1.0,1.0,7.78e-05,0.1211,0.97,0.858
FR2_to_FR1_seed1,FR2,FR1,1,83,-0.3548,0.0394,3.3473,3.0551,-8.0375,1.2409,1.0,1.0,6.96e-05,0.1187,0.97,0.8621
FR2_to_FR1_seed1,FR2,FR1,1,84,-0.5337,0.0366,3.2926,2.9466,-8.035,1.2255,1.0,1.0,6.18e-05,0.1264,0.97,0.8681
FR2_to_FR1_seed1,FR2,FR1,1,85,-0.3068,0.0362,3.3995,3.0926,-8.0812,1.2461,1.0,1.0,5.45e-05,0.1226,0.97,0.8565
FR2_to_FR1_seed1,FR2,FR1,1,86,-0.2451,0.0359,3.4392,3.08,-8.0529,1.2528,1.0,1.0,4.76e-05,0.142,0.96,0.8429
FR2_to_FR1_seed1,FR2,FR1,1,87,-0.004,0.0358,3.4486,3.2746,-8.021,1.258,1.0,1.0,4.11e-05,0.1166,0.97,0.8615
FR2_to_FR1_seed1,FR2,FR1,1,88,0.0203,0.0347,3.4333,3.3674,-8.0598,1.2446,1.0,1.0,3.51e-05,0.1237,0.97,0.855
FR2_to_FR1_seed1,FR2,FR1,1,89,-0.0809,0.0344,3.3896,3.3054,-8.0546,1.2443,1.0,1.0,2.96e-05,0.1293,0.97,0.8626
FR2_to_FR1_seed1,FR2,FR1,1,90,-0.1646,0.034,3.3661,3.2407,-8.0349,1.2295,1.0,1.0,2.45e-05,0.124,0.97,0.86
FR2_to_FR1_seed1,FR2,FR1,1,91,-0.2851,0.0329,3.3394,3.1893,-8.0629,1.2163,1.0,1.0,1.99e-05,0.1207,0.97,0.8647
FR2_to_FR1_seed1,FR2,FR1,1,92,-0.2649,0.0321,3.3247,3.1804,-8.0321,1.2299,1.0,1.0,1.57e-05,0.1192,0.97,0.8573
FR2_to_FR1_seed1,FR2,FR1,1,93,-0.2841,0.0319,3.3306,3.166,-8.0295,1.2168,1.0,1.0,1.2e-05,0.1119,0.97,0.8642
FR2_to_FR1_seed1,FR2,FR1,1,94,-0.2342,0.0321,3.3499,3.2225,-8.0598,1.2211,1.0,1.0,8.86e-06,0.1281,0.97,0.8627
FR2_to_FR1_seed1,FR2,FR1,1,95,-0.0737,0.0316,3.386,3.3224,-8.0466,1.233,1.0,1.0,6.16e-06,0.1248,0.97,0.8574
FR2_to_FR1_seed1,FR2,FR1,1,96,-0.1182,0.0322,3.3787,3.3067,-8.0636,1.2277,1.0,1.0,3.94e-06,0.1247,0.97,0.861
FR2_to_FR1_seed1,FR2,FR1,1,97,-0.1103,0.032,3.3903,3.277,-8.0372,1.2276,1.0,1.0,2.22e-06,0.128,0.97,0.8618
FR2_to_FR1_seed1,FR2,FR1,1,98,-0.1471,0.0324,3.3879,3.2658,-8.058,1.2249,1.0,1.0,9.87e-07,0.1208,0.97,0.8629
FR2_to_FR1_seed1,FR2,FR1,1,99,-0.1027,0.0324,3.3775,3.2715,-8.0067,1.2226,1.0,1.0,2.47e-07,0.122,0.97,0.8664
FR2_to_FR1_seed1,FR2,FR1,1,100,-0.1545,0.0319,3.3753,3.2671,-8.0514,1.2225,1.0,1.0,0.0,0.1264,0.97,0.854
FR2_to_FR1_seed2,FR2,FR1,2,1,4.3745,0.3469,4.3028,4.1932,-5.4955,1.0271,0.998,1.0,0.001,0.307,0.88,0.4991
FR2_to_FR1_seed2,FR2,FR1,2,2,0.6147,0.1757,3.8123,3.4329,-7.9162,1.1101,1.0,1.0,0.000999,0.291,0.91,0.5237
FR2_to_FR1_seed2,FR2,FR1,2,3,0.0053,0.1526,3.3526,3.4402,-8.0032,1.0631,1.0,1.0,0.000998,0.1966,0.94,0.6464
FR2_to_FR1_seed2,FR2,FR1,2,4,-0.1548,0.1383,3.1992,3.3811,-7.9758,1.1024,1.0,1.0,0.000996,0.2615,0.93,0.6608
FR2_to_FR1_seed2,FR2,FR1,2,5,0.184,0.1367,3.3774,3.5296,-8.0316,1.172,1.0,1.0,0.000994,0.2044,0.94,0.6482
FR2_to_FR1_seed2,FR2,FR1,2,6,0.7899,0.1378,3.5719,3.8502,-7.9968,1.2268,1.0,1.0,0.000991,0.4476,0.88,0.4975
FR2_to_FR1_seed2,FR2,FR1,2,7,0.4599,0.1281,3.3052,3.7662,-8.0329,1.2933,1.0,1.0,0.000988,0.1799,0.95,0.7022
FR2_to_FR1_seed2,FR2,FR1,2,8,0.7761,0.1302,3.3708,4.0352,-8.0344,1.2743,1.0,1.0,0.000984,0.1901,0.95,0.6547
FR2_to_FR1_seed2,FR2,FR1,2,9,0.6566,0.1234,3.3526,3.9071,-8.0435,1.317,1.0,1.0,0.00098,0.1632,0.95,0.7379
FR2_to_FR1_seed2,FR2,FR1,2,10,0.0325,0.116,3.0203,3.6468,-8.0482,1.2976,1.0,1.0,0.000976,0.2344,0.93,0.6765
FR2_to_FR1_seed2,FR2,FR1,2,11,0.3953,0.1193,3.2126,3.7846,-8.0227,1.3014,1.0,1.0,0.00097,0.2139,0.94,0.6713
FR2_to_FR1_seed2,FR2,FR1,2,12,0.2587,0.1136,3.1915,3.7,-8.0509,1.3045,1.0,1.0,0.000965,0.1513,0.96,0.7984
FR2_to_FR1_seed2,FR2,FR1,2,13,-0.3197,0.1086,3.0115,3.3525,-8.0518,1.2595,1.0,1.0,0.000959,0.179,0.94,0.7259
FR2_to_FR1_seed2,FR2,FR1,2,14,-0.5254,0.106,3.0144,3.1799,-8.0456,1.2199,1.0,1.0,0.000952,0.1658,0.95,0.7428
FR2_to_FR1_seed2,FR2,FR1,2,15,0.3925,0.1195,3.4571,3.5772,-8.0229,1.2614,1.0,1.0,0.000946,0.1955,0.93,0.7531
FR2_to_FR1_seed2,FR2,FR1,2,16,0.22,0.1136,3.2876,3.5973,-8.0467,1.2682,1.0,1.0,0.000938,0.1676,0.95,0.7547
FR2_to_FR1_seed2,FR2,FR1,2,17,-0.2015,0.1048,3.2084,3.2732,-8.0612,1.2733,1.0,1.0,0.00093,0.1985,0.94,0.7678
FR2_to_FR1_seed2,FR2,FR1,2,18,-0.2002,0.1069,3.1867,3.3071,-8.0682,1.2672,1.0,1.0,0.000922,0.1453,0.96,0.7748
FR2_to_FR1_seed2,FR2,FR1,2,19,0.1386,0.103,3.3774,3.4296,-8.0518,1.2804,1.0,1.0,0.000914,0.2476,0.93,0.6988
FR2_to_FR1_seed2,FR2,FR1,2,20,-0.3615,0.0997,3.1392,3.1833,-8.0585,1.2748,1.0,1.0,0.000905,0.144,0.96,0.7708
FR2_to_FR1_seed2,FR2,FR1,2,21,-0.1024,0.1023,3.2365,3.3941,-8.0392,1.2038,1.0,1.0,0.000895,0.1854,0.95,0.7185
FR2_to_FR1_seed2,FR2,FR1,2,22,-0.012,0.1032,3.303,3.3924,-8.0414,1.2308,1.0,1.0,0.000885,0.1876,0.95,0.7348
FR2_to_FR1_seed2,FR2,FR1,2,23,-0.1051,0.0998,3.3341,3.2557,-8.0612,1.2665,1.0,1.0,0.000875,0.2387,0.94,0.7181
FR2_to_FR1_seed2,FR2,FR1,2,24,-0.6322,0.0911,3.074,3.0095,-8.0613,1.2546,1.0,1.0,0.000864,0.1483,0.96,0.8005
FR2_to_FR1_seed2,FR2,FR1,2,25,-0.8257,0.0881,2.8787,3.0133,-8.0576,1.2518,1.0,1.0,0.000854,0.1391,0.96,0.7352
FR2_to_FR1_seed2,FR2,FR1,2,26,-0.4002,0.0954,3.0739,3.2175,-8.0685,1.2816,1.0,1.0,0.000842,0.1582,0.96,0.774
FR2_to_FR1_seed2,FR2,FR1,2,27,-0.6854,0.0908,2.9638,3.0797,-8.058,1.2382,1.0,1.0,0.000831,0.2053,0.94,0.7303
FR2_to_FR1_seed2,FR2,FR1,2,28,-0.4546,0.0947,3.0207,3.1999,-8.0407,1.2708,1.0,1.0,0.000819,0.2615,0.91,0.6989
FR2_to_FR1_seed2,FR2,FR1,2,29,-0.3506,0.091,3.1199,3.2174,-8.0514,1.2725,1.0,1.0,0.000806,0.1588,0.96,0.8099
FR2_to_FR1_seed2,FR2,FR1,2,30,-0.1917,0.0942,3.1681,3.3363,-8.0337,1.2434,1.0,1.0,0.000794,0.2228,0.94,0.718
FR2_to_FR1_seed2,FR2,FR1,2,31,0.0704,0.0969,3.2713,3.5018,-8.0499,1.2502,1.0,1.0,0.000781,0.1285,0.96,0.8058
FR2_to_FR1_seed2,FR2,FR1,2,32,-0.5235,0.0873,2.9938,3.2577,-8.0513,1.1891,1.0,1.0,0.000768,0.2047,0.94,0.7355
FR2_to_FR1_seed2,FR2,FR1,2,33,-0.1648,0.0926,3.1147,3.4213,-8.0627,1.2693,1.0,1.0,0.000755,0.1439,0.96,0.8038
FR2_to_FR1_seed2,FR2,FR1,2,34,-0.9195,0.0843,2.8582,2.9656,-8.034,1.2064,1.0,1.0,0.000741,0.1473,0.96,0.8287
FR2_to_FR1_seed2,FR2,FR1,2,35,-0.8502,0.0805,2.9075,2.9955,-8.0444,1.2107,1.0,1.0,0.000727,0.1773,0.95,0.7596
FR2_to_FR1_seed2,FR2,FR1,2,36,-0.4636,0.0858,3.2028,3.0838,-8.066,1.23,1.0,1.0,0.000713,0.1857,0.94,0.7736
FR2_to_FR1_seed2,FR2,FR1,2,37,-0.6541,0.0821,3.1547,2.9596,-8.053,1.2023,1.0,1.0,0.000699,0.1278,0.97,0.8351
FR2_to_FR1_seed2,FR2,FR1,2,38,-0.8783,0.0804,3.0274,2.8441,-8.0509,1.2207,1.0,1.0,0.000684,0.1283,0.96,0.7859
FR2_to_FR1_seed2,FR2,FR1,2,39,-1.2971,0.0786,2.7343,2.7571,-8.04,1.1729,1.0,1.0,0.000669,0.1706,0.95,0.7618
FR2_to_FR1_seed2,FR2,FR1,2,40,-1.0543,0.0783,2.9473,2.7624,-8.047,1.2048,1.0,1.0,0.000655,0.1477,0.96,0.7804
FR2_to_FR1_seed2,FR2,FR1,2,41,-0.6971,0.0767,3.1697,2.8701,-8.0633,1.2497,1.0,1.0,0.000639,0.1324,0.96,0.8169
FR2_to_FR1_seed2,FR2,FR1,2,42,-0.9985,0.0756,2.9555,2.8238,-8.0782,1.2248,1.0,1.0,0.000624,0.1238,0.96,0.7731
FR2_to_FR1_seed2,FR2,FR1,2,43,-0.8443,0.0746,3.0322,2.8766,-8.0391,1.2114,1.0,1.0,0.000609,0.1533,0.96,0.7776
FR2_to_FR1_seed2,FR2,FR1,2,44,-0.8024,0.0744,3.068,2.8554,-8.0308,1.2306,1.0,1.0,0.000594,0.1509,0.95,0.7865
FR2_to_FR1_seed2,FR2,FR1,2,45,-1.0823,0.0702,3.0258,2.6508,-8.049,1.2199,1.0,1.0,0.000578,0.1234,0.96,0.8266
FR2_to_FR1_seed2,FR2,FR1,2,46,-1.0318,0.0732,3.1169,2.5975,-8.059,1.2396,1.0,1.0,0.000563,0.1298,0.96,0.8253
FR2_to_FR1_seed2,FR2,FR1,2,47,-1.2834,0.0716,2.9796,2.5016,-8.0491,1.213,1.0,1.0,0.000547,0.1154,0.97,0.8235
FR2_to_FR1_seed2,FR2,FR1,2,48,-1.129,0.0689,2.93,2.6906,-8.0702,1.2517,1.0,1.0,0.000531,0.1478,0.96,0.8132
FR2_to_FR1_seed2,FR2,FR1,2,49,-1.0204,0.0646,3.0319,2.6945,-8.0721,1.2607,1.0,1.0,0.000516,0.1659,0.95,0.7759
FR2_to_FR1_seed2,FR2,FR1,2,50,-1.1189,0.0617,2.9741,2.6053,-8.0372,1.2772,1.0,1.0,0.0005,0.1364,0.96,0.8003
FR2_to_FR1_seed2,FR2,FR1,2,51,-1.2487,0.0643,2.9507,2.5692,-8.0678,1.2349,1.0,1.0,0.000484,0.157,0.95,0.8221
FR2_to_FR1_seed2,FR2,FR1,2,52,-1.2976,0.0635,2.9673,2.4828,-8.0618,1.2507,1.0,1.0,0.000469,0.1238,0.96,0.8299
FR2_to_FR1_seed2,FR2,FR1,2,53,-1.5375,0.0603,2.8531,2.3834,-8.0511,1.2169,1.0,1.0,0.000453,0.1089,0.97,0.8661
FR2_to_FR1_seed2,FR2,FR1,2,54,-1.444,0.0577,2.8217,2.4439,-8.0379,1.2706,1.0,1.0,0.000437,0.1398,0.96,0.8232
FR2_to_FR1_seed2,FR2,FR1,2,55,-1.4721,0.0569,2.8578,2.4054,-8.0518,1.2597,1.0,1.0,0.000422,0.1419,0.96,0.8353
FR2_to_FR1_seed2,FR2,FR1,2,56,-1.632,0.057,2.8343,2.3352,-8.0812,1.2227,1.0,1.0,0.000406,0.1213,0.97,0.8404
FR2_to_FR1_seed2,FR2,FR1,2,57,-1.6547,0.0549,2.7941,2.3437,-8.0711,1.2236,1.0,1.0,0.000391,0.1367,0.96,0.8016
FR2_to_FR1_seed2,FR2,FR1,2,58,-1.8314,0.0539,2.7125,2.2592,-8.0822,1.2253,1.0,1.0,0.000376,0.1658,0.95,0.7755
FR2_to_FR1_seed2,FR2,FR1,2,59,-1.5337,0.058,2.7944,2.4332,-8.0492,1.2299,1.0,1.0,0.000361,0.1454,0.96,0.8404
FR2_to_FR1_seed2,FR2,FR1,2,60,-1.7592,0.0534,2.7586,2.264,-8.0497,1.2145,1.0,1.0,0.000345,0.1041,0.97,0.8562
FR2_to_FR1_seed2,FR2,FR1,2,61,-1.8872,0.0501,2.6956,2.2262,-8.0579,1.1987,1.0,1.0,0.000331,0.1245,0.97,0.8584
FR2_to_FR1_seed2,FR2,FR1,2,62,-1.681,0.0496,2.7352,2.3934,-8.0524,1.1933,1.0,1.0,0.000316,0.139,0.96,0.8363
FR2_to_FR1_seed2,FR2,FR1,2,63,-1.5553,0.0507,2.7579,2.5192,-8.0705,1.1875,1.0,1.0,0.000301,0.1514,0.96,0.8161
FR2_to_FR1_seed2,FR2,FR1,2,64,-1.7005,0.0471,2.7392,2.3931,-8.0427,1.1628,1.0,1.0,0.000287,0.1557,0.96,0.7823
FR2_to_FR1_seed2,FR2,FR1,2,65,-1.4905,0.0485,2.7723,2.5394,-8.0616,1.2109,1.0,1.0,0.000273,0.1496,0.96,0.8312
FR2_to_FR1_seed2,FR2,FR1,2,66,-1.5331,0.0471,2.7389,2.5223,-8.0601,1.2187,1.0,1.0,0.000259,0.1463,0.96,0.8115
FR2_to_FR1_seed2,FR2,FR1,2,67,-1.6042,0.0458,2.7149,2.501,-8.0405,1.1746,1.0,1.0,0.000245,0.154,0.96,0.7922
FR2_to_FR1_seed2,FR2,FR1,2,68,-1.7357,0.0423,2.6698,2.4646,-8.0721,1.1597,1.0,1.0,0.000232,0.1769,0.95,0.8211
FR2_to_FR1_seed2,FR2,FR1,2,69,-1.5978,0.0445,2.677,2.5314,-8.0319,1.1812,1.0,1.0,0.000219,0.1474,0.96,0.8199
FR2_to_FR1_seed2,FR2,FR1,2,70,-1.6114,0.0438,2.7081,2.5055,-8.0455,1.1766,1.0,1.0,0.000206,0.1756,0.95,0.7914
FR2_to_FR1_seed2,FR2,FR1,2,71,-1.5979,0.0435,2.6839,2.5484,-8.0429,1.1692,1.0,1.0,0.000194,0.1607,0.96,0.8235
FR2_to_FR1_seed2,FR2,FR1,2,72,-1.3974,0.0424,2.7824,2.625,-8.0365,1.1894,1.0,1.0,0.000181,0.1626,0.96,0.8041
FR2_to_FR1_seed2,FR2,FR1,2,73,-1.5045,0.0421,2.7126,2.6054,-8.0382,1.1737,1.0,1.0,0.000169,0.1644,0.95,0.8074
FR2_to_FR1_seed2,FR2,FR1,2,74,-1.5946,0.0402,2.7307,2.5283,-8.0469,1.153,1.0,1.0,0.000158,0.1689,0.95,0.8031
FR2_to_FR1_seed2,FR2,FR1,2,75,-1.5126,0.0386,2.7834,2.5548,-8.0473,1.1579,1.0,1.0,0.000146,0.1676,0.96,0.7977
FR2_to_FR1_seed2,FR2,FR1,2,76,-1.5342,0.0388,2.7826,2.5555,-8.0729,1.1619,1.0,1.0,0.000136,0.1635,0.96,0.7959
FR2_to_FR1_seed2,FR2,FR1,2,77,-1.2019,0.0389,2.933,2.6689,-8.0471,1.2044,1.0,1.0,0.000125,0.1706,0.95,0.801
FR2_to_FR1_seed2,FR2,FR1,2,78,-1.0565,0.0388,2.9898,2.7699,-8.0648,1.2098,1.0,1.0,0.000115,0.174,0.95,0.8094
FR2_to_FR1_seed2,FR2,FR1,2,79,-1.1889,0.0385,2.9298,2.6959,-8.0479,1.1949,1.0,1.0,0.000105,0.1516,0.96,0.8197
FR2_to_FR1_seed2,FR2,FR1,2,80,-1.269,0.0363,2.9248,2.6452,-8.0648,1.1894,1.0,1.0,9.55e-05,0.1773,0.95,0.8049
FR2_to_FR1_seed2,FR2,FR1,2,81,-1.1775,0.0349,2.9346,2.6729,-8.028,1.2082,1.0,1.0,8.65e-05,0.1468,0.96,0.8232
FR2_to_FR1_seed2,FR2,FR1,2,82,-1.1769,0.0343,2.9466,2.6965,-8.077,1.2228,1.0,1.0,7.78e-05,0.1543,0.96,0.8254
FR2_to_FR1_seed2,FR2,FR1,2,83,-1.1695,0.0335,2.9555,2.7045,-8.0684,1.2053,1.0,1.0,6.96e-05,0.1748,0.95,0.8059
FR2_to_FR1_seed2,FR2,FR1,2,84,-1.1159,0.0331,2.9803,2.7049,-8.0458,1.2116,1.0,1.0,6.18e-05,0.1508,0.96,0.8216
FR2_to_FR1_seed2,FR2,FR1,2,85,-1.1195,0.0329,2.9642,2.7179,-8.0545,1.22,1.0,1.0,5.45e-05,0.1488,0.96,0.8229
FR2_to_FR1_seed2,FR2,FR1,2,86,-1.2141,0.0321,2.9191,2.6742,-8.0492,1.2097,1.0,1.0,4.76e-05,0.1588,0.96,0.8159
FR2_to_FR1_seed2,FR2,FR1,2,87,-1.1764,0.0317,2.9541,2.6716,-8.0566,1.2228,1.0,1.0,4.11e-05,0.1611,0.96,0.8171
FR2_to_FR1_seed2,FR2,FR1,2,88,-1.228,0.0314,2.9273,2.6653,-8.0419,1.19,1.0,1.0,3.51e-05,0.181,0.95,0.8055
FR2_to_FR1_seed2,FR2,FR1,2,89,-1.2279,0.0305,2.9328,2.6757,-8.0596,1.1927,1.0,1.0,2.96e-05,0.1695,0.95,0.8116
FR2_to_FR1_seed2,FR2,FR1,2,90,-1.1336,0.031,2.9567,2.7401,-8.0584,1.197,1.0,1.0,2.45e-05,0.1631,0.96,0.8194
FR2_to_FR1_seed2,FR2,FR1,2,91,-1.0929,0.0313,2.9906,2.7761,-8.0863,1.1954,1.0,1.0,1.99e-05,0.1883,0.95,0.7971
FR2_to_FR1_seed2,FR2,FR1,2,92,-1.0403,0.0313,2.9946,2.8003,-8.0531,1.1866,1.0,1.0,1.57e-05,0.1882,0.95,0.805
FR2_to_FR1_seed2,FR2,FR1,2,93,-1.0281,0.0305,2.9917,2.7958,-8.0299,1.1838,1.0,1.0,1.2e-05,0.1747,0.95,0.8052
FR2_to_FR1_seed2,FR2,FR1,2,94,-1.0661,0.0305,2.9852,2.7817,-8.0503,1.1868,1.0,1.0,8.86e-06,0.1793,0.95,0.82
FR2_to_FR1_seed2,FR2,FR1,2,95,-1.1228,0.0306,2.9725,2.7598,-8.072,1.1864,1.0,1.0,6.16e-06,0.1786,0.95,0.8116
FR2_to_FR1_seed2,FR2,FR1,2,96,-1.1325,0.0299,2.9698,2.7548,-8.069,1.1821,1.0,1.0,3.94e-06,0.1719,0.96,0.8205
